{"setup": "desktop-desktop", "repeat": 2, "parameters": {"client_neles": 4096, "server_neles": 4096, "bit_len": 53, "epsilon": 1.27, "server_ip": "192.168.0.2", "port": 7777, "threads": 1, "threshold": 0, "nmegabins": 16, "poly_size": 975, "n_fun": 3, "payload_bl": 2, "fun_type": 6, "overlap": 25}, "s_output": {"result": 3152, "hashing_t": 25.4634, "oprf_t": 595.358, "poly_t": 788.108, "poly_trans_t": 0.164083, "aby_online_t": 56.89, "aby_setup_t": 0.89, "aby_total_t": 367.89, "total_t": 3053.7, "nobase_t": 2099.09, "poly_d_rs": [0, 249600], "oprf_d_rs": [332961, 16944], "aby_online_d_rs": [363545, 5563903], "aby_setup_d_rs": [20724014, 15481059], "aby_total_d_rs": [21087559, 21044962], "total_d_rs": [21420520, 21311506]}, "c_output": {"result": 3152, "hashing_t": 9.40747, "oprf_t": 540.739, "poly_t": 106.618, "poly_trans_t": 759.707, "aby_online_t": 57.037, "aby_setup_t": 0.037, "aby_total_t": 367.923, "total_t": 3054.02, "nobase_t": 2132.97, "poly_d_rs": [249600, 0], "oprf_d_rs": [16944, 332961], "aby_online_d_rs": [5563903, 363545], "aby_setup_d_rs": [15481059, 20724014], "aby_total_d_rs": [21044962, 21087559], "total_d_rs": [21311506, 21420520]}, "batch": "PsiTypesDD_1"}