{"setup": "desktop-desktop", "repeat": 4, "parameters": {"client_neles": 4096, "server_neles": 4096, "bit_len": 53, "epsilon": 1.27, "server_ip": "192.168.0.2", "port": 7777, "threads": 1, "threshold": 0, "nmegabins": 16, "poly_size": 975, "n_fun": 3, "payload_bl": 2, "fun_type": 1, "overlap": 25}, "s_output": {"result": 1, "hashing_t": 17.7662, "oprf_t": 546.813, "poly_t": 399.978, "poly_trans_t": 0.068246, "aby_online_t": 8.467, "aby_setup_t": 0.467, "aby_total_t": 138.288, "total_t": 1534.92, "nobase_t": 696.837, "poly_d_rs": [0, 124800], "oprf_d_rs": [332961, 16944], "aby_online_d_rs": [119219, 119219], "aby_setup_d_rs": [5081181, 5081181], "aby_total_d_rs": [5200400, 5200400], "total_d_rs": [5533361, 5342144]}, "c_output": {"result": 1, "hashing_t": 8.96368, "oprf_t": 535.38, "poly_t": 47.4523, "poly_trans_t": 347.201, "aby_online_t": 8.605, "aby_setup_t": 0.605, "aby_total_t": 138.028, "total_t": 1535.12, "nobase_t": 668.021, "poly_d_rs": [124800, 0], "oprf_d_rs": [16944, 332961], "aby_online_d_rs": [119219, 119219], "aby_setup_d_rs": [5081181, 5081181], "aby_total_d_rs": [5200400, 5200400], "total_d_rs": [5342144, 5533361]}, "batch": "PsiTypesDD_1"}