{"setup": "desktop-desktop", "repeat": 2, "parameters": {"client_neles": 4096, "server_neles": 4096, "bit_len": 53, "epsilon": 1.27, "server_ip": "192.168.0.2", "port": 7777, "threads": 1, "threshold": 0, "nmegabins": 16, "poly_size": 975, "n_fun": 3, "payload_bl": 2, "fun_type": 4, "overlap": 25}, "s_output": {"result": 1621, "hashing_t": 11.2651, "oprf_t": 549.776, "poly_t": 390.645, "poly_trans_t": 0.069318, "aby_online_t": 5.594, "aby_setup_t": 0.594, "aby_total_t": 115.3, "total_t": 1471.22, "nobase_t": 655.771, "poly_d_rs": [0, 124800], "oprf_d_rs": [332961, 16944], "aby_online_d_rs": [122988, 286819], "aby_setup_d_rs": [5329023, 5161062], "aby_total_d_rs": [5452011, 5447881], "total_d_rs": [5784972, 5589625]}, "c_output": {"result": 1621, "hashing_t": 4.72109, "oprf_t": 536.054, "poly_t": 50.1887, "poly_trans_t": 348.435, "aby_online_t": 5.413, "aby_setup_t": 0.413, "aby_total_t": 115.539, "total_t": 1471.33, "nobase_t": 625.982, "poly_d_rs": [124800, 0], "oprf_d_rs": [16944, 332961], "aby_online_d_rs": [286819, 122988], "aby_setup_d_rs": [5161062, 5329023], "aby_total_d_rs": [5447881, 5452011], "total_d_rs": [5589625, 5784972]}, "batch": "PsiTypesDD_1"}