{"setup": "desktop-desktop", "repeat": 2, "parameters": {"client_neles": 4096, "server_neles": 4096, "bit_len": 53, "epsilon": 1.27, "server_ip": "192.168.0.2", "port": 7777, "threads": 1, "threshold": 0, "nmegabins": 16, "poly_size": 975, "n_fun": 3, "payload_bl": 2, "fun_type": 8, "overlap": 25}, "s_output": {"result": 2390, "hashing_t": 20.4656, "oprf_t": 567.153, "poly_t": 762.478, "poly_trans_t": 0.144706, "aby_online_t": 113.446, "aby_setup_t": 0.446, "aby_total_t": 2466.13, "total_t": 4862.59, "nobase_t": 4076.85, "poly_d_rs": [0, 249600], "oprf_d_rs": [332961, 16944], "aby_online_d_rs": [3366781, 6007589], "aby_setup_d_rs": [211628561, 208964063], "aby_total_d_rs": [214995342, 214971652], "total_d_rs": [215328303, 215238196]}, "c_output": {"result": 2390, "hashing_t": 8.22441, "oprf_t": 522.228, "poly_t": 97.0899, "poly_trans_t": 729.259, "aby_online_t": 113.221, "aby_setup_t": 0.221, "aby_total_t": 2466.1, "total_t": 4862.69, "nobase_t": 4108.35, "poly_d_rs": [249600, 0], "oprf_d_rs": [16944, 332961], "aby_online_d_rs": [6007589, 3366781], "aby_setup_d_rs": [208964063, 211628561], "aby_total_d_rs": [214971652, 214995342], "total_d_rs": [215238196, 215328303]}, "batch": "PsiTypesDD_1"}