{"setup": "desktop-desktop", "repeat": 1, "parameters": {"client_neles": 4096, "server_neles": 4096, "bit_len": 53, "epsilon": 1.27, "server_ip": "192.168.0.2", "port": 7777, "threads": 1, "threshold": 0, "nmegabins": 16, "poly_size": 975, "n_fun": 3, "payload_bl": 2, "fun_type": 0, "overlap": 25}, "s_output": {"result": 0, "hashing_t": 12.5519, "oprf_t": 562.665, "poly_t": 373.84, "poly_trans_t": 0.079737, "aby_online_t": 2.394, "aby_setup_t": 0.394, "aby_total_t": 90.542, "total_t": 1529.23, "nobase_t": 608.756, "poly_d_rs": [0, 124800], "oprf_d_rs": [332961, 16944], "aby_online_d_rs": [117750, 117750], "aby_setup_d_rs": [4995165, 4995165], "aby_total_d_rs": [5112915, 5112915], "total_d_rs": [5445876, 5254659]}, "c_output": {"result": 0, "hashing_t": 5.56735, "oprf_t": 550.251, "poly_t": 48.6078, "poly_trans_t": 331.066, "aby_online_t": 2.566, "aby_setup_t": 0.566, "aby_total_t": 90.493, "total_t": 1529.38, "nobase_t": 582.459, "poly_d_rs": [124800, 0], "oprf_d_rs": [16944, 332961], "aby_online_d_rs": [117750, 117750], "aby_setup_d_rs": [4995165, 4995165], "aby_total_d_rs": [5112915, 5112915], "total_d_rs": [5254659, 5445876]}, "batch": "PsiTypesDD_1"}