{"setup": "desktop-desktop", "repeat": 1, "parameters": {"client_neles": 4096, "server_neles": 4096, "bit_len": 53, "epsilon": 1.27, "server_ip": "192.168.0.2", "port": 7777, "threads": 1, "threshold": 0, "nmegabins": 16, "poly_size": 975, "n_fun": 3, "payload_bl": 2, "fun_type": 6, "overlap": 25}, "s_output": {"result": 3152, "hashing_t": 21.2642, "oprf_t": 563.646, "poly_t": 816.485, "poly_trans_t": 0.140913, "aby_online_t": 52.505, "aby_setup_t": 0.505, "aby_total_t": 316.425, "total_t": 2682.58, "nobase_t": 1872.66, "poly_d_rs": [0, 249600], "oprf_d_rs": [332961, 16944], "aby_online_d_rs": [363545, 5563903], "aby_setup_d_rs": [20724014, 15481059], "aby_total_d_rs": [21087559, 21044962], "total_d_rs": [21420520, 21311506]}, "c_output": {"result": 3152, "hashing_t": 9.26691, "oprf_t": 520.599, "poly_t": 95.4222, "poly_trans_t": 782.715, "aby_online_t": 52.751, "aby_setup_t": 0.751, "aby_total_t": 316.176, "total_t": 2682.97, "nobase_t": 1901.39, "poly_d_rs": [249600, 0], "oprf_d_rs": [16944, 332961], "aby_online_d_rs": [5563903, 363545], "aby_setup_d_rs": [15481059, 20724014], "aby_total_d_rs": [21044962, 21087559], "total_d_rs": [21311506, 21420520]}, "batch": "PsiTypesDD_1"}