{"setup": "desktop-desktop", "repeat": 2, "parameters": {"client_neles": 4096, "server_neles": 4096, "bit_len": 53, "epsilon": 1.27, "server_ip": "192.168.0.2", "port": 7777, "threads": 1, "threshold": 0, "nmegabins": 16, "poly_size": 975, "n_fun": 3, "payload_bl": 2, "fun_type": 5, "overlap": 25}, "s_output": {"result": 1621, "hashing_t": 9.91399, "oprf_t": 543.089, "poly_t": 379.195, "poly_trans_t": 0.079212, "aby_online_t": 6.399, "aby_setup_t": 0.399, "aby_total_t": 118.507, "total_t": 1422.08, "nobase_t": 644.902, "poly_d_rs": [0, 124800], "oprf_d_rs": [332961, 16944], "aby_online_d_rs": [123005, 289883], "aby_setup_d_rs": [5331105, 5167209], "aby_total_d_rs": [5454110, 5457092], "total_d_rs": [5787071, 5598836]}, "c_output": {"result": 1621, "hashing_t": 3.84941, "oprf_t": 528.838, "poly_t": 48.7165, "poly_trans_t": 337.09, "aby_online_t": 6.389, "aby_setup_t": 0.389, "aby_total_t": 118.359, "total_t": 1422.22, "nobase_t": 612.938, "poly_d_rs": [124800, 0], "oprf_d_rs": [16944, 332961], "aby_online_d_rs": [289892, 123005], "aby_setup_d_rs": [5167209, 5331105], "aby_total_d_rs": [5457101, 5454110], "total_d_rs": [5598845, 5787071]}, "batch": "PsiTypesDD_1"}