{"setup": "desktop-desktop", "repeat": 0, "parameters": {"client_neles": 4096, "server_neles": 4096, "bit_len": 53, "epsilon": 1.27, "server_ip": "192.168.0.2", "port": 7777, "threads": 1, "threshold": 0, "nmegabins": 16, "poly_size": 975, "n_fun": 3, "payload_bl": 2, "fun_type": 0, "overlap": 25}, "s_output": {"result": 0, "hashing_t": 6.10142, "oprf_t": 464.448, "poly_t": 448.541, "poly_trans_t": 0.080552, "aby_online_t": 2.394, "aby_setup_t": 0.394, "aby_total_t": 113.838, "total_t": 1429.88, "nobase_t": 695.893, "poly_d_rs": [0, 124800], "oprf_d_rs": [332961, 16944], "aby_online_d_rs": [117750, 117750], "aby_setup_d_rs": [4995165, 4995165], "aby_total_d_rs": [5112915, 5112915], "total_d_rs": [5445876, 5254659]}, "c_output": {"result": 0, "hashing_t": 2.89454, "oprf_t": 447.273, "poly_t": 49.4445, "poly_trans_t": 395.554, "aby_online_t": 2.439, "aby_setup_t": 0.439, "aby_total_t": 113.911, "total_t": 1429.95, "nobase_t": 671.697, "poly_d_rs": [124800, 0], "oprf_d_rs": [16944, 332961], "aby_online_d_rs": [117750, 117742], "aby_setup_d_rs": [4995165, 4995165], "aby_total_d_rs": [5112915, 5112907], "total_d_rs": [5254659, 5445868]}, "batch": "PsiTypesDD_1"}