{"setup": "desktop-desktop", "repeat": 3, "parameters": {"client_neles": 4096, "server_neles": 4096, "bit_len": 53, "epsilon": 1.27, "server_ip": "192.168.0.2", "port": 7777, "threads": 1, "threshold": 0, "nmegabins": 16, "poly_size": 975, "n_fun": 3, "payload_bl": 2, "fun_type": 4, "overlap": 25}, "s_output": {"result": 1621, "hashing_t": 16.4943, "oprf_t": 541.923, "poly_t": 455.814, "poly_trans_t": 0.080458, "aby_online_t": 6.276, "aby_setup_t": 0.276, "aby_total_t": 118.908, "total_t": 1490.45, "nobase_t": 733.357, "poly_d_rs": [0, 124800], "oprf_d_rs": [332961, 16944], "aby_online_d_rs": [122988, 286819], "aby_setup_d_rs": [5329023, 5161062], "aby_total_d_rs": [5452011, 5447881], "total_d_rs": [5784972, 5589625]}, "c_output": {"result": 1621, "hashing_t": 7.70565, "oprf_t": 530.476, "poly_t": 51.5839, "poly_trans_t": 402.857, "aby_online_t": 6.492, "aby_setup_t": 0.492, "aby_total_t": 118.802, "total_t": 1490.65, "nobase_t": 702.618, "poly_d_rs": [124800, 0], "oprf_d_rs": [16944, 332961], "aby_online_d_rs": [286819, 122988], "aby_setup_d_rs": [5161062, 5329023], "aby_total_d_rs": [5447881, 5452011], "total_d_rs": [5589625, 5784972]}, "batch": "PsiTypesDD_1"}