{"setup": "desktop-desktop", "repeat": 2, "parameters": {"client_neles": 4096, "server_neles": 4096, "bit_len": 53, "epsilon": 1.27, "server_ip": "192.168.0.2", "port": 7777, "threads": 1, "threshold": 0, "nmegabins": 16, "poly_size": 975, "n_fun": 3, "payload_bl": 2, "fun_type": 9, "overlap": 25}, "s_output": {"result": 2390, "hashing_t": 11.5193, "oprf_t": 498.874, "poly_t": 750.821, "poly_trans_t": 0.136497, "aby_online_t": 79.762, "aby_setup_t": 0.762, "aby_total_t": 2503.32, "total_t": 4730.93, "nobase_t": 3986.1, "poly_d_rs": [0, 249600], "oprf_d_rs": [332961, 16944], "aby_online_d_rs": [3366798, 6010662], "aby_setup_d_rs": [211630643, 208970210], "aby_total_d_rs": [214997441, 214980872], "total_d_rs": [215330402, 215247416]}, "c_output": {"result": 2390, "hashing_t": 4.40953, "oprf_t": 454.437, "poly_t": 96.5359, "poly_trans_t": 728.199, "aby_online_t": 79.821, "aby_setup_t": 0.821, "aby_total_t": 2503.51, "total_t": 4731.18, "nobase_t": 4015.37, "poly_d_rs": [249600, 0], "oprf_d_rs": [16944, 332961], "aby_online_d_rs": [6010662, 3366798], "aby_setup_d_rs": [208970210, 211630643], "aby_total_d_rs": [214980872, 214997441], "total_d_rs": [215247416, 215330402]}, "batch": "PsiTypesDD_1"}