{"setup": "desktop-desktop", "repeat": 0, "parameters": {"client_neles": 4096, "server_neles": 4096, "bit_len": 53, "epsilon": 1.27, "server_ip": "192.168.0.2", "port": 7777, "threads": 1, "threshold": 0, "nmegabins": 16, "poly_size": 975, "n_fun": 3, "payload_bl": 2, "fun_type": 1, "overlap": 25}, "s_output": {"result": 1, "hashing_t": 9.25539, "oprf_t": 608.917, "poly_t": 379.909, "poly_trans_t": 0.109466, "aby_online_t": 8.9, "aby_setup_t": 0.9, "aby_total_t": 112.153, "total_t": 1481.54, "nobase_t": 647.764, "poly_d_rs": [0, 124800], "oprf_d_rs": [332961, 16944], "aby_online_d_rs": [119219, 119219], "aby_setup_d_rs": [5081181, 5081181], "aby_total_d_rs": [5200400, 5200400], "total_d_rs": [5533361, 5342144]}, "c_output": {"result": 1, "hashing_t": 4.58037, "oprf_t": 593.484, "poly_t": 48.3838, "poly_trans_t": 337.386, "aby_online_t": 9.074, "aby_setup_t": 0.074, "aby_total_t": 111.645, "total_t": 1481.68, "nobase_t": 618.388, "poly_d_rs": [124800, 0], "oprf_d_rs": [16944, 332961], "aby_online_d_rs": [119219, 119219], "aby_setup_d_rs": [5081181, 5081181], "aby_total_d_rs": [5200400, 5200400], "total_d_rs": [5342144, 5533361]}, "batch": "PsiTypesDD_1"}