{"setup": "desktop-desktop", "repeat": 0, "parameters": {"client_neles": 4096, "server_neles": 4096, "bit_len": 53, "epsilon": 1.27, "server_ip": "192.168.0.2", "port": 7777, "threads": 1, "threshold": 0, "nmegabins": 16, "poly_size": 975, "n_fun": 3, "payload_bl": 2, "fun_type": 2, "overlap": 25}, "s_output": {"result": 1024, "hashing_t": 11.5031, "oprf_t": 538.883, "poly_t": 437.047, "poly_trans_t": 0.072898, "aby_online_t": 8.341, "aby_setup_t": 0.341, "aby_total_t": 89.807, "total_t": 1411.69, "nobase_t": 677.714, "poly_d_rs": [0, 124800], "oprf_d_rs": [332961, 16944], "aby_online_d_rs": [119192, 119184], "aby_setup_d_rs": [5079133, 5079133], "aby_total_d_rs": [5198325, 5198317], "total_d_rs": [5531286, 5340061]}, "c_output": {"result": 1024, "hashing_t": 5.67612, "oprf_t": 524.616, "poly_t": 47.4093, "poly_trans_t": 384.008, "aby_online_t": 8.024, "aby_setup_t": 0.024, "aby_total_t": 89.694, "total_t": 1411.82, "nobase_t": 650.472, "poly_d_rs": [124800, 0], "oprf_d_rs": [16944, 332961], "aby_online_d_rs": [119192, 119192], "aby_setup_d_rs": [5079133, 5079133], "aby_total_d_rs": [5198325, 5198325], "total_d_rs": [5340069, 5531286]}, "batch": "PsiTypesDD_1"}