{"setup": "desktop-desktop", "repeat": 4, "parameters": {"client_neles": 4096, "server_neles": 4096, "bit_len": 53, "epsilon": 1.27, "server_ip": "192.168.0.2", "port": 7777, "threads": 1, "threshold": 0, "nmegabins": 16, "poly_size": 975, "n_fun": 3, "payload_bl": 2, "fun_type": 4, "overlap": 25}, "s_output": {"result": 1621, "hashing_t": 9.81856, "oprf_t": 524.384, "poly_t": 390.582, "poly_trans_t": 0.079707, "aby_online_t": 5.237, "aby_setup_t": 0.237, "aby_total_t": 106.765, "total_t": 1437.33, "nobase_t": 657.697, "poly_d_rs": [0, 124800], "oprf_d_rs": [332961, 16944], "aby_online_d_rs": [122988, 286819], "aby_setup_d_rs": [5329023, 5161062], "aby_total_d_rs": [5452011, 5447881], "total_d_rs": [5784972, 5589625]}, "c_output": {"result": 1621, "hashing_t": 5.86945, "oprf_t": 507.389, "poly_t": 49.4636, "poly_trans_t": 338.568, "aby_online_t": 5.363, "aby_setup_t": 0.363, "aby_total_t": 106.421, "total_t": 1437.42, "nobase_t": 616.139, "poly_d_rs": [124800, 0], "oprf_d_rs": [16944, 332961], "aby_online_d_rs": [286819, 122988], "aby_setup_d_rs": [5161062, 5329023], "aby_total_d_rs": [5447881, 5452011], "total_d_rs": [5589625, 5784972]}, "batch": "PsiTypesDD_1"}