{"setup": "desktop-desktop", "repeat": 1, "parameters": {"client_neles": 4096, "server_neles": 4096, "bit_len": 53, "epsilon": 1.27, "server_ip": "192.168.0.2", "port": 7777, "threads": 1, "threshold": 0, "nmegabins": 16, "poly_size": 975, "n_fun": 3, "payload_bl": 2, "fun_type": 1, "overlap": 25}, "s_output": {"result": 1, "hashing_t": 9.75738, "oprf_t": 551.417, "poly_t": 448.058, "poly_trans_t": 0.083961, "aby_online_t": 8.728, "aby_setup_t": 0.728, "aby_total_t": 110.921, "total_t": 1614.59, "nobase_t": 709.532, "poly_d_rs": [0, 124800], "oprf_d_rs": [332961, 16944], "aby_online_d_rs": [119219, 119219], "aby_setup_d_rs": [5081181, 5081181], "aby_total_d_rs": [5200400, 5200400], "total_d_rs": [5533361, 5342144]}, "c_output": {"result": 1, "hashing_t": 4.40069, "oprf_t": 536.538, "poly_t": 49.4673, "poly_trans_t": 395.067, "aby_online_t": 8.53, "aby_setup_t": 0.53, "aby_total_t": 110.757, "total_t": 1614.69, "nobase_t": 682.078, "poly_d_rs": [124800, 0], "oprf_d_rs": [16944, 332961], "aby_online_d_rs": [119219, 119219], "aby_setup_d_rs": [5081181, 5081181], "aby_total_d_rs": [5200400, 5200400], "total_d_rs": [5342144, 5533361]}, "batch": "PsiTypesDD_1"}