{"setup": "desktop-app", "repeat": 4, "parameters": {"client_neles": 4096, "server_neles": 4096, "bit_len": 53, "epsilon": 1.27, "server_ip": "192.168.0.2", "port": 7777, "threads": 1, "threshold": 0, "nmegabins": 16, "poly_size": 975, "n_fun": 3, "payload_bl": 2, "fun_type": 8, "overlap": 25}, "s_output": {"result": 2369, "hashing_t": 8.44656, "oprf_t": 897.253, "poly_t": 556.27, "poly_trans_t": 4.52285, "aby_online_t": 620.242, "aby_setup_t": 0.242, "aby_total_t": 6183.75, "total_t": 9681.37, "nobase_t": 8789.07, "poly_d_rs": [0, 249600], "oprf_d_rs": [332961, 16944], "aby_online_d_rs": [3366781, 6007589], "aby_setup_d_rs": [211628561, 208964063], "aby_total_d_rs": [214995342, 214971652], "total_d_rs": [215328303, 215238196]}, "c_output": {"result": 2369, "hashing_t": 19.955, "oprf_t": 807.761, "poly_t": 150.371, "poly_trans_t": 575.397, "aby_online_t": 613.777, "aby_setup_t": 0.777, "aby_total_t": 6189.04, "total_t": 9681.43, "nobase_t": 8444.13, "poly_d_rs": [249600, 0], "oprf_d_rs": [16944, 332961], "aby_online_d_rs": [6007580, 3366781], "aby_setup_d_rs": [208964072, 211628561], "aby_total_d_rs": [214971652, 214995342], "total_d_rs": [215238196, 215328303]}, "batch": "PsiTypesDA_1"}