{"setup": "desktop-app", "repeat": 1, "parameters": {"client_neles": 4096, "server_neles": 4096, "bit_len": 53, "epsilon": 1.27, "server_ip": "192.168.0.2", "port": 7777, "threads": 1, "threshold": 0, "nmegabins": 16, "poly_size": 975, "n_fun": 3, "payload_bl": 2, "fun_type": 1, "overlap": 25}, "s_output": {"result": 1, "hashing_t": 7.76089, "oprf_t": 760.734, "poly_t": 279.817, "poly_trans_t": 5.32849, "aby_online_t": 58.909, "aby_setup_t": 0.909, "aby_total_t": 295.773, "total_t": 2036.78, "nobase_t": 1219.57, "poly_d_rs": [0, 124800], "oprf_d_rs": [332961, 16944], "aby_online_d_rs": [119219, 119219], "aby_setup_d_rs": [5081181, 5081181], "aby_total_d_rs": [5200400, 5200400], "total_d_rs": [5533361, 5342144]}, "c_output": {"result": 1, "hashing_t": 7.597, "oprf_t": 703.345, "poly_t": 66.483, "poly_trans_t": 262.941, "aby_online_t": 62.369, "aby_setup_t": 0.369, "aby_total_t": 293.423, "total_t": 2037.21, "nobase_t": 845.128, "poly_d_rs": [124800, 0], "oprf_d_rs": [16944, 332961], "aby_online_d_rs": [119219, 119219], "aby_setup_d_rs": [5081181, 5081181], "aby_total_d_rs": [5200400, 5200400], "total_d_rs": [5342144, 5533361]}, "batch": "PsiTypesDA_1"}