{"setup": "desktop-app", "repeat": 4, "parameters": {"client_neles": 4096, "server_neles": 4096, "bit_len": 53, "epsilon": 1.27, "server_ip": "192.168.0.2", "port": 7777, "threads": 1, "threshold": 0, "nmegabins": 16, "poly_size": 975, "n_fun": 3, "payload_bl": 2, "fun_type": 1, "overlap": 25}, "s_output": {"result": 1, "hashing_t": 3.91906, "oprf_t": 804.214, "poly_t": 276.746, "poly_trans_t": 5.52283, "aby_online_t": 62.214, "aby_setup_t": 0.214, "aby_total_t": 281.106, "total_t": 2038.15, "nobase_t": 1191.54, "poly_d_rs": [0, 124800], "oprf_d_rs": [332961, 16944], "aby_online_d_rs": [119219, 119219], "aby_setup_d_rs": [5081181, 5081181], "aby_total_d_rs": [5200400, 5200400], "total_d_rs": [5533361, 5342144]}, "c_output": {"result": 1, "hashing_t": 7.875, "oprf_t": 766.757, "poly_t": 62.659, "poly_trans_t": 249.453, "aby_online_t": 64.389, "aby_setup_t": 0.389, "aby_total_t": 279.099, "total_t": 2038.97, "nobase_t": 803.322, "poly_d_rs": [124800, 0], "oprf_d_rs": [16944, 332961], "aby_online_d_rs": [119219, 119219], "aby_setup_d_rs": [5081181, 5081181], "aby_total_d_rs": [5200400, 5200400], "total_d_rs": [5342144, 5533361]}, "batch": "PsiTypesDA_1"}