{"setup": "desktop-app", "repeat": 4, "parameters": {"client_neles": 4096, "server_neles": 4096, "bit_len": 53, "epsilon": 1.27, "server_ip": "192.168.0.2", "port": 7777, "threads": 1, "threshold": 0, "nmegabins": 16, "poly_size": 975, "n_fun": 3, "payload_bl": 2, "fun_type": 5, "overlap": 25}, "s_output": {"result": 1563, "hashing_t": 8.60673, "oprf_t": 801.232, "poly_t": 266.976, "poly_trans_t": 6.03437, "aby_online_t": 45.164, "aby_setup_t": 0.164, "aby_total_t": 353.731, "total_t": 2093.85, "nobase_t": 1290.9, "poly_d_rs": [0, 124800], "oprf_d_rs": [332961, 16944], "aby_online_d_rs": [123005, 289883], "aby_setup_d_rs": [5331105, 5167209], "aby_total_d_rs": [5454110, 5457092], "total_d_rs": [5787071, 5598836]}, "c_output": {"result": 1563, "hashing_t": 12.507, "oprf_t": 745.158, "poly_t": 67.734, "poly_trans_t": 253.721, "aby_online_t": 44.094, "aby_setup_t": 0.094, "aby_total_t": 357.476, "total_t": 2095.65, "nobase_t": 890.766, "poly_d_rs": [124800, 0], "oprf_d_rs": [16944, 332961], "aby_online_d_rs": [289892, 123005], "aby_setup_d_rs": [5167209, 5331105], "aby_total_d_rs": [5457101, 5454110], "total_d_rs": [5598845, 5787071]}, "batch": "PsiTypesDA_1"}