{"setup": "desktop-app", "repeat": 1, "parameters": {"client_neles": 4096, "server_neles": 4096, "bit_len": 53, "epsilon": 1.27, "server_ip": "192.168.0.2", "port": 7777, "threads": 1, "threshold": 0, "nmegabins": 16, "poly_size": 975, "n_fun": 3, "payload_bl": 2, "fun_type": 4, "overlap": 25}, "s_output": {"result": 1563, "hashing_t": 8.03877, "oprf_t": 812.903, "poly_t": 268.408, "poly_trans_t": 4.96302, "aby_online_t": 50.47, "aby_setup_t": 0.47, "aby_total_t": 352.513, "total_t": 2099.72, "nobase_t": 1284.66, "poly_d_rs": [0, 124800], "oprf_d_rs": [332961, 16944], "aby_online_d_rs": [122988, 286810], "aby_setup_d_rs": [5329023, 5161062], "aby_total_d_rs": [5452011, 5447872], "total_d_rs": [5784972, 5589616]}, "c_output": {"result": 1563, "hashing_t": 3.517, "oprf_t": 758.77, "poly_t": 63.181, "poly_trans_t": 249.464, "aby_online_t": 52.414, "aby_setup_t": 0.414, "aby_total_t": 354.468, "total_t": 2101.12, "nobase_t": 874.482, "poly_d_rs": [124800, 0], "oprf_d_rs": [16944, 332961], "aby_online_d_rs": [286819, 122988], "aby_setup_d_rs": [5161062, 5329023], "aby_total_d_rs": [5447881, 5452011], "total_d_rs": [5589625, 5784972]}, "batch": "PsiTypesDA_1"}