{"setup": "desktop-app", "repeat": 0, "parameters": {"client_neles": 4096, "server_neles": 4096, "bit_len": 53, "epsilon": 1.27, "server_ip": "192.168.0.2", "port": 7777, "threads": 1, "threshold": 0, "nmegabins": 16, "poly_size": 975, "n_fun": 3, "payload_bl": 2, "fun_type": 1, "overlap": 25}, "s_output": {"result": 1, "hashing_t": 6.34357, "oprf_t": 744.223, "poly_t": 286.524, "poly_trans_t": 4.95934, "aby_online_t": 52.888, "aby_setup_t": 0.888, "aby_total_t": 302.224, "total_t": 2022.99, "nobase_t": 1222.02, "poly_d_rs": [0, 124800], "oprf_d_rs": [332961, 16944], "aby_online_d_rs": [79552, 119210], "aby_setup_d_rs": [5120848, 5081181], "aby_total_d_rs": [5200400, 5200391], "total_d_rs": [5533361, 5342135]}, "c_output": {"result": 1, "hashing_t": 3.488, "oprf_t": 687.117, "poly_t": 77.63, "poly_trans_t": 265.613, "aby_online_t": 56.262, "aby_setup_t": 0.262, "aby_total_t": 296.183, "total_t": 2022.69, "nobase_t": 856.393, "poly_d_rs": [124800, 0], "oprf_d_rs": [16944, 332961], "aby_online_d_rs": [119219, 119219], "aby_setup_d_rs": [5081181, 5081181], "aby_total_d_rs": [5200400, 5200400], "total_d_rs": [5342144, 5533361]}, "batch": "PsiTypesDA_1"}