{"setup": "desktop-app", "repeat": 0, "parameters": {"client_neles": 4096, "server_neles": 4096, "bit_len": 53, "epsilon": 1.27, "server_ip": "192.168.0.2", "port": 7777, "threads": 1, "threshold": 0, "nmegabins": 16, "poly_size": 975, "n_fun": 3, "payload_bl": 2, "fun_type": 0, "overlap": 25}, "s_output": {"result": 0, "hashing_t": 7.18523, "oprf_t": 830.62, "poly_t": 280.606, "poly_trans_t": 6.38768, "aby_online_t": 19.967, "aby_setup_t": 0.967, "aby_total_t": 355.019, "total_t": 2112.11, "nobase_t": 1308.21, "poly_d_rs": [0, 124800], "oprf_d_rs": [332961, 16944], "aby_online_d_rs": [117741, 117750], "aby_setup_d_rs": [4995174, 4995165], "aby_total_d_rs": [5112915, 5112915], "total_d_rs": [5445876, 5254659]}, "c_output": {"result": 0, "hashing_t": 4.004, "oprf_t": 783.097, "poly_t": 63.915, "poly_trans_t": 270.464, "aby_online_t": 21.843, "aby_setup_t": 0.843, "aby_total_t": 354.224, "total_t": 2111.15, "nobase_t": 863.553, "poly_d_rs": [124800, 0], "oprf_d_rs": [16944, 332961], "aby_online_d_rs": [117750, 117750], "aby_setup_d_rs": [4995165, 4995165], "aby_total_d_rs": [5112915, 5112915], "total_d_rs": [5254659, 5445876]}, "batch": "PsiTypesDA_1"}