{"setup": "desktop-app", "repeat": 2, "parameters": {"client_neles": 4096, "server_neles": 4096, "bit_len": 53, "epsilon": 1.27, "server_ip": "192.168.0.2", "port": 7777, "threads": 1, "threshold": 0, "nmegabins": 16, "poly_size": 975, "n_fun": 3, "payload_bl": 2, "fun_type": 6, "overlap": 25}, "s_output": {"result": 3094, "hashing_t": 4.76611, "oprf_t": 903.261, "poly_t": 530.509, "poly_trans_t": 5.81489, "aby_online_t": 351.088, "aby_setup_t": 0.088, "aby_total_t": 726.817, "total_t": 3929.4, "nobase_t": 3041.54, "poly_d_rs": [0, 249600], "oprf_d_rs": [332961, 16944], "aby_online_d_rs": [363536, 5563903], "aby_setup_d_rs": [20724023, 15481059], "aby_total_d_rs": [21087559, 21044962], "total_d_rs": [21420520, 21311506]}, "c_output": {"result": 3094, "hashing_t": 8.812, "oprf_t": 803.885, "poly_t": 135.585, "poly_trans_t": 586.435, "aby_online_t": 354.886, "aby_setup_t": 0.886, "aby_total_t": 723.642, "total_t": 3930.34, "nobase_t": 2697.02, "poly_d_rs": [249600, 0], "oprf_d_rs": [16944, 332961], "aby_online_d_rs": [5563903, 363545], "aby_setup_d_rs": [15481059, 20724014], "aby_total_d_rs": [21044962, 21087559], "total_d_rs": [21311506, 21420520]}, "batch": "PsiTypesDA_1"}