{"setup": "desktop-app", "repeat": 2, "parameters": {"client_neles": 4096, "server_neles": 4096, "bit_len": 53, "epsilon": 1.27, "server_ip": "192.168.0.2", "port": 7777, "threads": 1, "threshold": 0, "nmegabins": 16, "poly_size": 975, "n_fun": 3, "payload_bl": 2, "fun_type": 8, "overlap": 25}, "s_output": {"result": 2369, "hashing_t": 5.19927, "oprf_t": 887.731, "poly_t": 535.298, "poly_trans_t": 3.94256, "aby_online_t": 544.29, "aby_setup_t": 0.29, "aby_total_t": 5399.12, "total_t": 8742.33, "nobase_t": 7880.58, "poly_d_rs": [0, 249600], "oprf_d_rs": [332961, 16944], "aby_online_d_rs": [3366781, 6007589], "aby_setup_d_rs": [211628561, 208964063], "aby_total_d_rs": [214995342, 214971652], "total_d_rs": [215328303, 215238196]}, "c_output": {"result": 2369, "hashing_t": 20.826, "oprf_t": 784.733, "poly_t": 132.364, "poly_trans_t": 579.607, "aby_online_t": 548.002, "aby_setup_t": 0.002, "aby_total_t": 5398.34, "total_t": 8745.41, "nobase_t": 7531.69, "poly_d_rs": [249600, 0], "oprf_d_rs": [16944, 332961], "aby_online_d_rs": [6007589, 3366781], "aby_setup_d_rs": [208964063, 211628561], "aby_total_d_rs": [214971652, 214995342], "total_d_rs": [215238196, 215328303]}, "batch": "PsiTypesDA_1"}