{"setup": "desktop-app", "repeat": 3, "parameters": {"client_neles": 4096, "server_neles": 4096, "bit_len": 53, "epsilon": 1.27, "server_ip": "192.168.0.2", "port": 7777, "threads": 1, "threshold": 0, "nmegabins": 16, "poly_size": 975, "n_fun": 3, "payload_bl": 2, "fun_type": 8, "overlap": 25}, "s_output": {"result": 2369, "hashing_t": 4.22417, "oprf_t": 924.774, "poly_t": 544.869, "poly_trans_t": 5.16926, "aby_online_t": 565.212, "aby_setup_t": 0.212, "aby_total_t": 6419.24, "total_t": 9900.51, "nobase_t": 8983.82, "poly_d_rs": [0, 249600], "oprf_d_rs": [332961, 16944], "aby_online_d_rs": [3215942, 6007589], "aby_setup_d_rs": [211779400, 208964063], "aby_total_d_rs": [214995342, 214971652], "total_d_rs": [215328303, 215238196]}, "c_output": {"result": 2369, "hashing_t": 8.307, "oprf_t": 849.949, "poly_t": 139.207, "poly_trans_t": 572.811, "aby_online_t": 590.19, "aby_setup_t": 0.19, "aby_total_t": 6398.05, "total_t": 9901.73, "nobase_t": 8634.56, "poly_d_rs": [249600, 0], "oprf_d_rs": [16944, 332961], "aby_online_d_rs": [6007589, 3366781], "aby_setup_d_rs": [208964063, 211628561], "aby_total_d_rs": [214971652, 214995342], "total_d_rs": [215238196, 215328303]}, "batch": "PsiTypesDA_1"}