{"setup": "desktop-app", "repeat": 2, "parameters": {"client_neles": 4096, "server_neles": 4096, "bit_len": 53, "epsilon": 1.27, "server_ip": "192.168.0.2", "port": 7777, "threads": 1, "threshold": 0, "nmegabins": 16, "poly_size": 975, "n_fun": 3, "payload_bl": 2, "fun_type": 7, "overlap": 25}, "s_output": {"result": 3094, "hashing_t": 5.71148, "oprf_t": 914.741, "poly_t": 549.88, "poly_trans_t": 4.22268, "aby_online_t": 303.41, "aby_setup_t": 0.41, "aby_total_t": 739.488, "total_t": 3911.65, "nobase_t": 3016.28, "poly_d_rs": [0, 249600], "oprf_d_rs": [332961, 16944], "aby_online_d_rs": [363562, 5566967], "aby_setup_d_rs": [20726096, 15487206], "aby_total_d_rs": [21089658, 21054173], "total_d_rs": [21422619, 21320717]}, "c_output": {"result": 3094, "hashing_t": 16.135, "oprf_t": 822.752, "poly_t": 140.048, "poly_trans_t": 593.3, "aby_online_t": 303.58, "aby_setup_t": 0.58, "aby_total_t": 742.715, "total_t": 3913.16, "nobase_t": 2666.71, "poly_d_rs": [249600, 0], "oprf_d_rs": [16944, 332961], "aby_online_d_rs": [5566976, 363562], "aby_setup_d_rs": [15487206, 20726096], "aby_total_d_rs": [21054182, 21089658], "total_d_rs": [21320726, 21422619]}, "batch": "PsiTypesDA_1"}