{"setup": "desktop-app", "repeat": 0, "parameters": {"client_neles": 4096, "server_neles": 4096, "bit_len": 53, "epsilon": 1.27, "server_ip": "192.168.0.2", "port": 7777, "threads": 1, "threshold": 0, "nmegabins": 16, "poly_size": 975, "n_fun": 3, "payload_bl": 2, "fun_type": 7, "overlap": 25}, "s_output": {"result": 3094, "hashing_t": 5.94783, "oprf_t": 869.364, "poly_t": 536.825, "poly_trans_t": 3.96164, "aby_online_t": 335.001, "aby_setup_t": 0.001, "aby_total_t": 704.953, "total_t": 3891.55, "nobase_t": 3033.52, "poly_d_rs": [0, 249600], "oprf_d_rs": [332961, 16944], "aby_online_d_rs": [363562, 5566967], "aby_setup_d_rs": [20726096, 15487206], "aby_total_d_rs": [21089658, 21054173], "total_d_rs": [21422619, 21320717]}, "c_output": {"result": 3094, "hashing_t": 11.992, "oprf_t": 796.253, "poly_t": 135.567, "poly_trans_t": 563.6, "aby_online_t": 333.662, "aby_setup_t": 0.662, "aby_total_t": 710.108, "total_t": 3892.36, "nobase_t": 2667.3, "poly_d_rs": [249600, 0], "oprf_d_rs": [16944, 332961], "aby_online_d_rs": [5566976, 363562], "aby_setup_d_rs": [15487206, 20726096], "aby_total_d_rs": [21054182, 21089658], "total_d_rs": [21320726, 21422619]}, "batch": "PsiTypesDA_1"}