{"setup": "desktop-app", "repeat": 2, "parameters": {"client_neles": 4096, "server_neles": 4096, "bit_len": 53, "epsilon": 1.27, "server_ip": "192.168.0.2", "port": 7777, "threads": 1, "threshold": 0, "nmegabins": 16, "poly_size": 975, "n_fun": 3, "payload_bl": 2, "fun_type": 5, "overlap": 25}, "s_output": {"result": 1563, "hashing_t": 4.07329, "oprf_t": 767.528, "poly_t": 272.516, "poly_trans_t": 5.97089, "aby_online_t": 44.289, "aby_setup_t": 0.289, "aby_total_t": 328.699, "total_t": 2043.84, "nobase_t": 1252.37, "poly_d_rs": [0, 124800], "oprf_d_rs": [332961, 16944], "aby_online_d_rs": [123005, 289883], "aby_setup_d_rs": [5331105, 5167209], "aby_total_d_rs": [5454110, 5457092], "total_d_rs": [5787071, 5598836]}, "c_output": {"result": 1563, "hashing_t": 4.619, "oprf_t": 711.188, "poly_t": 74.521, "poly_trans_t": 252.762, "aby_online_t": 42.319, "aby_setup_t": 0.319, "aby_total_t": 331.974, "total_t": 2043.05, "nobase_t": 854.231, "poly_d_rs": [124800, 0], "oprf_d_rs": [16944, 332961], "aby_online_d_rs": [289892, 123005], "aby_setup_d_rs": [5167209, 5331105], "aby_total_d_rs": [5457101, 5454110], "total_d_rs": [5598845, 5787071]}, "batch": "PsiTypesDA_1"}