{"setup": "desktop-app", "repeat": 3, "parameters": {"client_neles": 4096, "server_neles": 4096, "bit_len": 53, "epsilon": 1.27, "server_ip": "192.168.0.2", "port": 7777, "threads": 1, "threshold": 0, "nmegabins": 16, "poly_size": 975, "n_fun": 3, "payload_bl": 2, "fun_type": 4, "overlap": 25}, "s_output": {"result": 1563, "hashing_t": 4.60827, "oprf_t": 821.385, "poly_t": 267.821, "poly_trans_t": 4.86058, "aby_online_t": 41.82, "aby_setup_t": 0.82, "aby_total_t": 310.682, "total_t": 2084.76, "nobase_t": 1273.07, "poly_d_rs": [0, 124800], "oprf_d_rs": [332961, 16944], "aby_online_d_rs": [82021, 286810], "aby_setup_d_rs": [5369990, 5161062], "aby_total_d_rs": [5452011, 5447872], "total_d_rs": [5784972, 5589616]}, "c_output": {"result": 1563, "hashing_t": 5.659, "oprf_t": 764.443, "poly_t": 73.043, "poly_trans_t": 247.192, "aby_online_t": 45.147, "aby_setup_t": 0.147, "aby_total_t": 310.981, "total_t": 2085.16, "nobase_t": 830.254, "poly_d_rs": [124800, 0], "oprf_d_rs": [16944, 332961], "aby_online_d_rs": [286819, 122988], "aby_setup_d_rs": [5161062, 5329023], "aby_total_d_rs": [5447881, 5452011], "total_d_rs": [5589625, 5784972]}, "batch": "PsiTypesDA_1"}