{"setup": "desktop-app", "repeat": 3, "parameters": {"client_neles": 4096, "server_neles": 4096, "bit_len": 53, "epsilon": 1.27, "server_ip": "192.168.0.2", "port": 7777, "threads": 1, "threshold": 0, "nmegabins": 16, "poly_size": 975, "n_fun": 3, "payload_bl": 2, "fun_type": 7, "overlap": 25}, "s_output": {"result": 3094, "hashing_t": 4.67461, "oprf_t": 930.261, "poly_t": 536.191, "poly_trans_t": 4.03179, "aby_online_t": 429.215, "aby_setup_t": 0.215, "aby_total_t": 752.062, "total_t": 4046.01, "nobase_t": 3149.48, "poly_d_rs": [0, 249600], "oprf_d_rs": [332961, 16944], "aby_online_d_rs": [363562, 5566967], "aby_setup_d_rs": [20726096, 15487206], "aby_total_d_rs": [21089658, 21054173], "total_d_rs": [21422619, 21320717]}, "c_output": {"result": 3094, "hashing_t": 9.836, "oprf_t": 825.612, "poly_t": 142.397, "poly_trans_t": 585.217, "aby_online_t": 426.47, "aby_setup_t": 0.47, "aby_total_t": 755.774, "total_t": 4046.67, "nobase_t": 2793.1, "poly_d_rs": [249600, 0], "oprf_d_rs": [16944, 332961], "aby_online_d_rs": [5566976, 363562], "aby_setup_d_rs": [15487206, 20726096], "aby_total_d_rs": [21054182, 21089658], "total_d_rs": [21320726, 21422619]}, "batch": "PsiTypesDA_1"}