{"setup": "desktop-app", "repeat": 0, "parameters": {"client_neles": 4096, "server_neles": 4096, "bit_len": 53, "epsilon": 1.27, "server_ip": "192.168.0.2", "port": 7777, "threads": 1, "threshold": 0, "nmegabins": 16, "poly_size": 975, "n_fun": 3, "payload_bl": 2, "fun_type": 5, "overlap": 25}, "s_output": {"result": 1563, "hashing_t": 4.10564, "oprf_t": 751.709, "poly_t": 282.121, "poly_trans_t": 3.73246, "aby_online_t": 50.879, "aby_setup_t": 0.879, "aby_total_t": 292.163, "total_t": 2001.24, "nobase_t": 1179.09, "poly_d_rs": [0, 124800], "oprf_d_rs": [332961, 16944], "aby_online_d_rs": [123005, 289883], "aby_setup_d_rs": [5331105, 5167209], "aby_total_d_rs": [5454110, 5457092], "total_d_rs": [5787071, 5598836]}, "c_output": {"result": 1563, "hashing_t": 4.376, "oprf_t": 717.827, "poly_t": 77.006, "poly_trans_t": 251.678, "aby_online_t": 49.325, "aby_setup_t": 0.325, "aby_total_t": 297.584, "total_t": 2001.22, "nobase_t": 817.691, "poly_d_rs": [124800, 0], "oprf_d_rs": [16944, 332961], "aby_online_d_rs": [289892, 123005], "aby_setup_d_rs": [5167209, 5331114], "aby_total_d_rs": [5457101, 5454119], "total_d_rs": [5598845, 5787080]}, "batch": "PsiTypesDA_1"}