{"setup": "desktop-app", "repeat": 4, "parameters": {"client_neles": 4096, "server_neles": 4096, "bit_len": 53, "epsilon": 1.27, "server_ip": "192.168.0.2", "port": 7777, "threads": 1, "threshold": 0, "nmegabins": 16, "poly_size": 975, "n_fun": 3, "payload_bl": 2, "fun_type": 2, "overlap": 25}, "s_output": {"result": 1024, "hashing_t": 8.05513, "oprf_t": 812.575, "poly_t": 286.914, "poly_trans_t": 5.76905, "aby_online_t": 56.404, "aby_setup_t": 0.404, "aby_total_t": 308.484, "total_t": 2090.13, "nobase_t": 1278.97, "poly_d_rs": [0, 124800], "oprf_d_rs": [332961, 16944], "aby_online_d_rs": [119192, 119192], "aby_setup_d_rs": [5079133, 5079133], "aby_total_d_rs": [5198325, 5198325], "total_d_rs": [5531286, 5340069]}, "c_output": {"result": 1024, "hashing_t": 12.572, "oprf_t": 751.223, "poly_t": 63.607, "poly_trans_t": 263.933, "aby_online_t": 58.577, "aby_setup_t": 0.577, "aby_total_t": 305.641, "total_t": 2090.62, "nobase_t": 866.566, "poly_d_rs": [124800, 0], "oprf_d_rs": [16944, 332961], "aby_online_d_rs": [119192, 119192], "aby_setup_d_rs": [5079133, 5079133], "aby_total_d_rs": [5198325, 5198325], "total_d_rs": [5340069, 5531286]}, "batch": "PsiTypesDA_1"}