{"setup": "desktop-app", "repeat": 4, "parameters": {"client_neles": 4096, "server_neles": 4096, "bit_len": 53, "epsilon": 1.27, "server_ip": "192.168.0.2", "port": 7777, "threads": 1, "threshold": 0, "nmegabins": 16, "poly_size": 975, "n_fun": 3, "payload_bl": 2, "fun_type": 3, "overlap": 25}, "s_output": {"result": 1024, "hashing_t": 4.22914, "oprf_t": 836.737, "poly_t": 265.246, "poly_trans_t": 6.29548, "aby_online_t": 70.451, "aby_setup_t": 0.451, "aby_total_t": 371.697, "total_t": 2182.03, "nobase_t": 1359.05, "poly_d_rs": [0, 124800], "oprf_d_rs": [332961, 16944], "aby_online_d_rs": [119243, 119243], "aby_setup_d_rs": [5085320, 5085320], "aby_total_d_rs": [5204563, 5204563], "total_d_rs": [5537524, 5346307]}, "c_output": {"result": 1024, "hashing_t": 24.333, "oprf_t": 756.982, "poly_t": 69.669, "poly_trans_t": 251.909, "aby_online_t": 70.812, "aby_setup_t": 0.812, "aby_total_t": 367.007, "total_t": 2181.22, "nobase_t": 940.734, "poly_d_rs": [124800, 0], "oprf_d_rs": [16944, 332961], "aby_online_d_rs": [119243, 119243], "aby_setup_d_rs": [5085320, 5085320], "aby_total_d_rs": [5204563, 5204563], "total_d_rs": [5346307, 5537524]}, "batch": "PsiTypesDA_1"}