{"setup": "desktop-app", "repeat": 2, "parameters": {"client_neles": 4096, "server_neles": 4096, "bit_len": 53, "epsilon": 1.27, "server_ip": "192.168.0.2", "port": 7777, "threads": 1, "threshold": 0, "nmegabins": 16, "poly_size": 975, "n_fun": 3, "payload_bl": 2, "fun_type": 4, "overlap": 25}, "s_output": {"result": 1563, "hashing_t": 6.78291, "oprf_t": 789.874, "poly_t": 279.836, "poly_trans_t": 5.13569, "aby_online_t": 36.021, "aby_setup_t": 0.021, "aby_total_t": 296.511, "total_t": 2035.43, "nobase_t": 1221.17, "poly_d_rs": [0, 124800], "oprf_d_rs": [332961, 16944], "aby_online_d_rs": [122979, 286819], "aby_setup_d_rs": [5329032, 5161062], "aby_total_d_rs": [5452011, 5447881], "total_d_rs": [5784972, 5589625]}, "c_output": {"result": 1563, "hashing_t": 5.72, "oprf_t": 733.967, "poly_t": 65.695, "poly_trans_t": 262.377, "aby_online_t": 37.983, "aby_setup_t": 0.983, "aby_total_t": 295.2, "total_t": 2036.36, "nobase_t": 814.443, "poly_d_rs": [124800, 0], "oprf_d_rs": [16944, 332961], "aby_online_d_rs": [286819, 122988], "aby_setup_d_rs": [5161062, 5329023], "aby_total_d_rs": [5447881, 5452011], "total_d_rs": [5589625, 5784972]}, "batch": "PsiTypesDA_1"}