{"setup": "desktop-app", "repeat": 3, "parameters": {"client_neles": 4096, "server_neles": 4096, "bit_len": 53, "epsilon": 1.27, "server_ip": "192.168.0.2", "port": 7777, "threads": 1, "threshold": 0, "nmegabins": 16, "poly_size": 975, "n_fun": 3, "payload_bl": 2, "fun_type": 1, "overlap": 25}, "s_output": {"result": 1, "hashing_t": 4.96711, "oprf_t": 822.805, "poly_t": 280.217, "poly_trans_t": 6.63949, "aby_online_t": 53.018, "aby_setup_t": 0.018, "aby_total_t": 276.674, "total_t": 2081.4, "nobase_t": 1243.86, "poly_d_rs": [0, 124800], "oprf_d_rs": [332961, 16944], "aby_online_d_rs": [119210, 119219], "aby_setup_d_rs": [5081190, 5081181], "aby_total_d_rs": [5200400, 5200400], "total_d_rs": [5533361, 5342144]}, "c_output": {"result": 1, "hashing_t": 6.364, "oprf_t": 764.55, "poly_t": 73.831, "poly_trans_t": 261.458, "aby_online_t": 53.979, "aby_setup_t": 0.979, "aby_total_t": 271.514, "total_t": 2080.44, "nobase_t": 824.089, "poly_d_rs": [124800, 0], "oprf_d_rs": [16944, 332961], "aby_online_d_rs": [119219, 119210], "aby_setup_d_rs": [5081181, 5081181], "aby_total_d_rs": [5200400, 5200391], "total_d_rs": [5342144, 5533352]}, "batch": "PsiTypesDA_1"}