{"setup": "desktop-app", "repeat": 1, "parameters": {"client_neles": 4096, "server_neles": 4096, "bit_len": 53, "epsilon": 1.27, "server_ip": "192.168.0.2", "port": 7777, "threads": 1, "threshold": 0, "nmegabins": 16, "poly_size": 975, "n_fun": 3, "payload_bl": 2, "fun_type": 2, "overlap": 25}, "s_output": {"result": 1024, "hashing_t": 8.09582, "oprf_t": 794.157, "poly_t": 279.538, "poly_trans_t": 5.09559, "aby_online_t": 58.162, "aby_setup_t": 0.162, "aby_total_t": 274.462, "total_t": 2046.95, "nobase_t": 1236.22, "poly_d_rs": [0, 124800], "oprf_d_rs": [332961, 16944], "aby_online_d_rs": [119183, 119183], "aby_setup_d_rs": [5079142, 5079133], "aby_total_d_rs": [5198325, 5198316], "total_d_rs": [5531286, 5340060]}, "c_output": {"result": 1024, "hashing_t": 5.389, "oprf_t": 742.08, "poly_t": 65.693, "poly_trans_t": 261.272, "aby_online_t": 61.039, "aby_setup_t": 0.039, "aby_total_t": 269.6, "total_t": 2047.99, "nobase_t": 817.962, "poly_d_rs": [124800, 0], "oprf_d_rs": [16944, 332961], "aby_online_d_rs": [119192, 119192], "aby_setup_d_rs": [5079133, 5079133], "aby_total_d_rs": [5198325, 5198325], "total_d_rs": [5340069, 5531286]}, "batch": "PsiTypesDA_1"}