{"setup": "desktop-app", "repeat": 3, "parameters": {"client_neles": 4096, "server_neles": 4096, "bit_len": 53, "epsilon": 1.27, "server_ip": "192.168.0.2", "port": 7777, "threads": 1, "threshold": 0, "nmegabins": 16, "poly_size": 975, "n_fun": 3, "payload_bl": 2, "fun_type": 5, "overlap": 25}, "s_output": {"result": 1563, "hashing_t": 6.66075, "oprf_t": 822.599, "poly_t": 282.3, "poly_trans_t": 5.62356, "aby_online_t": 53.148, "aby_setup_t": 0.148, "aby_total_t": 330.316, "total_t": 2115.19, "nobase_t": 1322.59, "poly_d_rs": [0, 124800], "oprf_d_rs": [332961, 16944], "aby_online_d_rs": [123005, 289883], "aby_setup_d_rs": [5331105, 5167209], "aby_total_d_rs": [5454110, 5457092], "total_d_rs": [5787071, 5598836]}, "c_output": {"result": 1563, "hashing_t": 6.605, "oprf_t": 765.314, "poly_t": 71.91, "poly_trans_t": 262.047, "aby_online_t": 48.632, "aby_setup_t": 0.632, "aby_total_t": 336.68, "total_t": 2115.89, "nobase_t": 881.18, "poly_d_rs": [124800, 0], "oprf_d_rs": [16944, 332961], "aby_online_d_rs": [289892, 123005], "aby_setup_d_rs": [5167209, 5331105], "aby_total_d_rs": [5457101, 5454110], "total_d_rs": [5598845, 5787071]}, "batch": "PsiTypesDA_1"}