{"setup": "desktop-app", "repeat": 3, "parameters": {"client_neles": 4096, "server_neles": 4096, "bit_len": 53, "epsilon": 1.27, "server_ip": "192.168.0.2", "port": 7777, "threads": 1, "threshold": 0, "nmegabins": 16, "poly_size": 975, "n_fun": 3, "payload_bl": 2, "fun_type": 3, "overlap": 25}, "s_output": {"result": 1024, "hashing_t": 6.21976, "oprf_t": 801.384, "poly_t": 268.737, "poly_trans_t": 6.87793, "aby_online_t": 57.887, "aby_setup_t": 0.887, "aby_total_t": 360.326, "total_t": 2137.07, "nobase_t": 1322.61, "poly_d_rs": [0, 124800], "oprf_d_rs": [332961, 16944], "aby_online_d_rs": [119243, 119234], "aby_setup_d_rs": [5085320, 5085320], "aby_total_d_rs": [5204563, 5204554], "total_d_rs": [5537524, 5346298]}, "c_output": {"result": 1024, "hashing_t": 7.828, "oprf_t": 741.432, "poly_t": 65.866, "poly_trans_t": 254.363, "aby_online_t": 60.663, "aby_setup_t": 0.663, "aby_total_t": 364.155, "total_t": 2139.05, "nobase_t": 908.086, "poly_d_rs": [124800, 0], "oprf_d_rs": [16944, 332961], "aby_online_d_rs": [119243, 119243], "aby_setup_d_rs": [5085320, 5085320], "aby_total_d_rs": [5204563, 5204563], "total_d_rs": [5346307, 5537524]}, "batch": "PsiTypesDA_1"}