{"setup": "desktop-app", "repeat": 4, "parameters": {"client_neles": 4096, "server_neles": 4096, "bit_len": 53, "epsilon": 1.27, "server_ip": "192.168.0.2", "port": 7777, "threads": 1, "threshold": 0, "nmegabins": 16, "poly_size": 975, "n_fun": 3, "payload_bl": 2, "fun_type": 0, "overlap": 25}, "s_output": {"result": 0, "hashing_t": 8.51129, "oprf_t": 740.336, "poly_t": 280.255, "poly_trans_t": 5.67043, "aby_online_t": 28.056, "aby_setup_t": 0.056, "aby_total_t": 352.977, "total_t": 2047.15, "nobase_t": 1222.7, "poly_d_rs": [0, 124800], "oprf_d_rs": [332961, 16944], "aby_online_d_rs": [117750, 117741], "aby_setup_d_rs": [4995165, 4995165], "aby_total_d_rs": [5112915, 5112906], "total_d_rs": [5445876, 5254650]}, "c_output": {"result": 0, "hashing_t": 11.866, "oprf_t": 705.112, "poly_t": 65.13, "poly_trans_t": 260.259, "aby_online_t": 30.422, "aby_setup_t": 0.422, "aby_total_t": 353.428, "total_t": 2048.15, "nobase_t": 848.939, "poly_d_rs": [124800, 0], "oprf_d_rs": [16944, 332961], "aby_online_d_rs": [117750, 117750], "aby_setup_d_rs": [4995165, 4995165], "aby_total_d_rs": [5112915, 5112915], "total_d_rs": [5254659, 5445876]}, "batch": "PsiTypesDA_1"}