{"setup": "desktop-app", "repeat": 2, "parameters": {"client_neles": 4096, "server_neles": 4096, "bit_len": 53, "epsilon": 1.27, "server_ip": "192.168.0.2", "port": 7777, "threads": 1, "threshold": 0, "nmegabins": 16, "poly_size": 975, "n_fun": 3, "payload_bl": 2, "fun_type": 0, "overlap": 25}, "s_output": {"result": 0, "hashing_t": 3.80155, "oprf_t": 754.965, "poly_t": 269.208, "poly_trans_t": 5.98218, "aby_online_t": 29.165, "aby_setup_t": 0.165, "aby_total_t": 338.945, "total_t": 2010.5, "nobase_t": 1216.91, "poly_d_rs": [0, 124800], "oprf_d_rs": [332961, 16944], "aby_online_d_rs": [117750, 117750], "aby_setup_d_rs": [4995165, 4995165], "aby_total_d_rs": [5112915, 5112915], "total_d_rs": [5445876, 5254659]}, "c_output": {"result": 0, "hashing_t": 12.241, "oprf_t": 691.855, "poly_t": 73.179, "poly_trans_t": 248.191, "aby_online_t": 31.066, "aby_setup_t": 0.066, "aby_total_t": 338.156, "total_t": 2010.3, "nobase_t": 851.958, "poly_d_rs": [124800, 0], "oprf_d_rs": [16944, 332961], "aby_online_d_rs": [117750, 117750], "aby_setup_d_rs": [4995165, 4995165], "aby_total_d_rs": [5112915, 5112915], "total_d_rs": [5254659, 5445876]}, "batch": "PsiTypesDA_1"}