{"setup": "desktop-app", "repeat": 1, "parameters": {"client_neles": 4096, "server_neles": 4096, "bit_len": 53, "epsilon": 1.27, "server_ip": "192.168.0.2", "port": 7777, "threads": 1, "threshold": 0, "nmegabins": 16, "poly_size": 975, "n_fun": 3, "payload_bl": 2, "fun_type": 5, "overlap": 25}, "s_output": {"result": 1563, "hashing_t": 5.53848, "oprf_t": 761.492, "poly_t": 271.112, "poly_trans_t": 2.97155, "aby_online_t": 54.207, "aby_setup_t": 0.207, "aby_total_t": 305.453, "total_t": 2003.58, "nobase_t": 1211.48, "poly_d_rs": [0, 124800], "oprf_d_rs": [332961, 16944], "aby_online_d_rs": [123005, 289892], "aby_setup_d_rs": [5331105, 5167209], "aby_total_d_rs": [5454110, 5457101], "total_d_rs": [5787071, 5598845]}, "c_output": {"result": 1563, "hashing_t": 5.484, "oprf_t": 709.082, "poly_t": 71.192, "poly_trans_t": 242.445, "aby_online_t": 49.037, "aby_setup_t": 0.037, "aby_total_t": 311.302, "total_t": 2004.5, "nobase_t": 828.619, "poly_d_rs": [124800, 0], "oprf_d_rs": [16944, 332961], "aby_online_d_rs": [289892, 123005], "aby_setup_d_rs": [5167209, 5331105], "aby_total_d_rs": [5457101, 5454110], "total_d_rs": [5598845, 5787071]}, "batch": "PsiTypesDA_1"}