{"setup": "desktop-app", "repeat": 3, "parameters": {"client_neles": 4096, "server_neles": 4096, "bit_len": 53, "epsilon": 1.27, "server_ip": "192.168.0.2", "port": 7777, "threads": 1, "threshold": 0, "nmegabins": 16, "poly_size": 975, "n_fun": 3, "payload_bl": 2, "fun_type": 6, "overlap": 25}, "s_output": {"result": 3094, "hashing_t": 7.92731, "oprf_t": 886.574, "poly_t": 533.031, "poly_trans_t": 4.47555, "aby_online_t": 334.583, "aby_setup_t": 0.583, "aby_total_t": 706.163, "total_t": 3902.01, "nobase_t": 3041.0, "poly_d_rs": [0, 249600], "oprf_d_rs": [332961, 16944], "aby_online_d_rs": [363536, 5563903], "aby_setup_d_rs": [20724023, 15481059], "aby_total_d_rs": [21087559, 21044962], "total_d_rs": [21420520, 21311506]}, "c_output": {"result": 3094, "hashing_t": 5.574, "oprf_t": 787.251, "poly_t": 133.909, "poly_trans_t": 586.123, "aby_online_t": 339.97, "aby_setup_t": 0.97, "aby_total_t": 703.243, "total_t": 3905.08, "nobase_t": 2692.57, "poly_d_rs": [249600, 0], "oprf_d_rs": [16944, 332961], "aby_online_d_rs": [5563903, 363545], "aby_setup_d_rs": [15481059, 20724014], "aby_total_d_rs": [21044962, 21087559], "total_d_rs": [21311506, 21420520]}, "batch": "PsiTypesDA_1"}