{"setup": "desktop-app", "repeat": 1, "parameters": {"client_neles": 4096, "server_neles": 4096, "bit_len": 53, "epsilon": 1.27, "server_ip": "192.168.0.2", "port": 7777, "threads": 1, "threshold": 0, "nmegabins": 16, "poly_size": 975, "n_fun": 3, "payload_bl": 2, "fun_type": 6, "overlap": 25}, "s_output": {"result": 3094, "hashing_t": 9.71515, "oprf_t": 918.852, "poly_t": 542.117, "poly_trans_t": 4.99851, "aby_online_t": 366.825, "aby_setup_t": 0.825, "aby_total_t": 713.559, "total_t": 3965.85, "nobase_t": 3003.42, "poly_d_rs": [0, 249600], "oprf_d_rs": [332961, 16944], "aby_online_d_rs": [363544, 5563903], "aby_setup_d_rs": [20724015, 15481059], "aby_total_d_rs": [21087559, 21044962], "total_d_rs": [21420520, 21311506]}, "c_output": {"result": 3094, "hashing_t": 6.086, "oprf_t": 826.845, "poly_t": 149.444, "poly_trans_t": 576.835, "aby_online_t": 370.456, "aby_setup_t": 0.456, "aby_total_t": 711.767, "total_t": 3966.83, "nobase_t": 2718.72, "poly_d_rs": [249600, 0], "oprf_d_rs": [16944, 332961], "aby_online_d_rs": [5563903, 363545], "aby_setup_d_rs": [15481059, 20724014], "aby_total_d_rs": [21044962, 21087559], "total_d_rs": [21311506, 21420520]}, "batch": "PsiTypesDA_1"}