{"setup": "desktop-app", "repeat": 0, "parameters": {"client_neles": 4096, "server_neles": 4096, "bit_len": 53, "epsilon": 1.27, "server_ip": "192.168.0.2", "port": 7777, "threads": 1, "threshold": 0, "nmegabins": 16, "poly_size": 975, "n_fun": 3, "payload_bl": 2, "fun_type": 8, "overlap": 25}, "s_output": {"result": 2369, "hashing_t": 4.24667, "oprf_t": 895.19, "poly_t": 549.427, "poly_trans_t": 5.48707, "aby_online_t": 511.585, "aby_setup_t": 0.585, "aby_total_t": 6123.14, "total_t": 9461.69, "nobase_t": 8577.81, "poly_d_rs": [0, 249600], "oprf_d_rs": [332961, 16944], "aby_online_d_rs": [3366781, 6007580], "aby_setup_d_rs": [211628561, 208964063], "aby_total_d_rs": [214995342, 214971643], "total_d_rs": [215328303, 215238187]}, "c_output": {"result": 2369, "hashing_t": 5.704, "oprf_t": 818.779, "poly_t": 136.974, "poly_trans_t": 575.466, "aby_online_t": 517.147, "aby_setup_t": 0.147, "aby_total_t": 6122.28, "total_t": 9463.52, "nobase_t": 8222.87, "poly_d_rs": [249600, 0], "oprf_d_rs": [16944, 332961], "aby_online_d_rs": [6007589, 3366781], "aby_setup_d_rs": [208964063, 211628561], "aby_total_d_rs": [214971652, 214995342], "total_d_rs": [215238196, 215328303]}, "batch": "PsiTypesDA_1"}