{"setup": "desktop-app", "repeat": 2, "parameters": {"client_neles": 4096, "server_neles": 4096, "bit_len": 53, "epsilon": 1.27, "server_ip": "192.168.0.2", "port": 7777, "threads": 1, "threshold": 0, "nmegabins": 16, "poly_size": 975, "n_fun": 3, "payload_bl": 2, "fun_type": 2, "overlap": 25}, "s_output": {"result": 1024, "hashing_t": 5.53263, "oprf_t": 749.035, "poly_t": 280.071, "poly_trans_t": 3.48459, "aby_online_t": 47.668, "aby_setup_t": 0.668, "aby_total_t": 336.685, "total_t": 2058.04, "nobase_t": 1222.55, "poly_d_rs": [0, 124800], "oprf_d_rs": [332961, 16944], "aby_online_d_rs": [119183, 119192], "aby_setup_d_rs": [5079142, 5079133], "aby_total_d_rs": [5198325, 5198325], "total_d_rs": [5531286, 5340069]}, "c_output": {"result": 1024, "hashing_t": 11.314, "oprf_t": 688.206, "poly_t": 74.821, "poly_trans_t": 256.133, "aby_online_t": 49.398, "aby_setup_t": 0.398, "aby_total_t": 340.073, "total_t": 2057.26, "nobase_t": 887.91, "poly_d_rs": [124800, 0], "oprf_d_rs": [16944, 332961], "aby_online_d_rs": [119192, 119183], "aby_setup_d_rs": [5079133, 5079133], "aby_total_d_rs": [5198325, 5198316], "total_d_rs": [5340069, 5531277]}, "batch": "PsiTypesDA_1"}