{"setup": "desktop-desktop", "repeat": 0, "parameters": {"client_neles": 3155, "server_neles": 1048576, "epsilon": 1.27, "server_ip": "192.168.0.2", "port": 7777, "threads": 1, "threshold": 0, "n_fun": 3, "payload_bl": 2, "fun_type": 0, "overlap": 25, "nmegabins": 4006, "poly_size": 1024, "bit_len": 52}, "s_output": {"result": 0, "hashing_t": 1264.94, "oprf_t": 3706.01, "poly_t": 62837.9, "poly_trans_t": 7.33561, "aby_online_t": 1.33, "aby_setup_t": 46.798, "aby_total_t": 48.128, "aby_baseot_t": 255.696, "total_t": 68664.5, "nobase_t": 68066.8, "poly_d_rs": [0, 32817152], "oprf_d_rs": [256481, 16944], "aby_online_d_rs": [77193, 77193], "aby_setup_d_rs": [3270724, 3270724], "aby_total_d_rs": [3347917, 3347917], "aby_baseot_d_rs": [49956, 49956], "total_d_rs": [3604398, 36182013], "nobase_d_rs": [3554369, 36115157]}, "c_output": {"result": 0, "hashing_t": 1.49866, "oprf_t": 1635.07, "poly_t": 37.8304, "poly_trans_t": 62795.0, "aby_online_t": 1.267, "aby_setup_t": 46.756, "aby_total_t": 48.023, "aby_baseot_t": 255.822, "total_t": 68664.6, "nobase_t": 66789.3, "poly_d_rs": [32817152, 0], "oprf_d_rs": [16944, 256481], "aby_online_d_rs": [77193, 77193], "aby_setup_d_rs": [3270724, 3270724], "aby_total_d_rs": [3347917, 3347917], "aby_baseot_d_rs": [49956, 49956], "total_d_rs": [36182013, 3604398], "nobase_d_rs": [36115157, 3554369]}, "batch": "UnbalancedData10AnalyticsDD_1"}