{"setup": "desktop-desktop", "repeat": 0, "parameters": {"client_neles": 1024, "server_neles": 131072, "epsilon": 1.27, "server_ip": "192.168.0.2", "port": 7777, "threads": 1, "threshold": 0, "n_fun": 3, "payload_bl": 2, "fun_type": 0, "overlap": 25, "nmegabins": 497, "poly_size": 1023, "bit_len": 51}, "s_output": {"result": 0, "hashing_t": 167.551, "oprf_t": 763.381, "poly_t": 7664.89, "poly_trans_t": 0.941492, "aby_online_t": 1.047, "aby_setup_t": 18.652, "aby_total_t": 19.699, "aby_baseot_t": 193.597, "total_t": 8842.95, "nobase_t": 8321.47, "poly_d_rs": [0, 4067448], "oprf_d_rs": [83297, 16944], "aby_online_d_rs": [24614, 24614], "aby_setup_d_rs": [1042475, 1042475], "aby_total_d_rs": [1067089, 1067089], "aby_baseot_d_rs": [49956, 49956], "total_d_rs": [1150386, 5151481], "nobase_d_rs": [1100357, 5084625]}, "c_output": {"result": 0, "hashing_t": 0.606116, "oprf_t": 515.296, "poly_t": 9.5435, "poly_trans_t": 7652.72, "aby_online_t": 1.066, "aby_setup_t": 18.584, "aby_total_t": 19.65, "aby_baseot_t": 193.647, "total_t": 8843.03, "nobase_t": 8143.3, "poly_d_rs": [4067448, 0], "oprf_d_rs": [16944, 83297], "aby_online_d_rs": [24614, 24614], "aby_setup_d_rs": [1042475, 1042475], "aby_total_d_rs": [1067089, 1067089], "aby_baseot_d_rs": [49956, 49956], "total_d_rs": [5151481, 1150386], "nobase_d_rs": [5084625, 1100357]}, "batch": "UnbalancedData10AnalyticsDD_1"}