{"setup": "desktop-desktop", "repeat": 0, "parameters": {"client_neles": 1024, "server_neles": 1024, "epsilon": 1.27, "server_ip": "192.168.0.2", "port": 7777, "threads": 1, "threshold": 0, "n_fun": 3, "payload_bl": 2, "fun_type": 0, "overlap": 25, "nmegabins": 4, "poly_size": 947, "bit_len": 51}, "s_output": {"result": 0, "hashing_t": 3.48298, "oprf_t": 314.932, "poly_t": 59.2846, "poly_trans_t": 0.024914, "aby_online_t": 0.868, "aby_setup_t": 19.664, "aby_total_t": 20.532, "aby_baseot_t": 190.281, "total_t": 598.45, "nobase_t": 122.611, "poly_d_rs": [0, 30304], "oprf_d_rs": [83297, 16944], "aby_online_d_rs": [24614, 24614], "aby_setup_d_rs": [1042475, 1042475], "aby_total_d_rs": [1067089, 1067089], "aby_baseot_d_rs": [49956, 49956], "total_d_rs": [1150386, 1114337], "nobase_d_rs": [1100357, 1047481]}, "c_output": {"result": 0, "hashing_t": 1.31067, "oprf_t": 313.745, "poly_t": 8.1086, "poly_trans_t": 52.3484, "aby_online_t": 0.964, "aby_setup_t": 19.671, "aby_total_t": 20.635, "aby_baseot_t": 190.169, "total_t": 598.596, "nobase_t": 108.118, "poly_d_rs": [30304, 0], "oprf_d_rs": [16944, 83297], "aby_online_d_rs": [24614, 24614], "aby_setup_d_rs": [1042475, 1042475], "aby_total_d_rs": [1067089, 1067089], "aby_baseot_d_rs": [49956, 49956], "total_d_rs": [1114337, 1150386], "nobase_d_rs": [1047481, 1100357]}, "batch": "UnbalancedData10AnalyticsDD_1"}