{"setup": "desktop-desktop", "repeat": 0, "parameters": {"client_neles": 1024, "server_neles": 16384, "epsilon": 1.27, "server_ip": "192.168.0.2", "port": 7777, "threads": 1, "threshold": 0, "n_fun": 3, "payload_bl": 2, "fun_type": 0, "overlap": 25, "nmegabins": 62, "poly_size": 1015, "bit_len": 51}, "s_output": {"result": 0, "hashing_t": 25.7965, "oprf_t": 384.555, "poly_t": 962.986, "poly_trans_t": 0.168023, "aby_online_t": 0.919, "aby_setup_t": 19.637, "aby_total_t": 20.556, "aby_baseot_t": 253.602, "total_t": 1658.39, "nobase_t": 1089.34, "poly_d_rs": [0, 503440], "oprf_d_rs": [83297, 16944], "aby_online_d_rs": [24614, 24614], "aby_setup_d_rs": [1042475, 1042475], "aby_total_d_rs": [1067089, 1067089], "aby_baseot_d_rs": [49956, 49956], "total_d_rs": [1150386, 1587473], "nobase_d_rs": [1100357, 1520617]}, "c_output": {"result": 0, "hashing_t": 0.710119, "oprf_t": 356.945, "poly_t": 8.80819, "poly_trans_t": 951.769, "aby_online_t": 0.998, "aby_setup_t": 19.452, "aby_total_t": 20.45, "aby_baseot_t": 253.769, "total_t": 1658.48, "nobase_t": 1057.42, "poly_d_rs": [503440, 0], "oprf_d_rs": [16944, 83297], "aby_online_d_rs": [24614, 24614], "aby_setup_d_rs": [1042475, 1042475], "aby_total_d_rs": [1067089, 1067089], "aby_baseot_d_rs": [49956, 49956], "total_d_rs": [1587473, 1150386], "nobase_d_rs": [1520617, 1100357]}, "batch": "UnbalancedData10AnalyticsDD_1"}