{"setup": "desktop-desktop", "repeat": 0, "parameters": {"client_neles": 1573, "server_neles": 524288, "epsilon": 1.27, "server_ip": "192.168.0.2", "port": 7777, "threads": 1, "threshold": 0, "n_fun": 3, "payload_bl": 2, "fun_type": 0, "overlap": 25, "nmegabins": 1997, "poly_size": 1024, "bit_len": 51}, "s_output": {"result": 0, "hashing_t": 589.63, "oprf_t": 2015.01, "poly_t": 31263.9, "poly_trans_t": 3.65533, "aby_online_t": 1.04, "aby_setup_t": 28.626, "aby_total_t": 29.666, "aby_baseot_t": 229.08, "total_t": 34373.4, "nobase_t": 33820.4, "poly_d_rs": [0, 16359424], "oprf_d_rs": [127905, 16944], "aby_online_d_rs": [37771, 37771], "aby_setup_d_rs": [1599531, 1599531], "aby_total_d_rs": [1637302, 1637302], "aby_baseot_d_rs": [49956, 49956], "total_d_rs": [1765207, 18013670], "nobase_d_rs": [1715178, 17946814]}, "c_output": {"result": 0, "hashing_t": 0.785888, "oprf_t": 934.574, "poly_t": 17.4689, "poly_trans_t": 31244.4, "aby_online_t": 1.058, "aby_setup_t": 28.47, "aby_total_t": 29.528, "aby_baseot_t": 229.228, "total_t": 34373.4, "nobase_t": 33219.5, "poly_d_rs": [16359424, 0], "oprf_d_rs": [16944, 127905], "aby_online_d_rs": [37771, 37762], "aby_setup_d_rs": [1599531, 1599531], "aby_total_d_rs": [1637302, 1637293], "aby_baseot_d_rs": [49956, 49956], "total_d_rs": [18013670, 1765198], "nobase_d_rs": [17946814, 1715169]}, "batch": "UnbalancedData10AnalyticsDD_1"}