{"setup": "desktop-desktop", "repeat": 0, "parameters": {"client_neles": 1024, "server_neles": 32768, "epsilon": 1.27, "server_ip": "192.168.0.2", "port": 7777, "threads": 1, "threshold": 0, "n_fun": 3, "payload_bl": 2, "fun_type": 0, "overlap": 25, "nmegabins": 124, "poly_size": 1019, "bit_len": 51}, "s_output": {"result": 0, "hashing_t": 48.4339, "oprf_t": 494.688, "poly_t": 1915.22, "poly_trans_t": 0.269955, "aby_online_t": 0.895, "aby_setup_t": 19.733, "aby_total_t": 20.628, "aby_baseot_t": 237.557, "total_t": 2727.64, "nobase_t": 2121.66, "poly_d_rs": [0, 1010848], "oprf_d_rs": [83297, 16944], "aby_online_d_rs": [24614, 24614], "aby_setup_d_rs": [1042475, 1042475], "aby_total_d_rs": [1067089, 1067089], "aby_baseot_d_rs": [49956, 49956], "total_d_rs": [1150386, 2094881], "nobase_d_rs": [1100357, 2028025]}, "c_output": {"result": 0, "hashing_t": 0.736729, "oprf_t": 439.026, "poly_t": 8.94113, "poly_trans_t": 1901.03, "aby_online_t": 0.911, "aby_setup_t": 19.615, "aby_total_t": 20.526, "aby_baseot_t": 237.717, "total_t": 2727.73, "nobase_t": 2061.07, "poly_d_rs": [1010848, 0], "oprf_d_rs": [16944, 83297], "aby_online_d_rs": [24614, 24614], "aby_setup_d_rs": [1042475, 1042475], "aby_total_d_rs": [1067089, 1067089], "aby_baseot_d_rs": [49956, 49956], "total_d_rs": [2094881, 1150386], "nobase_d_rs": [2028025, 1100357]}, "batch": "UnbalancedData10AnalyticsDD_1"}