{"setup": "desktop-desktop", "repeat": 0, "parameters": {"client_neles": 1024, "server_neles": 8192, "epsilon": 1.27, "server_ip": "192.168.0.2", "port": 7777, "threads": 1, "threshold": 0, "n_fun": 3, "payload_bl": 2, "fun_type": 0, "overlap": 25, "nmegabins": 31, "poly_size": 1010, "bit_len": 51}, "s_output": {"result": 0, "hashing_t": 11.3212, "oprf_t": 391.77, "poly_t": 501.334, "poly_trans_t": 0.074805, "aby_online_t": 0.943, "aby_setup_t": 25.872, "aby_total_t": 26.815, "aby_baseot_t": 216.192, "total_t": 1158.15, "nobase_t": 601.276, "poly_d_rs": [0, 250480], "oprf_d_rs": [83297, 16944], "aby_online_d_rs": [24614, 24614], "aby_setup_d_rs": [1042475, 1042475], "aby_total_d_rs": [1067089, 1067089], "aby_baseot_d_rs": [49956, 49956], "total_d_rs": [1150386, 1334513], "nobase_d_rs": [1100357, 1267657]}, "c_output": {"result": 0, "hashing_t": 0.779263, "oprf_t": 376.139, "poly_t": 8.70864, "poly_trans_t": 484.974, "aby_online_t": 1.018, "aby_setup_t": 25.656, "aby_total_t": 26.674, "aby_baseot_t": 216.396, "total_t": 1158.28, "nobase_t": 575.694, "poly_d_rs": [250480, 0], "oprf_d_rs": [16944, 83297], "aby_online_d_rs": [24614, 24614], "aby_setup_d_rs": [1042475, 1042475], "aby_total_d_rs": [1067089, 1067089], "aby_baseot_d_rs": [49956, 49956], "total_d_rs": [1334513, 1150386], "nobase_d_rs": [1267657, 1100357]}, "batch": "UnbalancedData10AnalyticsDD_1"}