{"setup": "desktop-desktop", "repeat": 0, "parameters": {"client_neles": 1024, "server_neles": 65536, "epsilon": 1.27, "server_ip": "192.168.0.2", "port": 7777, "threads": 1, "threshold": 0, "n_fun": 3, "payload_bl": 2, "fun_type": 0, "overlap": 25, "nmegabins": 248, "poly_size": 1022, "bit_len": 51}, "s_output": {"result": 0, "hashing_t": 89.0184, "oprf_t": 508.007, "poly_t": 3839.89, "poly_trans_t": 0.670196, "aby_online_t": 0.953, "aby_setup_t": 19.141, "aby_total_t": 20.094, "aby_baseot_t": 191.584, "total_t": 4663.21, "nobase_t": 4193.5, "poly_d_rs": [0, 2027648], "oprf_d_rs": [83297, 16944], "aby_online_d_rs": [16317, 24614], "aby_setup_d_rs": [1050772, 1042475], "aby_total_d_rs": [1067089, 1067089], "aby_baseot_d_rs": [49956, 49956], "total_d_rs": [1150386, 3111681], "nobase_d_rs": [1100357, 3044825]}, "c_output": {"result": 0, "hashing_t": 0.82167, "oprf_t": 389.606, "poly_t": 11.3596, "poly_trans_t": 3822.96, "aby_online_t": 1.261, "aby_setup_t": 18.709, "aby_total_t": 19.97, "aby_baseot_t": 191.725, "total_t": 4663.32, "nobase_t": 4092.15, "poly_d_rs": [2027648, 0], "oprf_d_rs": [16944, 83297], "aby_online_d_rs": [24614, 24614], "aby_setup_d_rs": [1042475, 1042475], "aby_total_d_rs": [1067089, 1067089], "aby_baseot_d_rs": [49956, 49956], "total_d_rs": [3111681, 1150386], "nobase_d_rs": [3044825, 1100357]}, "batch": "UnbalancedData10AnalyticsDD_1"}