{"setup": "desktop-desktop", "repeat": 0, "parameters": {"client_neles": 1024, "server_neles": 4096, "epsilon": 1.27, "server_ip": "192.168.0.2", "port": 7777, "threads": 1, "threshold": 0, "n_fun": 3, "payload_bl": 2, "fun_type": 0, "overlap": 25, "nmegabins": 16, "poly_size": 976, "bit_len": 51}, "s_output": {"result": 0, "hashing_t": 5.66644, "oprf_t": 313.769, "poly_t": 231.601, "poly_trans_t": 0.052392, "aby_online_t": 1.008, "aby_setup_t": 19.857, "aby_total_t": 20.865, "aby_baseot_t": 232.222, "total_t": 814.448, "nobase_t": 305.839, "poly_d_rs": [0, 124928], "oprf_d_rs": [83297, 16944], "aby_online_d_rs": [24614, 24614], "aby_setup_d_rs": [1042475, 1042475], "aby_total_d_rs": [1067089, 1067089], "aby_baseot_d_rs": [49956, 49956], "total_d_rs": [1150386, 1208961], "nobase_d_rs": [1100357, 1142105]}, "c_output": {"result": 0, "hashing_t": 0.658042, "oprf_t": 305.249, "poly_t": 8.38648, "poly_trans_t": 224.366, "aby_online_t": 1.181, "aby_setup_t": 19.579, "aby_total_t": 20.76, "aby_baseot_t": 232.361, "total_t": 814.529, "nobase_t": 286.539, "poly_d_rs": [124928, 0], "oprf_d_rs": [16944, 83297], "aby_online_d_rs": [24614, 24614], "aby_setup_d_rs": [1042475, 1042475], "aby_total_d_rs": [1067089, 1067089], "aby_baseot_d_rs": [49956, 49956], "total_d_rs": [1208961, 1150386], "nobase_d_rs": [1142105, 1100357]}, "batch": "UnbalancedData10AnalyticsDD_1"}