{"setup": "desktop-desktop", "repeat": 0, "parameters": {"client_neles": 1024, "server_neles": 2048, "epsilon": 1.27, "server_ip": "192.168.0.2", "port": 7777, "threads": 1, "threshold": 0, "n_fun": 3, "payload_bl": 2, "fun_type": 0, "overlap": 25, "nmegabins": 8, "poly_size": 965, "bit_len": 51}, "s_output": {"result": 0, "hashing_t": 3.22138, "oprf_t": 305.429, "poly_t": 139.635, "poly_trans_t": 0.032141, "aby_online_t": 0.99, "aby_setup_t": 25.889, "aby_total_t": 26.879, "aby_baseot_t": 191.54, "total_t": 676.851, "nobase_t": 210.662, "poly_d_rs": [0, 61760], "oprf_d_rs": [83297, 16944], "aby_online_d_rs": [24614, 24614], "aby_setup_d_rs": [1042475, 1042475], "aby_total_d_rs": [1067089, 1067089], "aby_baseot_d_rs": [49956, 49956], "total_d_rs": [1150386, 1145793], "nobase_d_rs": [1100357, 1078937]}, "c_output": {"result": 0, "hashing_t": 0.734607, "oprf_t": 301.098, "poly_t": 8.27932, "poly_trans_t": 125.526, "aby_online_t": 0.916, "aby_setup_t": 26.079, "aby_total_t": 26.995, "aby_baseot_t": 191.44, "total_t": 676.945, "nobase_t": 194.312, "poly_d_rs": [61760, 0], "oprf_d_rs": [16944, 83297], "aby_online_d_rs": [24614, 24614], "aby_setup_d_rs": [1042475, 1042475], "aby_total_d_rs": [1067089, 1067089], "aby_baseot_d_rs": [49956, 49956], "total_d_rs": [1145793, 1150386], "nobase_d_rs": [1078937, 1100357]}, "batch": "UnbalancedData10AnalyticsDD_1"}