{"setup": "desktop-app", "repeat": 23, "parameters": {"client_neles": 1024, "server_neles": 2048, "epsilon": 1.27, "server_ip": "192.168.0.2", "port": 7777, "threads": 1, "threshold": 0, "n_fun": 3, "payload_bl": 2, "fun_type": 0, "overlap": 25, "nmegabins": 8, "poly_size": 965, "bit_len": 51}, "s_output": {"result": 0, "hashing_t": 5.31914, "oprf_t": 773.261, "poly_t": 148.775, "poly_trans_t": 0.040274, "aby_online_t": 16.905, "aby_setup_t": 130.559, "aby_total_t": 147.464, "aby_baseot_t": 531.48, "total_t": 1657.31, "nobase_t": 798.124, "poly_d_rs": [0, 61760], "oprf_d_rs": [83297, 16944], "aby_online_d_rs": [16317, 24614], "aby_setup_d_rs": [1050772, 1042475], "aby_total_d_rs": [1067089, 1067089], "aby_baseot_d_rs": [49956, 49956], "total_d_rs": [1150386, 1145793], "nobase_d_rs": [1100357, 1078937]}, "c_output": {"result": 0, "hashing_t": 3.146, "oprf_t": 759.468, "poly_t": 22.853, "poly_trans_t": 143.947, "aby_online_t": 19.71, "aby_setup_t": 130.124, "aby_total_t": 149.834, "aby_baseot_t": 532.496, "total_t": 1657.54, "nobase_t": 403.461, "poly_d_rs": [61760, 0], "oprf_d_rs": [16944, 83297], "aby_online_d_rs": [24614, 24614], "aby_setup_d_rs": [1042475, 1042475], "aby_total_d_rs": [1067089, 1067089], "aby_baseot_d_rs": [49956, 49948], "total_d_rs": [1145793, 1150386], "nobase_d_rs": [1078937, 1100365]}, "batch": "Unbalanced10AnalyticsDA_1"}