{"setup": "desktop-app", "repeat": 16, "parameters": {"client_neles": 1024, "server_neles": 1024, "epsilon": 1.27, "server_ip": "192.168.0.2", "port": 7777, "threads": 1, "threshold": 0, "n_fun": 3, "payload_bl": 2, "fun_type": 0, "overlap": 25, "nmegabins": 4, "poly_size": 947, "bit_len": 51}, "s_output": {"result": 0, "hashing_t": 0.942163, "oprf_t": 748.026, "poly_t": 104.256, "poly_trans_t": 0.029143, "aby_online_t": 12.297, "aby_setup_t": 111.146, "aby_total_t": 123.443, "aby_baseot_t": 525.985, "total_t": 1545.99, "nobase_t": 706.55, "poly_d_rs": [0, 30304], "oprf_d_rs": [83297, 16944], "aby_online_d_rs": [24613, 24614], "aby_setup_d_rs": [1042476, 1042475], "aby_total_d_rs": [1067089, 1067089], "aby_baseot_d_rs": [49956, 49956], "total_d_rs": [1150386, 1114337], "nobase_d_rs": [1100357, 1047481]}, "c_output": {"result": 0, "hashing_t": 2.086, "oprf_t": 735.427, "poly_t": 24.221, "poly_trans_t": 87.595, "aby_online_t": 12.617, "aby_setup_t": 110.774, "aby_total_t": 123.391, "aby_baseot_t": 527.494, "total_t": 1545.04, "nobase_t": 301.906, "poly_d_rs": [30304, 0], "oprf_d_rs": [16944, 83297], "aby_online_d_rs": [24614, 24613], "aby_setup_d_rs": [1042475, 1042467], "aby_total_d_rs": [1067089, 1067080], "aby_baseot_d_rs": [49956, 49956], "total_d_rs": [1114337, 1150377], "nobase_d_rs": [1047481, 1100348]}, "batch": "Unbalanced10AnalyticsDA_1"}