{"setup": "desktop-app", "repeat": 7, "parameters": {"client_neles": 1024, "server_neles": 2048, "epsilon": 1.27, "server_ip": "192.168.0.2", "port": 7777, "threads": 1, "threshold": 0, "n_fun": 3, "payload_bl": 2, "fun_type": 0, "overlap": 25, "nmegabins": 8, "poly_size": 965, "bit_len": 51}, "s_output": {"result": 0, "hashing_t": 1.89778, "oprf_t": 774.064, "poly_t": 153.319, "poly_trans_t": 0.036771, "aby_online_t": 15.713, "aby_setup_t": 145.674, "aby_total_t": 161.387, "aby_baseot_t": 527.29, "total_t": 1671.38, "nobase_t": 864.396, "poly_d_rs": [0, 61760], "oprf_d_rs": [83297, 16944], "aby_online_d_rs": [16317, 24614], "aby_setup_d_rs": [1050772, 1042475], "aby_total_d_rs": [1067089, 1067089], "aby_baseot_d_rs": [49956, 49956], "total_d_rs": [1150386, 1145793], "nobase_d_rs": [1100357, 1078937]}, "c_output": {"result": 0, "hashing_t": 1.652, "oprf_t": 757.919, "poly_t": 27.673, "poly_trans_t": 147.834, "aby_online_t": 16.793, "aby_setup_t": 145.193, "aby_total_t": 161.986, "aby_baseot_t": 528.334, "total_t": 1669.11, "nobase_t": 423.612, "poly_d_rs": [61760, 0], "oprf_d_rs": [16944, 83297], "aby_online_d_rs": [24614, 24605], "aby_setup_d_rs": [1042475, 1042475], "aby_total_d_rs": [1067089, 1067080], "aby_baseot_d_rs": [49956, 49956], "total_d_rs": [1145793, 1150377], "nobase_d_rs": [1078937, 1100348]}, "batch": "Unbalanced10AnalyticsDA_1"}