{"setup": "desktop-app", "repeat": 3, "parameters": {"client_neles": 1024, "server_neles": 4096, "epsilon": 1.27, "server_ip": "192.168.0.2", "port": 7777, "threads": 1, "threshold": 0, "n_fun": 3, "payload_bl": 2, "fun_type": 0, "overlap": 25, "nmegabins": 16, "poly_size": 976, "bit_len": 51}, "s_output": {"result": 0, "hashing_t": 4.08501, "oprf_t": 763.794, "poly_t": 244.18, "poly_trans_t": 8.57503, "aby_online_t": 13.458, "aby_setup_t": 136.646, "aby_total_t": 150.104, "aby_baseot_t": 522.702, "total_t": 1757.08, "nobase_t": 892.862, "poly_d_rs": [0, 124928], "oprf_d_rs": [83297, 16944], "aby_online_d_rs": [16317, 24605], "aby_setup_d_rs": [1050772, 1042475], "aby_total_d_rs": [1067089, 1067080], "aby_baseot_d_rs": [49956, 49956], "total_d_rs": [1150386, 1208952], "nobase_d_rs": [1100357, 1142096]}, "c_output": {"result": 0, "hashing_t": 1.474, "oprf_t": 744.822, "poly_t": 19.825, "poly_trans_t": 263.917, "aby_online_t": 17.243, "aby_setup_t": 135.313, "aby_total_t": 152.556, "aby_baseot_t": 527.562, "total_t": 1758.94, "nobase_t": 525.847, "poly_d_rs": [124928, 0], "oprf_d_rs": [16944, 83297], "aby_online_d_rs": [24614, 24623], "aby_setup_d_rs": [1042475, 1042466], "aby_total_d_rs": [1067089, 1067089], "aby_baseot_d_rs": [49956, 49948], "total_d_rs": [1208961, 1150386], "nobase_d_rs": [1142105, 1100365]}, "batch": "Unbalanced10AnalyticsDA_1"}