{"setup": "desktop-app", "repeat": 16, "parameters": {"client_neles": 1024, "server_neles": 4096, "epsilon": 1.27, "server_ip": "192.168.0.2", "port": 7777, "threads": 1, "threshold": 0, "n_fun": 3, "payload_bl": 2, "fun_type": 0, "overlap": 25, "nmegabins": 16, "poly_size": 976, "bit_len": 51}, "s_output": {"result": 0, "hashing_t": 8.17174, "oprf_t": 799.322, "poly_t": 257.113, "poly_trans_t": 6.28892, "aby_online_t": 12.433, "aby_setup_t": 119.199, "aby_total_t": 131.632, "aby_baseot_t": 510.132, "total_t": 1769.31, "nobase_t": 923.663, "poly_d_rs": [0, 124928], "oprf_d_rs": [83297, 16944], "aby_online_d_rs": [16317, 24605], "aby_setup_d_rs": [1050772, 1042475], "aby_total_d_rs": [1067089, 1067080], "aby_baseot_d_rs": [49956, 49956], "total_d_rs": [1150386, 1208952], "nobase_d_rs": [1100357, 1142096]}, "c_output": {"result": 0, "hashing_t": 3.299, "oprf_t": 783.084, "poly_t": 28.182, "poly_trans_t": 264.294, "aby_online_t": 14.763, "aby_setup_t": 118.453, "aby_total_t": 133.216, "aby_baseot_t": 511.351, "total_t": 1769.48, "nobase_t": 516.674, "poly_d_rs": [124928, 0], "oprf_d_rs": [16944, 83297], "aby_online_d_rs": [24614, 24614], "aby_setup_d_rs": [1042475, 1042475], "aby_total_d_rs": [1067089, 1067089], "aby_baseot_d_rs": [49956, 49948], "total_d_rs": [1208961, 1150386], "nobase_d_rs": [1142105, 1100365]}, "batch": "Unbalanced10AnalyticsDA_1"}