{"setup": "desktop-app", "repeat": 4, "parameters": {"client_neles": 1024, "server_neles": 2048, "epsilon": 1.27, "server_ip": "192.168.0.2", "port": 7777, "threads": 1, "threshold": 0, "n_fun": 3, "payload_bl": 2, "fun_type": 0, "overlap": 25, "nmegabins": 8, "poly_size": 965, "bit_len": 51}, "s_output": {"result": 0, "hashing_t": 2.04027, "oprf_t": 742.286, "poly_t": 158.821, "poly_trans_t": 0.037145, "aby_online_t": 13.734, "aby_setup_t": 142.497, "aby_total_t": 156.231, "aby_baseot_t": 508.158, "total_t": 1622.15, "nobase_t": 827.663, "poly_d_rs": [0, 61760], "oprf_d_rs": [83297, 16944], "aby_online_d_rs": [16317, 24614], "aby_setup_d_rs": [1050772, 1042475], "aby_total_d_rs": [1067089, 1067089], "aby_baseot_d_rs": [49956, 49956], "total_d_rs": [1150386, 1145793], "nobase_d_rs": [1100357, 1078937]}, "c_output": {"result": 0, "hashing_t": 8.849, "oprf_t": 721.906, "poly_t": 28.907, "poly_trans_t": 150.342, "aby_online_t": 18.285, "aby_setup_t": 141.333, "aby_total_t": 159.618, "aby_baseot_t": 509.119, "total_t": 1623.34, "nobase_t": 436.372, "poly_d_rs": [61760, 0], "oprf_d_rs": [16944, 83297], "aby_online_d_rs": [24615, 24623], "aby_setup_d_rs": [1042475, 1042466], "aby_total_d_rs": [1067090, 1067089], "aby_baseot_d_rs": [49956, 49956], "total_d_rs": [1145794, 1150386], "nobase_d_rs": [1078938, 1100357]}, "batch": "Unbalanced10AnalyticsDA_1"}