{"setup": "desktop-app", "repeat": 14, "parameters": {"client_neles": 1024, "server_neles": 2048, "epsilon": 1.27, "server_ip": "192.168.0.2", "port": 7777, "threads": 1, "threshold": 0, "n_fun": 3, "payload_bl": 2, "fun_type": 0, "overlap": 25, "nmegabins": 8, "poly_size": 965, "bit_len": 51}, "s_output": {"result": 0, "hashing_t": 8.20456, "oprf_t": 754.471, "poly_t": 160.077, "poly_trans_t": 0.043458, "aby_online_t": 10.221, "aby_setup_t": 99.681, "aby_total_t": 109.902, "aby_baseot_t": 506.05, "total_t": 1595.14, "nobase_t": 802.331, "poly_d_rs": [0, 61760], "oprf_d_rs": [83297, 16944], "aby_online_d_rs": [24613, 24614], "aby_setup_d_rs": [1042476, 1042475], "aby_total_d_rs": [1067089, 1067089], "aby_baseot_d_rs": [49956, 49956], "total_d_rs": [1150386, 1145793], "nobase_d_rs": [1100357, 1078937]}, "c_output": {"result": 0, "hashing_t": 4.588, "oprf_t": 745.717, "poly_t": 29.703, "poly_trans_t": 153.037, "aby_online_t": 11.46, "aby_setup_t": 99.588, "aby_total_t": 111.048, "aby_baseot_t": 507.258, "total_t": 1595.48, "nobase_t": 381.409, "poly_d_rs": [61760, 0], "oprf_d_rs": [16944, 83297], "aby_online_d_rs": [24614, 24614], "aby_setup_d_rs": [1042475, 1042475], "aby_total_d_rs": [1067089, 1067089], "aby_baseot_d_rs": [49956, 49956], "total_d_rs": [1145793, 1150386], "nobase_d_rs": [1078937, 1100357]}, "batch": "Unbalanced10AnalyticsDA_1"}