{"setup": "desktop-app", "repeat": 21, "parameters": {"client_neles": 1024, "server_neles": 4096, "epsilon": 1.27, "server_ip": "192.168.0.2", "port": 7777, "threads": 1, "threshold": 0, "n_fun": 3, "payload_bl": 2, "fun_type": 0, "overlap": 25, "nmegabins": 16, "poly_size": 976, "bit_len": 51}, "s_output": {"result": 0, "hashing_t": 6.55116, "oprf_t": 791.293, "poly_t": 279.749, "poly_trans_t": 5.84807, "aby_online_t": 17.546, "aby_setup_t": 136.623, "aby_total_t": 154.169, "aby_baseot_t": 525.742, "total_t": 1808.02, "nobase_t": 949.712, "poly_d_rs": [0, 124928], "oprf_d_rs": [83297, 16944], "aby_online_d_rs": [16317, 24614], "aby_setup_d_rs": [1050772, 1042475], "aby_total_d_rs": [1067089, 1067089], "aby_baseot_d_rs": [49956, 49956], "total_d_rs": [1150386, 1208961], "nobase_d_rs": [1100357, 1142105]}, "c_output": {"result": 0, "hashing_t": 2.05, "oprf_t": 771.424, "poly_t": 18.884, "poly_trans_t": 273.506, "aby_online_t": 18.275, "aby_setup_t": 136.108, "aby_total_t": 154.383, "aby_baseot_t": 527.136, "total_t": 1806.76, "nobase_t": 546.729, "poly_d_rs": [124928, 0], "oprf_d_rs": [16944, 83297], "aby_online_d_rs": [24614, 24605], "aby_setup_d_rs": [1042475, 1042475], "aby_total_d_rs": [1067089, 1067080], "aby_baseot_d_rs": [49956, 49948], "total_d_rs": [1208961, 1150377], "nobase_d_rs": [1142105, 1100356]}, "batch": "Unbalanced10AnalyticsDA_1"}