{"setup": "desktop-app", "repeat": 15, "parameters": {"client_neles": 1024, "server_neles": 1024, "epsilon": 1.27, "server_ip": "192.168.0.2", "port": 7777, "threads": 1, "threshold": 0, "n_fun": 3, "payload_bl": 2, "fun_type": 0, "overlap": 25, "nmegabins": 4, "poly_size": 947, "bit_len": 51}, "s_output": {"result": 0, "hashing_t": 4.05228, "oprf_t": 804.403, "poly_t": 105.074, "poly_trans_t": 0.034715, "aby_online_t": 12.749, "aby_setup_t": 105.879, "aby_total_t": 118.628, "aby_baseot_t": 521.522, "total_t": 1602.58, "nobase_t": 770.309, "poly_d_rs": [0, 30304], "oprf_d_rs": [83297, 16944], "aby_online_d_rs": [24614, 24614], "aby_setup_d_rs": [1042475, 1042475], "aby_total_d_rs": [1067089, 1067089], "aby_baseot_d_rs": [49956, 49956], "total_d_rs": [1150386, 1114337], "nobase_d_rs": [1100357, 1047481]}, "c_output": {"result": 0, "hashing_t": 2.077, "oprf_t": 795.088, "poly_t": 29.8, "poly_trans_t": 89.08, "aby_online_t": 13.406, "aby_setup_t": 105.639, "aby_total_t": 119.045, "aby_baseot_t": 522.633, "total_t": 1602.3, "nobase_t": 319.272, "poly_d_rs": [30304, 0], "oprf_d_rs": [16944, 83297], "aby_online_d_rs": [24614, 24614], "aby_setup_d_rs": [1042475, 1042475], "aby_total_d_rs": [1067089, 1067089], "aby_baseot_d_rs": [49956, 49956], "total_d_rs": [1114337, 1150386], "nobase_d_rs": [1047481, 1100357]}, "batch": "Unbalanced10AnalyticsDA_1"}