{"setup": "desktop-app", "repeat": 3, "parameters": {"client_neles": 1024, "server_neles": 1024, "epsilon": 1.27, "server_ip": "192.168.0.2", "port": 7777, "threads": 1, "threshold": 0, "n_fun": 3, "payload_bl": 2, "fun_type": 0, "overlap": 25, "nmegabins": 4, "poly_size": 947, "bit_len": 51}, "s_output": {"result": 0, "hashing_t": 4.18437, "oprf_t": 762.105, "poly_t": 80.9249, "poly_trans_t": 0.031748, "aby_online_t": 12.913, "aby_setup_t": 164.274, "aby_total_t": 177.187, "aby_baseot_t": 512.652, "total_t": 1583.67, "nobase_t": 756.372, "poly_d_rs": [0, 30304], "oprf_d_rs": [83297, 16944], "aby_online_d_rs": [16317, 24605], "aby_setup_d_rs": [1050772, 1042475], "aby_total_d_rs": [1067089, 1067080], "aby_baseot_d_rs": [49956, 49956], "total_d_rs": [1150386, 1114328], "nobase_d_rs": [1100357, 1047472]}, "c_output": {"result": 0, "hashing_t": 3.236, "oprf_t": 750.596, "poly_t": 24.055, "poly_trans_t": 69.836, "aby_online_t": 15.426, "aby_setup_t": 163.993, "aby_total_t": 179.419, "aby_baseot_t": 513.031, "total_t": 1584.83, "nobase_t": 350.877, "poly_d_rs": [30304, 0], "oprf_d_rs": [16944, 83297], "aby_online_d_rs": [24614, 24614], "aby_setup_d_rs": [1042475, 1042475], "aby_total_d_rs": [1067089, 1067089], "aby_baseot_d_rs": [49956, 49956], "total_d_rs": [1114337, 1150386], "nobase_d_rs": [1047481, 1100357]}, "batch": "Unbalanced10AnalyticsDA_1"}