{"setup": "desktop-app", "repeat": 8, "parameters": {"client_neles": 1024, "server_neles": 2048, "epsilon": 1.27, "server_ip": "192.168.0.2", "port": 7777, "threads": 1, "threshold": 0, "n_fun": 3, "payload_bl": 2, "fun_type": 0, "overlap": 25, "nmegabins": 8, "poly_size": 965, "bit_len": 51}, "s_output": {"result": 0, "hashing_t": 6.20052, "oprf_t": 796.457, "poly_t": 161.477, "poly_trans_t": 0.047331, "aby_online_t": 17.628, "aby_setup_t": 130.697, "aby_total_t": 148.325, "aby_baseot_t": 516.796, "total_t": 1680.67, "nobase_t": 865.534, "poly_d_rs": [0, 61760], "oprf_d_rs": [83297, 16944], "aby_online_d_rs": [24605, 24614], "aby_setup_d_rs": [1042484, 1042475], "aby_total_d_rs": [1067089, 1067089], "aby_baseot_d_rs": [49956, 49956], "total_d_rs": [1150386, 1145793], "nobase_d_rs": [1100357, 1078937]}, "c_output": {"result": 0, "hashing_t": 1.591, "oprf_t": 776.478, "poly_t": 24.229, "poly_trans_t": 142.971, "aby_online_t": 17.908, "aby_setup_t": 130.743, "aby_total_t": 148.651, "aby_baseot_t": 517.857, "total_t": 1679.57, "nobase_t": 417.801, "poly_d_rs": [61760, 0], "oprf_d_rs": [16944, 83297], "aby_online_d_rs": [24614, 24605], "aby_setup_d_rs": [1042475, 1042475], "aby_total_d_rs": [1067089, 1067080], "aby_baseot_d_rs": [49956, 49956], "total_d_rs": [1145793, 1150377], "nobase_d_rs": [1078937, 1100348]}, "batch": "Unbalanced10AnalyticsDA_1"}