{"setup": "desktop-app", "repeat": 9, "parameters": {"client_neles": 1024, "server_neles": 1024, "epsilon": 1.27, "server_ip": "192.168.0.2", "port": 7777, "threads": 1, "threshold": 0, "n_fun": 3, "payload_bl": 2, "fun_type": 0, "overlap": 25, "nmegabins": 4, "poly_size": 947, "bit_len": 51}, "s_output": {"result": 0, "hashing_t": 4.08594, "oprf_t": 751.736, "poly_t": 109.341, "poly_trans_t": 0.031967, "aby_online_t": 15.774, "aby_setup_t": 126.695, "aby_total_t": 142.469, "aby_baseot_t": 521.743, "total_t": 1579.39, "nobase_t": 756.017, "poly_d_rs": [0, 30304], "oprf_d_rs": [83297, 16944], "aby_online_d_rs": [24614, 24614], "aby_setup_d_rs": [1042475, 1042475], "aby_total_d_rs": [1067089, 1067089], "aby_baseot_d_rs": [49956, 49956], "total_d_rs": [1150386, 1114337], "nobase_d_rs": [1100357, 1047481]}, "c_output": {"result": 0, "hashing_t": 3.265, "oprf_t": 729.436, "poly_t": 28.879, "poly_trans_t": 84.33, "aby_online_t": 15.645, "aby_setup_t": 126.272, "aby_total_t": 141.917, "aby_baseot_t": 522.164, "total_t": 1579.05, "nobase_t": 357.939, "poly_d_rs": [30304, 0], "oprf_d_rs": [16944, 83297], "aby_online_d_rs": [24614, 24605], "aby_setup_d_rs": [1042475, 1042475], "aby_total_d_rs": [1067089, 1067080], "aby_baseot_d_rs": [49956, 49956], "total_d_rs": [1114337, 1150377], "nobase_d_rs": [1047481, 1100348]}, "batch": "Unbalanced10AnalyticsDA_1"}