{"setup": "desktop-app", "repeat": 24, "parameters": {"client_neles": 1024, "server_neles": 2048, "epsilon": 1.27, "server_ip": "192.168.0.2", "port": 7777, "threads": 1, "threshold": 0, "n_fun": 3, "payload_bl": 2, "fun_type": 0, "overlap": 25, "nmegabins": 8, "poly_size": 965, "bit_len": 51}, "s_output": {"result": 0, "hashing_t": 8.12643, "oprf_t": 783.948, "poly_t": 140.71, "poly_trans_t": 0.040231, "aby_online_t": 19.524, "aby_setup_t": 126.686, "aby_total_t": 146.21, "aby_baseot_t": 520.925, "total_t": 1657.37, "nobase_t": 851.062, "poly_d_rs": [0, 61760], "oprf_d_rs": [83297, 16944], "aby_online_d_rs": [16317, 24614], "aby_setup_d_rs": [1050772, 1042475], "aby_total_d_rs": [1067089, 1067089], "aby_baseot_d_rs": [49956, 49956], "total_d_rs": [1150386, 1145793], "nobase_d_rs": [1100357, 1078937]}, "c_output": {"result": 0, "hashing_t": 2.571, "oprf_t": 770.131, "poly_t": 28.944, "poly_trans_t": 137.265, "aby_online_t": 20.586, "aby_setup_t": 125.824, "aby_total_t": 146.41, "aby_baseot_t": 521.172, "total_t": 1655.74, "nobase_t": 397.389, "poly_d_rs": [61760, 0], "oprf_d_rs": [16944, 83297], "aby_online_d_rs": [24614, 24605], "aby_setup_d_rs": [1042475, 1042475], "aby_total_d_rs": [1067089, 1067080], "aby_baseot_d_rs": [49956, 49956], "total_d_rs": [1145793, 1150377], "nobase_d_rs": [1078937, 1100348]}, "batch": "Unbalanced10AnalyticsDA_1"}