{"setup": "desktop-app", "repeat": 7, "parameters": {"client_neles": 1024, "server_neles": 1024, "epsilon": 1.27, "server_ip": "192.168.0.2", "port": 7777, "threads": 1, "threshold": 0, "n_fun": 3, "payload_bl": 2, "fun_type": 0, "overlap": 25, "nmegabins": 4, "poly_size": 947, "bit_len": 51}, "s_output": {"result": 0, "hashing_t": 4.34857, "oprf_t": 799.973, "poly_t": 72.7725, "poly_trans_t": 0.030969, "aby_online_t": 10.728, "aby_setup_t": 169.758, "aby_total_t": 180.486, "aby_baseot_t": 518.245, "total_t": 1620.14, "nobase_t": 790.538, "poly_d_rs": [0, 30304], "oprf_d_rs": [83297, 16944], "aby_online_d_rs": [16317, 24605], "aby_setup_d_rs": [1050772, 1042475], "aby_total_d_rs": [1067089, 1067080], "aby_baseot_d_rs": [49956, 49956], "total_d_rs": [1150386, 1114328], "nobase_d_rs": [1100357, 1047472]}, "c_output": {"result": 0, "hashing_t": 1.52, "oprf_t": 797.003, "poly_t": 24.507, "poly_trans_t": 69.088, "aby_online_t": 13.457, "aby_setup_t": 169.072, "aby_total_t": 182.529, "aby_baseot_t": 518.886, "total_t": 1621.88, "nobase_t": 344.94, "poly_d_rs": [30304, 0], "oprf_d_rs": [16944, 83297], "aby_online_d_rs": [24614, 24614], "aby_setup_d_rs": [1042475, 1042475], "aby_total_d_rs": [1067089, 1067089], "aby_baseot_d_rs": [49956, 49956], "total_d_rs": [1114337, 1150386], "nobase_d_rs": [1047481, 1100357]}, "batch": "Unbalanced10AnalyticsDA_1"}