{"setup": "desktop-app", "repeat": 2, "parameters": {"client_neles": 1024, "server_neles": 1024, "epsilon": 1.27, "server_ip": "192.168.0.2", "port": 7777, "threads": 1, "threshold": 0, "n_fun": 3, "payload_bl": 2, "fun_type": 0, "overlap": 25, "nmegabins": 4, "poly_size": 947, "bit_len": 51}, "s_output": {"result": 0, "hashing_t": 4.03317, "oprf_t": 776.965, "poly_t": 98.5485, "poly_trans_t": 0.025264, "aby_online_t": 16.043, "aby_setup_t": 90.298, "aby_total_t": 106.341, "aby_baseot_t": 520.798, "total_t": 1553.79, "nobase_t": 726.16, "poly_d_rs": [0, 30304], "oprf_d_rs": [83297, 16944], "aby_online_d_rs": [24614, 24614], "aby_setup_d_rs": [1042475, 1042475], "aby_total_d_rs": [1067089, 1067089], "aby_baseot_d_rs": [49956, 49956], "total_d_rs": [1150386, 1114337], "nobase_d_rs": [1100357, 1047481]}, "c_output": {"result": 0, "hashing_t": 1.243, "oprf_t": 767.032, "poly_t": 27.034, "poly_trans_t": 85.583, "aby_online_t": 12.882, "aby_setup_t": 94.079, "aby_total_t": 106.961, "aby_baseot_t": 521.541, "total_t": 1553.78, "nobase_t": 282.049, "poly_d_rs": [30304, 0], "oprf_d_rs": [16944, 83297], "aby_online_d_rs": [16317, 24614], "aby_setup_d_rs": [1050772, 1042475], "aby_total_d_rs": [1067089, 1067089], "aby_baseot_d_rs": [49956, 49948], "total_d_rs": [1114337, 1150386], "nobase_d_rs": [1047481, 1100365]}, "batch": "Unbalanced10AnalyticsDA_1"}