{"setup": "desktop-app", "repeat": 16, "parameters": {"client_neles": 1024, "server_neles": 2048, "epsilon": 1.27, "server_ip": "192.168.0.2", "port": 7777, "threads": 1, "threshold": 0, "n_fun": 3, "payload_bl": 2, "fun_type": 0, "overlap": 25, "nmegabins": 8, "poly_size": 965, "bit_len": 51}, "s_output": {"result": 0, "hashing_t": 2.07749, "oprf_t": 771.007, "poly_t": 150.172, "poly_trans_t": 0.035888, "aby_online_t": 14.809, "aby_setup_t": 131.114, "aby_total_t": 145.923, "aby_baseot_t": 529.683, "total_t": 1647.38, "nobase_t": 832.36, "poly_d_rs": [0, 61760], "oprf_d_rs": [83297, 16944], "aby_online_d_rs": [24605, 24614], "aby_setup_d_rs": [1042484, 1042475], "aby_total_d_rs": [1067089, 1067089], "aby_baseot_d_rs": [49956, 49956], "total_d_rs": [1150386, 1145793], "nobase_d_rs": [1100357, 1078937]}, "c_output": {"result": 0, "hashing_t": 3.121, "oprf_t": 754.757, "poly_t": 23.572, "poly_trans_t": 144.72, "aby_online_t": 17.158, "aby_setup_t": 131.521, "aby_total_t": 148.679, "aby_baseot_t": 530.409, "total_t": 1648.38, "nobase_t": 396.703, "poly_d_rs": [61760, 0], "oprf_d_rs": [16944, 83297], "aby_online_d_rs": [24614, 24614], "aby_setup_d_rs": [1042475, 1042475], "aby_total_d_rs": [1067089, 1067089], "aby_baseot_d_rs": [49956, 49948], "total_d_rs": [1145793, 1150386], "nobase_d_rs": [1078937, 1100365]}, "batch": "Unbalanced10AnalyticsDA_1"}