{"setup": "desktop-app", "repeat": 24, "parameters": {"client_neles": 1024, "server_neles": 1024, "epsilon": 1.27, "server_ip": "192.168.0.2", "port": 7777, "threads": 1, "threshold": 0, "n_fun": 3, "payload_bl": 2, "fun_type": 0, "overlap": 25, "nmegabins": 4, "poly_size": 947, "bit_len": 51}, "s_output": {"result": 0, "hashing_t": 6.12749, "oprf_t": 770.517, "poly_t": 105.146, "poly_trans_t": 0.025609, "aby_online_t": 11.847, "aby_setup_t": 116.552, "aby_total_t": 128.399, "aby_baseot_t": 512.476, "total_t": 1570.08, "nobase_t": 774.928, "poly_d_rs": [0, 30304], "oprf_d_rs": [83297, 16944], "aby_online_d_rs": [24613, 24614], "aby_setup_d_rs": [1042476, 1042475], "aby_total_d_rs": [1067089, 1067089], "aby_baseot_d_rs": [49956, 49956], "total_d_rs": [1150386, 1114337], "nobase_d_rs": [1100357, 1047481]}, "c_output": {"result": 0, "hashing_t": 2.078, "oprf_t": 767.22, "poly_t": 29.712, "poly_trans_t": 84.667, "aby_online_t": 11.761, "aby_setup_t": 116.757, "aby_total_t": 128.518, "aby_baseot_t": 512.846, "total_t": 1569.16, "nobase_t": 326.177, "poly_d_rs": [30304, 0], "oprf_d_rs": [16944, 83297], "aby_online_d_rs": [24614, 24605], "aby_setup_d_rs": [1042475, 1042475], "aby_total_d_rs": [1067089, 1067080], "aby_baseot_d_rs": [49956, 49956], "total_d_rs": [1114337, 1150377], "nobase_d_rs": [1047481, 1100348]}, "batch": "Unbalanced10AnalyticsDA_1"}