{"setup": "desktop-app", "repeat": 5, "parameters": {"client_neles": 1024, "server_neles": 2048, "epsilon": 1.27, "server_ip": "192.168.0.2", "port": 7777, "threads": 1, "threshold": 0, "n_fun": 3, "payload_bl": 2, "fun_type": 0, "overlap": 25, "nmegabins": 8, "poly_size": 965, "bit_len": 51}, "s_output": {"result": 0, "hashing_t": 1.94773, "oprf_t": 790.077, "poly_t": 143.882, "poly_trans_t": 0.041074, "aby_online_t": 15.457, "aby_setup_t": 155.825, "aby_total_t": 171.282, "aby_baseot_t": 532.867, "total_t": 1693.2, "nobase_t": 881.14, "poly_d_rs": [0, 61760], "oprf_d_rs": [83297, 16944], "aby_online_d_rs": [16317, 24605], "aby_setup_d_rs": [1050772, 1042475], "aby_total_d_rs": [1067089, 1067080], "aby_baseot_d_rs": [49956, 49956], "total_d_rs": [1150386, 1145784], "nobase_d_rs": [1100357, 1078928]}, "c_output": {"result": 0, "hashing_t": 1.882, "oprf_t": 758.342, "poly_t": 27.657, "poly_trans_t": 134.935, "aby_online_t": 18.258, "aby_setup_t": 155.982, "aby_total_t": 174.24, "aby_baseot_t": 533.937, "total_t": 1693.61, "nobase_t": 439.063, "poly_d_rs": [61760, 0], "oprf_d_rs": [16944, 83297], "aby_online_d_rs": [24614, 24614], "aby_setup_d_rs": [1042475, 1042475], "aby_total_d_rs": [1067089, 1067089], "aby_baseot_d_rs": [49956, 49948], "total_d_rs": [1145793, 1150386], "nobase_d_rs": [1078937, 1100365]}, "batch": "Unbalanced10AnalyticsDA_1"}