{"setup": "desktop-app", "repeat": 15, "parameters": {"client_neles": 1024, "server_neles": 4096, "epsilon": 1.27, "server_ip": "192.168.0.2", "port": 7777, "threads": 1, "threshold": 0, "n_fun": 3, "payload_bl": 2, "fun_type": 0, "overlap": 25, "nmegabins": 16, "poly_size": 976, "bit_len": 51}, "s_output": {"result": 0, "hashing_t": 5.71645, "oprf_t": 770.823, "poly_t": 258.416, "poly_trans_t": 6.06732, "aby_online_t": 11.465, "aby_setup_t": 152.679, "aby_total_t": 164.144, "aby_baseot_t": 529.887, "total_t": 1782.35, "nobase_t": 972.382, "poly_d_rs": [0, 124928], "oprf_d_rs": [83297, 16944], "aby_online_d_rs": [24605, 24605], "aby_setup_d_rs": [1042484, 1042475], "aby_total_d_rs": [1067089, 1067080], "aby_baseot_d_rs": [49956, 49956], "total_d_rs": [1150386, 1208952], "nobase_d_rs": [1100357, 1142096]}, "c_output": {"result": 0, "hashing_t": 1.415, "oprf_t": 723.341, "poly_t": 19.786, "poly_trans_t": 262.184, "aby_online_t": 13.371, "aby_setup_t": 151.828, "aby_total_t": 165.199, "aby_baseot_t": 531.389, "total_t": 1781.49, "nobase_t": 559.749, "poly_d_rs": [124928, 0], "oprf_d_rs": [16944, 83297], "aby_online_d_rs": [24614, 24614], "aby_setup_d_rs": [1042475, 1042475], "aby_total_d_rs": [1067089, 1067089], "aby_baseot_d_rs": [49956, 49948], "total_d_rs": [1208961, 1150386], "nobase_d_rs": [1142105, 1100365]}, "batch": "Unbalanced10AnalyticsDA_1"}