{"setup": "desktop-app", "repeat": 12, "parameters": {"client_neles": 1024, "server_neles": 1024, "epsilon": 1.27, "server_ip": "192.168.0.2", "port": 7777, "threads": 1, "threshold": 0, "n_fun": 3, "payload_bl": 2, "fun_type": 0, "overlap": 25, "nmegabins": 4, "poly_size": 947, "bit_len": 51}, "s_output": {"result": 0, "hashing_t": 4.20814, "oprf_t": 736.11, "poly_t": 100.708, "poly_trans_t": 0.034005, "aby_online_t": 16.753, "aby_setup_t": 122.841, "aby_total_t": 139.594, "aby_baseot_t": 520.768, "total_t": 1555.13, "nobase_t": 721.299, "poly_d_rs": [0, 30304], "oprf_d_rs": [83297, 16944], "aby_online_d_rs": [24614, 24614], "aby_setup_d_rs": [1042475, 1042475], "aby_total_d_rs": [1067089, 1067089], "aby_baseot_d_rs": [49956, 49956], "total_d_rs": [1150386, 1114337], "nobase_d_rs": [1100357, 1047481]}, "c_output": {"result": 0, "hashing_t": 1.401, "oprf_t": 722.09, "poly_t": 32.681, "poly_trans_t": 87.262, "aby_online_t": 16.746, "aby_setup_t": 122.478, "aby_total_t": 139.224, "aby_baseot_t": 522.027, "total_t": 1553.63, "nobase_t": 343.762, "poly_d_rs": [30304, 0], "oprf_d_rs": [16944, 83297], "aby_online_d_rs": [24614, 24605], "aby_setup_d_rs": [1042475, 1042475], "aby_total_d_rs": [1067089, 1067080], "aby_baseot_d_rs": [49956, 49947], "total_d_rs": [1114337, 1150377], "nobase_d_rs": [1047481, 1100357]}, "batch": "Unbalanced10AnalyticsDA_1"}