{"setup": "desktop-app", "repeat": 18, "parameters": {"client_neles": 1024, "server_neles": 2048, "epsilon": 1.27, "server_ip": "192.168.0.2", "port": 7777, "threads": 1, "threshold": 0, "n_fun": 3, "payload_bl": 2, "fun_type": 0, "overlap": 25, "nmegabins": 8, "poly_size": 965, "bit_len": 51}, "s_output": {"result": 0, "hashing_t": 2.01394, "oprf_t": 795.005, "poly_t": 172.073, "poly_trans_t": 0.040445, "aby_online_t": 10.494, "aby_setup_t": 124.507, "aby_total_t": 135.001, "aby_baseot_t": 526.143, "total_t": 1676.19, "nobase_t": 831.451, "poly_d_rs": [0, 61760], "oprf_d_rs": [83297, 16944], "aby_online_d_rs": [24605, 24614], "aby_setup_d_rs": [1042484, 1042475], "aby_total_d_rs": [1067089, 1067089], "aby_baseot_d_rs": [49956, 49956], "total_d_rs": [1150386, 1145793], "nobase_d_rs": [1100357, 1078937]}, "c_output": {"result": 0, "hashing_t": 2.047, "oprf_t": 762.889, "poly_t": 22.104, "poly_trans_t": 147.455, "aby_online_t": 12.28, "aby_setup_t": 124.514, "aby_total_t": 136.794, "aby_baseot_t": 526.812, "total_t": 1676.44, "nobase_t": 421.168, "poly_d_rs": [61760, 0], "oprf_d_rs": [16944, 83297], "aby_online_d_rs": [24614, 24614], "aby_setup_d_rs": [1042475, 1042475], "aby_total_d_rs": [1067089, 1067089], "aby_baseot_d_rs": [49956, 49948], "total_d_rs": [1145793, 1150386], "nobase_d_rs": [1078937, 1100365]}, "batch": "Unbalanced10AnalyticsDA_1"}