{"setup": "desktop-app", "repeat": 22, "parameters": {"client_neles": 1024, "server_neles": 1024, "epsilon": 1.27, "server_ip": "192.168.0.2", "port": 7777, "threads": 1, "threshold": 0, "n_fun": 3, "payload_bl": 2, "fun_type": 0, "overlap": 25, "nmegabins": 4, "poly_size": 947, "bit_len": 51}, "s_output": {"result": 0, "hashing_t": 4.06103, "oprf_t": 717.513, "poly_t": 98.4243, "poly_trans_t": 0.033122, "aby_online_t": 13.221, "aby_setup_t": 97.939, "aby_total_t": 111.16, "aby_baseot_t": 534.057, "total_t": 1508.31, "nobase_t": 683.883, "poly_d_rs": [0, 30304], "oprf_d_rs": [83297, 16944], "aby_online_d_rs": [24614, 24614], "aby_setup_d_rs": [1042475, 1042475], "aby_total_d_rs": [1067089, 1067089], "aby_baseot_d_rs": [49956, 49956], "total_d_rs": [1150386, 1114337], "nobase_d_rs": [1100357, 1047481]}, "c_output": {"result": 0, "hashing_t": 2.514, "oprf_t": 702.169, "poly_t": 24.41, "poly_trans_t": 74.077, "aby_online_t": 12.713, "aby_setup_t": 101.049, "aby_total_t": 113.762, "aby_baseot_t": 534.245, "total_t": 1509.65, "nobase_t": 307.427, "poly_d_rs": [30304, 0], "oprf_d_rs": [16944, 83297], "aby_online_d_rs": [16326, 24614], "aby_setup_d_rs": [1050772, 1042475], "aby_total_d_rs": [1067098, 1067089], "aby_baseot_d_rs": [49956, 49956], "total_d_rs": [1114346, 1150386], "nobase_d_rs": [1047490, 1100357]}, "batch": "Unbalanced10AnalyticsDA_1"}