{"setup": "desktop-app", "repeat": 21, "parameters": {"client_neles": 1024, "server_neles": 2048, "epsilon": 1.27, "server_ip": "192.168.0.2", "port": 7777, "threads": 1, "threshold": 0, "n_fun": 3, "payload_bl": 2, "fun_type": 0, "overlap": 25, "nmegabins": 8, "poly_size": 965, "bit_len": 51}, "s_output": {"result": 0, "hashing_t": 8.41902, "oprf_t": 740.501, "poly_t": 156.562, "poly_trans_t": 0.042206, "aby_online_t": 15.381, "aby_setup_t": 152.411, "aby_total_t": 167.792, "aby_baseot_t": 519.655, "total_t": 1639.55, "nobase_t": 822.525, "poly_d_rs": [0, 61760], "oprf_d_rs": [83297, 16944], "aby_online_d_rs": [16317, 24614], "aby_setup_d_rs": [1050772, 1042475], "aby_total_d_rs": [1067089, 1067089], "aby_baseot_d_rs": [49956, 49956], "total_d_rs": [1150386, 1145793], "nobase_d_rs": [1100357, 1078937]}, "c_output": {"result": 0, "hashing_t": 2.505, "oprf_t": 729.96, "poly_t": 23.843, "poly_trans_t": 147.805, "aby_online_t": 17.878, "aby_setup_t": 152.109, "aby_total_t": 169.987, "aby_baseot_t": 520.454, "total_t": 1640.6, "nobase_t": 421.601, "poly_d_rs": [61760, 0], "oprf_d_rs": [16944, 83297], "aby_online_d_rs": [24614, 24614], "aby_setup_d_rs": [1042475, 1042475], "aby_total_d_rs": [1067089, 1067089], "aby_baseot_d_rs": [49956, 49948], "total_d_rs": [1145793, 1150386], "nobase_d_rs": [1078937, 1100365]}, "batch": "Unbalanced10AnalyticsDA_1"}