{"setup": "desktop-app", "repeat": 10, "parameters": {"client_neles": 1024, "server_neles": 2048, "epsilon": 1.27, "server_ip": "192.168.0.2", "port": 7777, "threads": 1, "threshold": 0, "n_fun": 3, "payload_bl": 2, "fun_type": 0, "overlap": 25, "nmegabins": 8, "poly_size": 965, "bit_len": 51}, "s_output": {"result": 0, "hashing_t": 6.25015, "oprf_t": 768.681, "poly_t": 145.888, "poly_trans_t": 0.037949, "aby_online_t": 13.221, "aby_setup_t": 107.734, "aby_total_t": 120.955, "aby_baseot_t": 519.891, "total_t": 1612.82, "nobase_t": 809.511, "poly_d_rs": [0, 61760], "oprf_d_rs": [83297, 16944], "aby_online_d_rs": [24605, 24614], "aby_setup_d_rs": [1042484, 1042475], "aby_total_d_rs": [1067089, 1067089], "aby_baseot_d_rs": [49956, 49956], "total_d_rs": [1150386, 1145793], "nobase_d_rs": [1100357, 1078937]}, "c_output": {"result": 0, "hashing_t": 1.711, "oprf_t": 756.473, "poly_t": 22.91, "poly_trans_t": 142.404, "aby_online_t": 15.856, "aby_setup_t": 106.575, "aby_total_t": 122.431, "aby_baseot_t": 521.374, "total_t": 1612.93, "nobase_t": 368.187, "poly_d_rs": [61760, 0], "oprf_d_rs": [16944, 83297], "aby_online_d_rs": [24614, 24622], "aby_setup_d_rs": [1042475, 1042467], "aby_total_d_rs": [1067089, 1067089], "aby_baseot_d_rs": [49956, 49956], "total_d_rs": [1145793, 1150386], "nobase_d_rs": [1078937, 1100357]}, "batch": "Unbalanced10AnalyticsDA_1"}