{"setup": "desktop-app", "repeat": 17, "parameters": {"client_neles": 1024, "server_neles": 2048, "epsilon": 1.27, "server_ip": "192.168.0.2", "port": 7777, "threads": 1, "threshold": 0, "n_fun": 3, "payload_bl": 2, "fun_type": 0, "overlap": 25, "nmegabins": 8, "poly_size": 965, "bit_len": 51}, "s_output": {"result": 0, "hashing_t": 4.71966, "oprf_t": 742.284, "poly_t": 157.275, "poly_trans_t": 0.042746, "aby_online_t": 13.461, "aby_setup_t": 152.141, "aby_total_t": 165.602, "aby_baseot_t": 517.617, "total_t": 1637.91, "nobase_t": 824.833, "poly_d_rs": [0, 61760], "oprf_d_rs": [83297, 16944], "aby_online_d_rs": [16317, 24605], "aby_setup_d_rs": [1050772, 1042475], "aby_total_d_rs": [1067089, 1067080], "aby_baseot_d_rs": [49956, 49956], "total_d_rs": [1150386, 1145784], "nobase_d_rs": [1100357, 1078928]}, "c_output": {"result": 0, "hashing_t": 3.371, "oprf_t": 728.718, "poly_t": 24.176, "poly_trans_t": 150.78, "aby_online_t": 16.61, "aby_setup_t": 151.215, "aby_total_t": 167.825, "aby_baseot_t": 518.724, "total_t": 1638.46, "nobase_t": 426.14, "poly_d_rs": [61760, 0], "oprf_d_rs": [16944, 83297], "aby_online_d_rs": [24614, 24614], "aby_setup_d_rs": [1042475, 1042475], "aby_total_d_rs": [1067089, 1067089], "aby_baseot_d_rs": [49956, 49956], "total_d_rs": [1145793, 1150386], "nobase_d_rs": [1078937, 1100357]}, "batch": "Unbalanced10AnalyticsDA_1"}