{"setup": "desktop-app", "repeat": 5, "parameters": {"client_neles": 1024, "server_neles": 1024, "epsilon": 1.27, "server_ip": "192.168.0.2", "port": 7777, "threads": 1, "threshold": 0, "n_fun": 3, "payload_bl": 2, "fun_type": 0, "overlap": 25, "nmegabins": 4, "poly_size": 947, "bit_len": 51}, "s_output": {"result": 0, "hashing_t": 4.05795, "oprf_t": 766.061, "poly_t": 108.094, "poly_trans_t": 0.031415, "aby_online_t": 14.117, "aby_setup_t": 128.941, "aby_total_t": 143.058, "aby_baseot_t": 521.737, "total_t": 1596.04, "nobase_t": 769.677, "poly_d_rs": [0, 30304], "oprf_d_rs": [83297, 16944], "aby_online_d_rs": [24614, 24614], "aby_setup_d_rs": [1042475, 1042475], "aby_total_d_rs": [1067089, 1067089], "aby_baseot_d_rs": [49956, 49956], "total_d_rs": [1150386, 1114337], "nobase_d_rs": [1100357, 1047481]}, "c_output": {"result": 0, "hashing_t": 3.134, "oprf_t": 757.965, "poly_t": 31.871, "poly_trans_t": 89.992, "aby_online_t": 14.606, "aby_setup_t": 129.045, "aby_total_t": 143.651, "aby_baseot_t": 522.836, "total_t": 1595.94, "nobase_t": 353.369, "poly_d_rs": [30304, 0], "oprf_d_rs": [16944, 83297], "aby_online_d_rs": [24614, 24614], "aby_setup_d_rs": [1042475, 1042475], "aby_total_d_rs": [1067089, 1067089], "aby_baseot_d_rs": [49956, 49956], "total_d_rs": [1114337, 1150386], "nobase_d_rs": [1047481, 1100357]}, "batch": "Unbalanced10AnalyticsDA_1"}