{"setup": "desktop-app", "repeat": 6, "parameters": {"client_neles": 1024, "server_neles": 2048, "epsilon": 1.27, "server_ip": "192.168.0.2", "port": 7777, "threads": 1, "threshold": 0, "n_fun": 3, "payload_bl": 2, "fun_type": 0, "overlap": 25, "nmegabins": 8, "poly_size": 965, "bit_len": 51}, "s_output": {"result": 0, "hashing_t": 3.34712, "oprf_t": 785.905, "poly_t": 158.038, "poly_trans_t": 0.069056, "aby_online_t": 11.156, "aby_setup_t": 136.47, "aby_total_t": 147.626, "aby_baseot_t": 529.31, "total_t": 1672.64, "nobase_t": 813.236, "poly_d_rs": [0, 61760], "oprf_d_rs": [83297, 16944], "aby_online_d_rs": [16317, 24614], "aby_setup_d_rs": [1050772, 1042475], "aby_total_d_rs": [1067089, 1067089], "aby_baseot_d_rs": [49956, 49956], "total_d_rs": [1150386, 1145793], "nobase_d_rs": [1100357, 1078937]}, "c_output": {"result": 0, "hashing_t": 1.076, "oprf_t": 753.837, "poly_t": 23.859, "poly_trans_t": 135.004, "aby_online_t": 14.024, "aby_setup_t": 136.604, "aby_total_t": 150.628, "aby_baseot_t": 529.836, "total_t": 1673.12, "nobase_t": 420.096, "poly_d_rs": [61760, 0], "oprf_d_rs": [16944, 83297], "aby_online_d_rs": [24615, 24614], "aby_setup_d_rs": [1042475, 1042475], "aby_total_d_rs": [1067090, 1067089], "aby_baseot_d_rs": [49956, 49956], "total_d_rs": [1145794, 1150386], "nobase_d_rs": [1078938, 1100357]}, "batch": "Unbalanced10AnalyticsDA_1"}