{"setup": "desktop-app", "repeat": 6, "parameters": {"client_neles": 1024, "server_neles": 1024, "epsilon": 1.27, "server_ip": "192.168.0.2", "port": 7777, "threads": 1, "threshold": 0, "n_fun": 3, "payload_bl": 2, "fun_type": 0, "overlap": 25, "nmegabins": 4, "poly_size": 947, "bit_len": 51}, "s_output": {"result": 0, "hashing_t": 6.49154, "oprf_t": 731.871, "poly_t": 109.559, "poly_trans_t": 0.046826, "aby_online_t": 16.927, "aby_setup_t": 126.085, "aby_total_t": 143.012, "aby_baseot_t": 518.548, "total_t": 1564.73, "nobase_t": 754.441, "poly_d_rs": [0, 30304], "oprf_d_rs": [83297, 16944], "aby_online_d_rs": [16317, 24614], "aby_setup_d_rs": [1050772, 1042475], "aby_total_d_rs": [1067089, 1067089], "aby_baseot_d_rs": [49956, 49956], "total_d_rs": [1150386, 1114337], "nobase_d_rs": [1100357, 1047481]}, "c_output": {"result": 0, "hashing_t": 2.02, "oprf_t": 728.584, "poly_t": 27.108, "poly_trans_t": 91.338, "aby_online_t": 18.22, "aby_setup_t": 125.357, "aby_total_t": 143.577, "aby_baseot_t": 522.971, "total_t": 1564.54, "nobase_t": 356.194, "poly_d_rs": [30304, 0], "oprf_d_rs": [16944, 83297], "aby_online_d_rs": [24614, 24614], "aby_setup_d_rs": [1042475, 1042475], "aby_total_d_rs": [1067089, 1067089], "aby_baseot_d_rs": [49956, 49956], "total_d_rs": [1114337, 1150386], "nobase_d_rs": [1047481, 1100357]}, "batch": "Unbalanced10AnalyticsDA_1"}