{"setup": "desktop-app", "repeat": 14, "parameters": {"client_neles": 1024, "server_neles": 4096, "epsilon": 1.27, "server_ip": "192.168.0.2", "port": 7777, "threads": 1, "threshold": 0, "n_fun": 3, "payload_bl": 2, "fun_type": 0, "overlap": 25, "nmegabins": 16, "poly_size": 976, "bit_len": 51}, "s_output": {"result": 0, "hashing_t": 4.21215, "oprf_t": 719.7, "poly_t": 257.931, "poly_trans_t": 4.27503, "aby_online_t": 14.564, "aby_setup_t": 226.067, "aby_total_t": 240.631, "aby_baseot_t": 514.277, "total_t": 1798.94, "nobase_t": 1007.17, "poly_d_rs": [0, 124928], "oprf_d_rs": [83297, 16944], "aby_online_d_rs": [16317, 24614], "aby_setup_d_rs": [1050772, 1042475], "aby_total_d_rs": [1067089, 1067089], "aby_baseot_d_rs": [49956, 49956], "total_d_rs": [1150386, 1208961], "nobase_d_rs": [1100357, 1142105]}, "c_output": {"result": 0, "hashing_t": 1.949, "oprf_t": 696.079, "poly_t": 24.255, "poly_trans_t": 256.504, "aby_online_t": 15.395, "aby_setup_t": 225.188, "aby_total_t": 240.583, "aby_baseot_t": 515.29, "total_t": 1798.34, "nobase_t": 619.487, "poly_d_rs": [124928, 0], "oprf_d_rs": [16944, 83297], "aby_online_d_rs": [24614, 24614], "aby_setup_d_rs": [1042475, 1042475], "aby_total_d_rs": [1067089, 1067089], "aby_baseot_d_rs": [49956, 49956], "total_d_rs": [1208961, 1150386], "nobase_d_rs": [1142105, 1100357]}, "batch": "Unbalanced10AnalyticsDA_1"}