{"setup": "desktop-app", "repeat": 19, "parameters": {"client_neles": 1024, "server_neles": 1024, "epsilon": 1.27, "server_ip": "192.168.0.2", "port": 7777, "threads": 1, "threshold": 0, "n_fun": 3, "payload_bl": 2, "fun_type": 0, "overlap": 25, "nmegabins": 4, "poly_size": 947, "bit_len": 51}, "s_output": {"result": 0, "hashing_t": 4.16586, "oprf_t": 713.617, "poly_t": 76.6518, "poly_trans_t": 0.032099, "aby_online_t": 16.672, "aby_setup_t": 102.557, "aby_total_t": 119.229, "aby_baseot_t": 517.583, "total_t": 1476.59, "nobase_t": 670.322, "poly_d_rs": [0, 30304], "oprf_d_rs": [83297, 16944], "aby_online_d_rs": [24614, 24614], "aby_setup_d_rs": [1042475, 1042475], "aby_total_d_rs": [1067089, 1067089], "aby_baseot_d_rs": [49956, 49956], "total_d_rs": [1150386, 1114337], "nobase_d_rs": [1100357, 1047481]}, "c_output": {"result": 0, "hashing_t": 2.045, "oprf_t": 711.996, "poly_t": 23.586, "poly_trans_t": 69.893, "aby_online_t": 12.493, "aby_setup_t": 106.656, "aby_total_t": 119.149, "aby_baseot_t": 518.334, "total_t": 1475.97, "nobase_t": 285.59, "poly_d_rs": [30304, 0], "oprf_d_rs": [16944, 83297], "aby_online_d_rs": [16317, 24605], "aby_setup_d_rs": [1050772, 1042475], "aby_total_d_rs": [1067089, 1067080], "aby_baseot_d_rs": [49956, 49948], "total_d_rs": [1114337, 1150377], "nobase_d_rs": [1047481, 1100356]}, "batch": "Unbalanced10AnalyticsDA_1"}