{"setup": "desktop-app", "repeat": 11, "parameters": {"client_neles": 1024, "server_neles": 1024, "epsilon": 1.27, "server_ip": "192.168.0.2", "port": 7777, "threads": 1, "threshold": 0, "n_fun": 3, "payload_bl": 2, "fun_type": 0, "overlap": 25, "nmegabins": 4, "poly_size": 947, "bit_len": 51}, "s_output": {"result": 0, "hashing_t": 1.74975, "oprf_t": 697.465, "poly_t": 103.822, "poly_trans_t": 0.032144, "aby_online_t": 17.369, "aby_setup_t": 179.58, "aby_total_t": 196.949, "aby_baseot_t": 529.359, "total_t": 1572.56, "nobase_t": 748.42, "poly_d_rs": [0, 30304], "oprf_d_rs": [83297, 16944], "aby_online_d_rs": [16317, 24614], "aby_setup_d_rs": [1050772, 1042475], "aby_total_d_rs": [1067089, 1067089], "aby_baseot_d_rs": [49956, 49956], "total_d_rs": [1150386, 1114337], "nobase_d_rs": [1100357, 1047481]}, "c_output": {"result": 0, "hashing_t": 2.602, "oprf_t": 676.34, "poly_t": 23.15, "poly_trans_t": 82.389, "aby_online_t": 20.051, "aby_setup_t": 178.024, "aby_total_t": 198.075, "aby_baseot_t": 530.568, "total_t": 1573.3, "nobase_t": 383.912, "poly_d_rs": [30304, 0], "oprf_d_rs": [16944, 83297], "aby_online_d_rs": [24614, 24614], "aby_setup_d_rs": [1042475, 1042475], "aby_total_d_rs": [1067089, 1067089], "aby_baseot_d_rs": [49956, 49948], "total_d_rs": [1114337, 1150386], "nobase_d_rs": [1047481, 1100365]}, "batch": "Unbalanced10AnalyticsDA_1"}