{"setup": "desktop-app", "repeat": 4, "parameters": {"client_neles": 1024, "server_neles": 1024, "epsilon": 1.27, "server_ip": "192.168.0.2", "port": 7777, "threads": 1, "threshold": 0, "n_fun": 3, "payload_bl": 2, "fun_type": 0, "overlap": 25, "nmegabins": 4, "poly_size": 947, "bit_len": 51}, "s_output": {"result": 0, "hashing_t": 4.07764, "oprf_t": 786.874, "poly_t": 103.733, "poly_trans_t": 0.031868, "aby_online_t": 16.948, "aby_setup_t": 144.103, "aby_total_t": 161.051, "aby_baseot_t": 523.372, "total_t": 1634.34, "nobase_t": 806.016, "poly_d_rs": [0, 30304], "oprf_d_rs": [83297, 16944], "aby_online_d_rs": [24614, 24614], "aby_setup_d_rs": [1042475, 1042475], "aby_total_d_rs": [1067089, 1067089], "aby_baseot_d_rs": [49956, 49956], "total_d_rs": [1150386, 1114337], "nobase_d_rs": [1100357, 1047481]}, "c_output": {"result": 0, "hashing_t": 1.489, "oprf_t": 778.307, "poly_t": 31.015, "poly_trans_t": 90.141, "aby_online_t": 18.036, "aby_setup_t": 143.693, "aby_total_t": 161.729, "aby_baseot_t": 527.165, "total_t": 1633.76, "nobase_t": 364.538, "poly_d_rs": [30304, 0], "oprf_d_rs": [16944, 83297], "aby_online_d_rs": [24614, 24614], "aby_setup_d_rs": [1042475, 1042475], "aby_total_d_rs": [1067089, 1067089], "aby_baseot_d_rs": [49956, 49948], "total_d_rs": [1114337, 1150386], "nobase_d_rs": [1047481, 1100365]}, "batch": "Unbalanced10AnalyticsDA_1"}