{"setup": "desktop-app", "repeat": 21, "parameters": {"client_neles": 1024, "server_neles": 1024, "epsilon": 1.27, "server_ip": "192.168.0.2", "port": 7777, "threads": 1, "threshold": 0, "n_fun": 3, "payload_bl": 2, "fun_type": 0, "overlap": 25, "nmegabins": 4, "poly_size": 947, "bit_len": 51}, "s_output": {"result": 0, "hashing_t": 3.66907, "oprf_t": 729.793, "poly_t": 101.855, "poly_trans_t": 0.030814, "aby_online_t": 11.517, "aby_setup_t": 137.125, "aby_total_t": 148.642, "aby_baseot_t": 517.587, "total_t": 1541.13, "nobase_t": 729.602, "poly_d_rs": [0, 30304], "oprf_d_rs": [83297, 16944], "aby_online_d_rs": [24614, 24605], "aby_setup_d_rs": [1042475, 1042475], "aby_total_d_rs": [1067089, 1067080], "aby_baseot_d_rs": [49956, 49956], "total_d_rs": [1150386, 1114328], "nobase_d_rs": [1100357, 1047472]}, "c_output": {"result": 0, "hashing_t": 1.437, "oprf_t": 720.79, "poly_t": 22.205, "poly_trans_t": 86.32, "aby_online_t": 13.932, "aby_setup_t": 136.744, "aby_total_t": 150.676, "aby_baseot_t": 518.846, "total_t": 1543.05, "nobase_t": 321.265, "poly_d_rs": [30304, 0], "oprf_d_rs": [16944, 83297], "aby_online_d_rs": [24623, 24614], "aby_setup_d_rs": [1042475, 1042475], "aby_total_d_rs": [1067098, 1067089], "aby_baseot_d_rs": [49956, 49956], "total_d_rs": [1114346, 1150386], "nobase_d_rs": [1047490, 1100357]}, "batch": "Unbalanced10AnalyticsDA_1"}