{"setup": "desktop-app", "repeat": 19, "parameters": {"client_neles": 1024, "server_neles": 2048, "epsilon": 1.27, "server_ip": "192.168.0.2", "port": 7777, "threads": 1, "threshold": 0, "n_fun": 3, "payload_bl": 2, "fun_type": 0, "overlap": 25, "nmegabins": 8, "poly_size": 965, "bit_len": 51}, "s_output": {"result": 0, "hashing_t": 2.02109, "oprf_t": 743.251, "poly_t": 130.883, "poly_trans_t": 0.040366, "aby_online_t": 17.448, "aby_setup_t": 133.47, "aby_total_t": 150.918, "aby_baseot_t": 527.538, "total_t": 1605.24, "nobase_t": 762.146, "poly_d_rs": [0, 61760], "oprf_d_rs": [83297, 16944], "aby_online_d_rs": [24613, 24614], "aby_setup_d_rs": [1042476, 1042475], "aby_total_d_rs": [1067089, 1067089], "aby_baseot_d_rs": [49956, 49956], "total_d_rs": [1150386, 1145793], "nobase_d_rs": [1100357, 1078937]}, "c_output": {"result": 0, "hashing_t": 2.091, "oprf_t": 712.566, "poly_t": 23.134, "poly_trans_t": 126.36, "aby_online_t": 19.639, "aby_setup_t": 133.456, "aby_total_t": 153.095, "aby_baseot_t": 528.572, "total_t": 1606.49, "nobase_t": 386.23, "poly_d_rs": [61760, 0], "oprf_d_rs": [16944, 83297], "aby_online_d_rs": [24614, 24614], "aby_setup_d_rs": [1042475, 1042475], "aby_total_d_rs": [1067089, 1067089], "aby_baseot_d_rs": [49956, 49956], "total_d_rs": [1145793, 1150386], "nobase_d_rs": [1078937, 1100357]}, "batch": "Unbalanced10AnalyticsDA_1"}