{"setup": "desktop-app", "repeat": 13, "parameters": {"client_neles": 1024, "server_neles": 1024, "epsilon": 1.27, "server_ip": "192.168.0.2", "port": 7777, "threads": 1, "threshold": 0, "n_fun": 3, "payload_bl": 2, "fun_type": 0, "overlap": 25, "nmegabins": 4, "poly_size": 947, "bit_len": 51}, "s_output": {"result": 0, "hashing_t": 4.09289, "oprf_t": 795.941, "poly_t": 102.749, "poly_trans_t": 0.031272, "aby_online_t": 9.22, "aby_setup_t": 97.913, "aby_total_t": 107.133, "aby_baseot_t": 510.287, "total_t": 1568.07, "nobase_t": 754.721, "poly_d_rs": [0, 30304], "oprf_d_rs": [83297, 16944], "aby_online_d_rs": [24614, 24614], "aby_setup_d_rs": [1042475, 1042475], "aby_total_d_rs": [1067089, 1067089], "aby_baseot_d_rs": [49956, 49956], "total_d_rs": [1150386, 1114337], "nobase_d_rs": [1100357, 1047481]}, "c_output": {"result": 0, "hashing_t": 1.715, "oprf_t": 790.073, "poly_t": 27.895, "poly_trans_t": 81.839, "aby_online_t": 10.283, "aby_setup_t": 97.578, "aby_total_t": 107.861, "aby_baseot_t": 511.672, "total_t": 1568.5, "nobase_t": 306.367, "poly_d_rs": [30304, 0], "oprf_d_rs": [16944, 83297], "aby_online_d_rs": [24614, 24614], "aby_setup_d_rs": [1042475, 1042475], "aby_total_d_rs": [1067089, 1067089], "aby_baseot_d_rs": [49956, 49956], "total_d_rs": [1114337, 1150386], "nobase_d_rs": [1047481, 1100357]}, "batch": "Unbalanced10AnalyticsDA_1"}