{"setup": "desktop-app", "repeat": 20, "parameters": {"client_neles": 1024, "server_neles": 2048, "epsilon": 1.27, "server_ip": "192.168.0.2", "port": 7777, "threads": 1, "threshold": 0, "n_fun": 3, "payload_bl": 2, "fun_type": 0, "overlap": 25, "nmegabins": 8, "poly_size": 965, "bit_len": 51}, "s_output": {"result": 0, "hashing_t": 4.93422, "oprf_t": 941.063, "poly_t": 137.638, "poly_trans_t": 0.053733, "aby_online_t": 14.037, "aby_setup_t": 154.752, "aby_total_t": 168.789, "aby_baseot_t": 521.884, "total_t": 1825.23, "nobase_t": 776.189, "poly_d_rs": [0, 61760], "oprf_d_rs": [83297, 16944], "aby_online_d_rs": [16317, 24614], "aby_setup_d_rs": [1050772, 1042475], "aby_total_d_rs": [1067089, 1067089], "aby_baseot_d_rs": [49956, 49956], "total_d_rs": [1150386, 1145793], "nobase_d_rs": [1100357, 1078937]}, "c_output": {"result": 0, "hashing_t": 2.533, "oprf_t": 927.524, "poly_t": 27.163, "poly_trans_t": 130.523, "aby_online_t": 16.605, "aby_setup_t": 153.379, "aby_total_t": 169.984, "aby_baseot_t": 522.166, "total_t": 1825.53, "nobase_t": 394.895, "poly_d_rs": [61760, 0], "oprf_d_rs": [16944, 83297], "aby_online_d_rs": [24614, 24614], "aby_setup_d_rs": [1042475, 1042475], "aby_total_d_rs": [1067089, 1067089], "aby_baseot_d_rs": [49956, 49948], "total_d_rs": [1145793, 1150386], "nobase_d_rs": [1078937, 1100365]}, "batch": "Unbalanced10AnalyticsDA_1"}