{"setup": "desktop-app", "repeat": 17, "parameters": {"client_neles": 1024, "server_neles": 1024, "epsilon": 1.27, "server_ip": "192.168.0.2", "port": 7777, "threads": 1, "threshold": 0, "n_fun": 3, "payload_bl": 2, "fun_type": 0, "overlap": 25, "nmegabins": 4, "poly_size": 947, "bit_len": 51}, "s_output": {"result": 0, "hashing_t": 3.82598, "oprf_t": 737.942, "poly_t": 84.6382, "poly_trans_t": 0.024684, "aby_online_t": 13.668, "aby_setup_t": 149.751, "aby_total_t": 163.419, "aby_baseot_t": 539.908, "total_t": 1580.87, "nobase_t": 739.85, "poly_d_rs": [0, 30304], "oprf_d_rs": [83297, 16944], "aby_online_d_rs": [16317, 24605], "aby_setup_d_rs": [1050772, 1042475], "aby_total_d_rs": [1067089, 1067080], "aby_baseot_d_rs": [49956, 49956], "total_d_rs": [1150386, 1114328], "nobase_d_rs": [1100357, 1047472]}, "c_output": {"result": 0, "hashing_t": 2.784, "oprf_t": 717.338, "poly_t": 29.128, "poly_trans_t": 63.787, "aby_online_t": 17.665, "aby_setup_t": 148.61, "aby_total_t": 166.275, "aby_baseot_t": 541.052, "total_t": 1582.67, "nobase_t": 356.023, "poly_d_rs": [30304, 0], "oprf_d_rs": [16944, 83297], "aby_online_d_rs": [24623, 24614], "aby_setup_d_rs": [1042475, 1042475], "aby_total_d_rs": [1067098, 1067089], "aby_baseot_d_rs": [49956, 49956], "total_d_rs": [1114346, 1150386], "nobase_d_rs": [1047490, 1100357]}, "batch": "Unbalanced10AnalyticsDA_1"}