{"setup": "desktop-app", "repeat": 10, "parameters": {"client_neles": 1024, "server_neles": 1024, "epsilon": 1.27, "server_ip": "192.168.0.2", "port": 7777, "threads": 1, "threshold": 0, "n_fun": 3, "payload_bl": 2, "fun_type": 0, "overlap": 25, "nmegabins": 4, "poly_size": 947, "bit_len": 51}, "s_output": {"result": 0, "hashing_t": 0.961335, "oprf_t": 712.953, "poly_t": 91.9806, "poly_trans_t": 0.033469, "aby_online_t": 15.982, "aby_setup_t": 136.7, "aby_total_t": 152.682, "aby_baseot_t": 528.571, "total_t": 1534.15, "nobase_t": 718.536, "poly_d_rs": [0, 30304], "oprf_d_rs": [83297, 16944], "aby_online_d_rs": [24614, 24614], "aby_setup_d_rs": [1042475, 1042475], "aby_total_d_rs": [1067089, 1067089], "aby_baseot_d_rs": [49956, 49956], "total_d_rs": [1150386, 1114337], "nobase_d_rs": [1100357, 1047481]}, "c_output": {"result": 0, "hashing_t": 3.88, "oprf_t": 693.266, "poly_t": 24.453, "poly_trans_t": 68.517, "aby_online_t": 16.131, "aby_setup_t": 136.387, "aby_total_t": 152.518, "aby_baseot_t": 529.977, "total_t": 1533.2, "nobase_t": 348.034, "poly_d_rs": [30304, 0], "oprf_d_rs": [16944, 83297], "aby_online_d_rs": [24614, 24614], "aby_setup_d_rs": [1042475, 1042475], "aby_total_d_rs": [1067089, 1067089], "aby_baseot_d_rs": [49956, 49956], "total_d_rs": [1114337, 1150386], "nobase_d_rs": [1047481, 1100357]}, "batch": "Unbalanced10AnalyticsDA_1"}