{"setup": "desktop-app", "repeat": 14, "parameters": {"client_neles": 1024, "server_neles": 1024, "epsilon": 1.27, "server_ip": "192.168.0.2", "port": 7777, "threads": 1, "threshold": 0, "n_fun": 3, "payload_bl": 2, "fun_type": 0, "overlap": 25, "nmegabins": 4, "poly_size": 947, "bit_len": 51}, "s_output": {"result": 0, "hashing_t": 4.05708, "oprf_t": 774.822, "poly_t": 84.6208, "poly_trans_t": 0.025315, "aby_online_t": 10.371, "aby_setup_t": 132.629, "aby_total_t": 143.0, "aby_baseot_t": 518.866, "total_t": 1579.11, "nobase_t": 752.151, "poly_d_rs": [0, 30304], "oprf_d_rs": [83297, 16944], "aby_online_d_rs": [24605, 24614], "aby_setup_d_rs": [1042484, 1042475], "aby_total_d_rs": [1067089, 1067089], "aby_baseot_d_rs": [49956, 49956], "total_d_rs": [1150386, 1114337], "nobase_d_rs": [1100357, 1047481]}, "c_output": {"result": 0, "hashing_t": 1.466, "oprf_t": 757.581, "poly_t": 32.807, "poly_trans_t": 64.666, "aby_online_t": 11.77, "aby_setup_t": 132.525, "aby_total_t": 144.295, "aby_baseot_t": 520.544, "total_t": 1580.33, "nobase_t": 328.962, "poly_d_rs": [30304, 0], "oprf_d_rs": [16944, 83297], "aby_online_d_rs": [24614, 24614], "aby_setup_d_rs": [1042475, 1042475], "aby_total_d_rs": [1067089, 1067089], "aby_baseot_d_rs": [49956, 49947], "total_d_rs": [1114337, 1150386], "nobase_d_rs": [1047481, 1100366]}, "batch": "Unbalanced10AnalyticsDA_1"}