{"setup": "desktop-app", "repeat": 9, "parameters": {"client_neles": 1024, "server_neles": 2048, "epsilon": 1.27, "server_ip": "192.168.0.2", "port": 7777, "threads": 1, "threshold": 0, "n_fun": 3, "payload_bl": 2, "fun_type": 0, "overlap": 25, "nmegabins": 8, "poly_size": 965, "bit_len": 51}, "s_output": {"result": 0, "hashing_t": 8.18152, "oprf_t": 819.994, "poly_t": 155.626, "poly_trans_t": 0.039441, "aby_online_t": 13.926, "aby_setup_t": 130.854, "aby_total_t": 144.78, "aby_baseot_t": 528.963, "total_t": 1698.95, "nobase_t": 829.3, "poly_d_rs": [0, 61760], "oprf_d_rs": [83297, 16944], "aby_online_d_rs": [16317, 24614], "aby_setup_d_rs": [1050772, 1042475], "aby_total_d_rs": [1067089, 1067089], "aby_baseot_d_rs": [49956, 49956], "total_d_rs": [1150386, 1145793], "nobase_d_rs": [1100357, 1078937]}, "c_output": {"result": 0, "hashing_t": 1.574, "oprf_t": 790.462, "poly_t": 19.248, "poly_trans_t": 132.243, "aby_online_t": 15.061, "aby_setup_t": 129.842, "aby_total_t": 144.903, "aby_baseot_t": 529.758, "total_t": 1697.76, "nobase_t": 407.586, "poly_d_rs": [61760, 0], "oprf_d_rs": [16944, 83297], "aby_online_d_rs": [24614, 24605], "aby_setup_d_rs": [1042475, 1042475], "aby_total_d_rs": [1067089, 1067080], "aby_baseot_d_rs": [49956, 49956], "total_d_rs": [1145793, 1150377], "nobase_d_rs": [1078937, 1100348]}, "batch": "Unbalanced10AnalyticsDA_1"}