{"setup": "desktop-app", "repeat": 22, "parameters": {"client_neles": 1024, "server_neles": 2048, "epsilon": 1.27, "server_ip": "192.168.0.2", "port": 7777, "threads": 1, "threshold": 0, "n_fun": 3, "payload_bl": 2, "fun_type": 0, "overlap": 25, "nmegabins": 8, "poly_size": 965, "bit_len": 51}, "s_output": {"result": 0, "hashing_t": 5.43834, "oprf_t": 730.302, "poly_t": 131.399, "poly_trans_t": 0.042787, "aby_online_t": 15.624, "aby_setup_t": 152.052, "aby_total_t": 167.676, "aby_baseot_t": 518.105, "total_t": 1608.3, "nobase_t": 805.349, "poly_d_rs": [0, 61760], "oprf_d_rs": [83297, 16944], "aby_online_d_rs": [16317, 24614], "aby_setup_d_rs": [1050772, 1042475], "aby_total_d_rs": [1067089, 1067089], "aby_baseot_d_rs": [49956, 49956], "total_d_rs": [1150386, 1145793], "nobase_d_rs": [1100357, 1078937]}, "c_output": {"result": 0, "hashing_t": 2.442, "oprf_t": 699.242, "poly_t": 25.873, "poly_trans_t": 127.06, "aby_online_t": 16.868, "aby_setup_t": 151.473, "aby_total_t": 168.341, "aby_baseot_t": 519.209, "total_t": 1607.11, "nobase_t": 420.786, "poly_d_rs": [61760, 0], "oprf_d_rs": [16944, 83297], "aby_online_d_rs": [24614, 24623], "aby_setup_d_rs": [1042475, 1042466], "aby_total_d_rs": [1067089, 1067089], "aby_baseot_d_rs": [49956, 49948], "total_d_rs": [1145793, 1150386], "nobase_d_rs": [1078937, 1100365]}, "batch": "Unbalanced10AnalyticsDA_1"}