{"setup": "desktop-app", "repeat": 10, "parameters": {"client_neles": 1024, "server_neles": 4096, "epsilon": 1.27, "server_ip": "192.168.0.2", "port": 7777, "threads": 1, "threshold": 0, "n_fun": 3, "payload_bl": 2, "fun_type": 0, "overlap": 25, "nmegabins": 16, "poly_size": 976, "bit_len": 51}, "s_output": {"result": 0, "hashing_t": 7.87971, "oprf_t": 777.048, "poly_t": 257.573, "poly_trans_t": 6.13931, "aby_online_t": 18.553, "aby_setup_t": 192.668, "aby_total_t": 211.221, "aby_baseot_t": 508.351, "total_t": 1818.51, "nobase_t": 1024.57, "poly_d_rs": [0, 124928], "oprf_d_rs": [83297, 16944], "aby_online_d_rs": [16317, 24614], "aby_setup_d_rs": [1050772, 1042475], "aby_total_d_rs": [1067089, 1067089], "aby_baseot_d_rs": [49956, 49956], "total_d_rs": [1150386, 1208961], "nobase_d_rs": [1100357, 1142105]}, "c_output": {"result": 0, "hashing_t": 3.017, "oprf_t": 735.902, "poly_t": 18.694, "poly_trans_t": 259.693, "aby_online_t": 19.513, "aby_setup_t": 191.344, "aby_total_t": 210.857, "aby_baseot_t": 509.927, "total_t": 1818.2, "nobase_t": 611.505, "poly_d_rs": [124928, 0], "oprf_d_rs": [16944, 83297], "aby_online_d_rs": [24614, 24605], "aby_setup_d_rs": [1042475, 1042475], "aby_total_d_rs": [1067089, 1067080], "aby_baseot_d_rs": [49956, 49947], "total_d_rs": [1208961, 1150377], "nobase_d_rs": [1142105, 1100357]}, "batch": "Unbalanced10AnalyticsDA_1"}