{"setup": "desktop-app", "repeat": 0, "parameters": {"client_neles": 1024, "server_neles": 2048, "epsilon": 1.27, "server_ip": "192.168.0.2", "port": 7777, "threads": 1, "threshold": 0, "n_fun": 3, "payload_bl": 2, "fun_type": 0, "overlap": 25, "nmegabins": 8, "poly_size": 965, "bit_len": 51}, "s_output": {"result": 0, "hashing_t": 2.10608, "oprf_t": 773.972, "poly_t": 132.39, "poly_trans_t": 0.037215, "aby_online_t": 19.103, "aby_setup_t": 152.082, "aby_total_t": 171.185, "aby_baseot_t": 520.91, "total_t": 1655.83, "nobase_t": 805.678, "poly_d_rs": [0, 61760], "oprf_d_rs": [83297, 16944], "aby_online_d_rs": [16317, 24614], "aby_setup_d_rs": [1050772, 1042475], "aby_total_d_rs": [1067089, 1067089], "aby_baseot_d_rs": [49956, 49956], "total_d_rs": [1150386, 1145793], "nobase_d_rs": [1100357, 1078937]}, "c_output": {"result": 0, "hashing_t": 1.372, "oprf_t": 751.526, "poly_t": 28.804, "poly_trans_t": 130.175, "aby_online_t": 20.585, "aby_setup_t": 151.648, "aby_total_t": 172.233, "aby_baseot_t": 522.045, "total_t": 1654.22, "nobase_t": 419.299, "poly_d_rs": [61760, 0], "oprf_d_rs": [16944, 83297], "aby_online_d_rs": [24614, 24614], "aby_setup_d_rs": [1042475, 1042475], "aby_total_d_rs": [1067089, 1067089], "aby_baseot_d_rs": [49956, 49948], "total_d_rs": [1145793, 1150386], "nobase_d_rs": [1078937, 1100365]}, "batch": "Unbalanced10AnalyticsDA_1"}