{"setup": "desktop-app", "repeat": 18, "parameters": {"client_neles": 1024, "server_neles": 4096, "epsilon": 1.27, "server_ip": "192.168.0.2", "port": 7777, "threads": 1, "threshold": 0, "n_fun": 3, "payload_bl": 2, "fun_type": 0, "overlap": 25, "nmegabins": 16, "poly_size": 976, "bit_len": 51}, "s_output": {"result": 0, "hashing_t": 3.99908, "oprf_t": 721.711, "poly_t": 277.538, "poly_trans_t": 5.87169, "aby_online_t": 33.204, "aby_setup_t": 151.655, "aby_total_t": 184.859, "aby_baseot_t": 516.38, "total_t": 1765.3, "nobase_t": 963.727, "poly_d_rs": [0, 124928], "oprf_d_rs": [83297, 16944], "aby_online_d_rs": [16317, 24605], "aby_setup_d_rs": [1050772, 1042475], "aby_total_d_rs": [1067089, 1067080], "aby_baseot_d_rs": [49956, 49956], "total_d_rs": [1150386, 1208952], "nobase_d_rs": [1100357, 1142096]}, "c_output": {"result": 0, "hashing_t": 1.288, "oprf_t": 698.917, "poly_t": 24.715, "poly_trans_t": 273.026, "aby_online_t": 39.665, "aby_setup_t": 150.834, "aby_total_t": 190.499, "aby_baseot_t": 518.345, "total_t": 1769.38, "nobase_t": 582.998, "poly_d_rs": [124928, 0], "oprf_d_rs": [16944, 83297], "aby_online_d_rs": [24614, 24614], "aby_setup_d_rs": [1042475, 1042475], "aby_total_d_rs": [1067089, 1067089], "aby_baseot_d_rs": [49956, 49956], "total_d_rs": [1208961, 1150386], "nobase_d_rs": [1142105, 1100357]}, "batch": "Unbalanced10AnalyticsDA_1"}