{"setup": "desktop-app", "repeat": 7, "parameters": {"client_neles": 1024, "server_neles": 4096, "epsilon": 1.27, "server_ip": "192.168.0.2", "port": 7777, "threads": 1, "threshold": 0, "n_fun": 3, "payload_bl": 2, "fun_type": 0, "overlap": 25, "nmegabins": 16, "poly_size": 976, "bit_len": 51}, "s_output": {"result": 0, "hashing_t": 8.40727, "oprf_t": 789.766, "poly_t": 261.543, "poly_trans_t": 5.05124, "aby_online_t": 17.438, "aby_setup_t": 169.383, "aby_total_t": 186.821, "aby_baseot_t": 517.411, "total_t": 1823.1, "nobase_t": 1003.26, "poly_d_rs": [0, 124928], "oprf_d_rs": [83297, 16944], "aby_online_d_rs": [16317, 24614], "aby_setup_d_rs": [1050772, 1042475], "aby_total_d_rs": [1067089, 1067089], "aby_baseot_d_rs": [49956, 49956], "total_d_rs": [1150386, 1208961], "nobase_d_rs": [1100357, 1142105]}, "c_output": {"result": 0, "hashing_t": 1.313, "oprf_t": 748.337, "poly_t": 25.383, "poly_trans_t": 261.505, "aby_online_t": 20.332, "aby_setup_t": 168.882, "aby_total_t": 189.214, "aby_baseot_t": 517.619, "total_t": 1824.29, "nobase_t": 585.945, "poly_d_rs": [124928, 0], "oprf_d_rs": [16944, 83297], "aby_online_d_rs": [24614, 24614], "aby_setup_d_rs": [1042475, 1042475], "aby_total_d_rs": [1067089, 1067089], "aby_baseot_d_rs": [49956, 49956], "total_d_rs": [1208961, 1150386], "nobase_d_rs": [1142105, 1100357]}, "batch": "Unbalanced10AnalyticsDA_1"}