{"setup": "desktop-app", "repeat": 15, "parameters": {"client_neles": 1024, "server_neles": 2048, "epsilon": 1.27, "server_ip": "192.168.0.2", "port": 7777, "threads": 1, "threshold": 0, "n_fun": 3, "payload_bl": 2, "fun_type": 0, "overlap": 25, "nmegabins": 8, "poly_size": 965, "bit_len": 51}, "s_output": {"result": 0, "hashing_t": 2.47636, "oprf_t": 770.233, "poly_t": 149.286, "poly_trans_t": 0.039756, "aby_online_t": 12.217, "aby_setup_t": 94.62, "aby_total_t": 106.837, "aby_baseot_t": 530.058, "total_t": 1604.88, "nobase_t": 794.001, "poly_d_rs": [0, 61760], "oprf_d_rs": [83297, 16944], "aby_online_d_rs": [24605, 24614], "aby_setup_d_rs": [1042484, 1042475], "aby_total_d_rs": [1067089, 1067089], "aby_baseot_d_rs": [49956, 49956], "total_d_rs": [1150386, 1145793], "nobase_d_rs": [1100357, 1078937]}, "c_output": {"result": 0, "hashing_t": 2.16, "oprf_t": 735.498, "poly_t": 22.238, "poly_trans_t": 128.889, "aby_online_t": 14.266, "aby_setup_t": 93.908, "aby_total_t": 108.174, "aby_baseot_t": 531.278, "total_t": 1605.71, "nobase_t": 372.192, "poly_d_rs": [61760, 0], "oprf_d_rs": [16944, 83297], "aby_online_d_rs": [24614, 24614], "aby_setup_d_rs": [1042475, 1042475], "aby_total_d_rs": [1067089, 1067089], "aby_baseot_d_rs": [49956, 49956], "total_d_rs": [1145793, 1150386], "nobase_d_rs": [1078937, 1100357]}, "batch": "Unbalanced10AnalyticsDA_1"}