{"setup": "desktop-app", "repeat": 17, "parameters": {"client_neles": 1024, "server_neles": 4096, "epsilon": 1.27, "server_ip": "192.168.0.2", "port": 7777, "threads": 1, "threshold": 0, "n_fun": 3, "payload_bl": 2, "fun_type": 0, "overlap": 25, "nmegabins": 16, "poly_size": 976, "bit_len": 51}, "s_output": {"result": 0, "hashing_t": 6.09898, "oprf_t": 719.513, "poly_t": 250.769, "poly_trans_t": 5.06862, "aby_online_t": 11.126, "aby_setup_t": 125.623, "aby_total_t": 136.749, "aby_baseot_t": 519.859, "total_t": 1682.69, "nobase_t": 849.647, "poly_d_rs": [0, 124928], "oprf_d_rs": [83297, 16944], "aby_online_d_rs": [16317, 24605], "aby_setup_d_rs": [1050772, 1042475], "aby_total_d_rs": [1067089, 1067080], "aby_baseot_d_rs": [49956, 49956], "total_d_rs": [1150386, 1208952], "nobase_d_rs": [1100357, 1142096]}, "c_output": {"result": 0, "hashing_t": 2.647, "oprf_t": 694.87, "poly_t": 19.626, "poly_trans_t": 246.332, "aby_online_t": 15.461, "aby_setup_t": 124.709, "aby_total_t": 140.17, "aby_baseot_t": 520.566, "total_t": 1683.68, "nobase_t": 498.789, "poly_d_rs": [124928, 0], "oprf_d_rs": [16944, 83297], "aby_online_d_rs": [24623, 24614], "aby_setup_d_rs": [1042475, 1042475], "aby_total_d_rs": [1067098, 1067089], "aby_baseot_d_rs": [49956, 49956], "total_d_rs": [1208970, 1150386], "nobase_d_rs": [1142114, 1100357]}, "batch": "Unbalanced10AnalyticsDA_1"}