{"setup": "desktop-app", "repeat": 20, "parameters": {"client_neles": 1024, "server_neles": 4096, "epsilon": 1.27, "server_ip": "192.168.0.2", "port": 7777, "threads": 1, "threshold": 0, "n_fun": 3, "payload_bl": 2, "fun_type": 0, "overlap": 25, "nmegabins": 16, "poly_size": 976, "bit_len": 51}, "s_output": {"result": 0, "hashing_t": 7.71264, "oprf_t": 771.237, "poly_t": 275.572, "poly_trans_t": 7.03207, "aby_online_t": 14.447, "aby_setup_t": 115.166, "aby_total_t": 129.613, "aby_baseot_t": 528.54, "total_t": 1768.72, "nobase_t": 916.502, "poly_d_rs": [0, 124928], "oprf_d_rs": [83297, 16944], "aby_online_d_rs": [16317, 24605], "aby_setup_d_rs": [1050772, 1042475], "aby_total_d_rs": [1067089, 1067080], "aby_baseot_d_rs": [49956, 49956], "total_d_rs": [1150386, 1208952], "nobase_d_rs": [1100357, 1142096]}, "c_output": {"result": 0, "hashing_t": 4.878, "oprf_t": 746.94, "poly_t": 18.787, "poly_trans_t": 276.978, "aby_online_t": 17.467, "aby_setup_t": 114.759, "aby_total_t": 132.226, "aby_baseot_t": 529.646, "total_t": 1770.62, "nobase_t": 531.488, "poly_d_rs": [124928, 0], "oprf_d_rs": [16944, 83297], "aby_online_d_rs": [24614, 24614], "aby_setup_d_rs": [1042475, 1042475], "aby_total_d_rs": [1067089, 1067089], "aby_baseot_d_rs": [49956, 49948], "total_d_rs": [1208961, 1150386], "nobase_d_rs": [1142105, 1100365]}, "batch": "Unbalanced10AnalyticsDA_1"}