{"setup": "desktop-app", "repeat": 1, "parameters": {"client_neles": 1024, "server_neles": 1024, "epsilon": 1.27, "server_ip": "192.168.0.2", "port": 7777, "threads": 1, "threshold": 0, "n_fun": 3, "payload_bl": 2, "fun_type": 0, "overlap": 25, "nmegabins": 4, "poly_size": 947, "bit_len": 51}, "s_output": {"result": 0, "hashing_t": 2.67665, "oprf_t": 725.594, "poly_t": 103.855, "poly_trans_t": 0.029236, "aby_online_t": 13.666, "aby_setup_t": 108.792, "aby_total_t": 122.458, "aby_baseot_t": 523.932, "total_t": 1550.17, "nobase_t": 723.134, "poly_d_rs": [0, 30304], "oprf_d_rs": [83297, 16944], "aby_online_d_rs": [24605, 24614], "aby_setup_d_rs": [1042484, 1042475], "aby_total_d_rs": [1067089, 1067089], "aby_baseot_d_rs": [49956, 49956], "total_d_rs": [1150386, 1114337], "nobase_d_rs": [1100357, 1047481]}, "c_output": {"result": 0, "hashing_t": 4.057, "oprf_t": 691.732, "poly_t": 27.742, "poly_trans_t": 104.891, "aby_online_t": 33.621, "aby_setup_t": 108.625, "aby_total_t": 142.246, "aby_baseot_t": 525.705, "total_t": 1567.38, "nobase_t": 383.682, "poly_d_rs": [30304, 0], "oprf_d_rs": [16944, 83297], "aby_online_d_rs": [24623, 24623], "aby_setup_d_rs": [1042475, 1042466], "aby_total_d_rs": [1067098, 1067089], "aby_baseot_d_rs": [49956, 49948], "total_d_rs": [1114346, 1150386], "nobase_d_rs": [1047490, 1100365]}, "batch": "Unbalanced10AnalyticsDA_1"}