{"setup": "desktop-app", "repeat": 13, "parameters": {"client_neles": 1024, "server_neles": 2048, "epsilon": 1.27, "server_ip": "192.168.0.2", "port": 7777, "threads": 1, "threshold": 0, "n_fun": 3, "payload_bl": 2, "fun_type": 0, "overlap": 25, "nmegabins": 8, "poly_size": 965, "bit_len": 51}, "s_output": {"result": 0, "hashing_t": 8.07362, "oprf_t": 750.967, "poly_t": 131.878, "poly_trans_t": 0.029006, "aby_online_t": 17.537, "aby_setup_t": 123.024, "aby_total_t": 140.561, "aby_baseot_t": 529.253, "total_t": 1614.28, "nobase_t": 786.047, "poly_d_rs": [0, 61760], "oprf_d_rs": [83297, 16944], "aby_online_d_rs": [24614, 24614], "aby_setup_d_rs": [1042475, 1042475], "aby_total_d_rs": [1067089, 1067089], "aby_baseot_d_rs": [49956, 49956], "total_d_rs": [1150386, 1145793], "nobase_d_rs": [1100357, 1078937]}, "c_output": {"result": 0, "hashing_t": 4.239, "oprf_t": 723.744, "poly_t": 27.465, "poly_trans_t": 124.473, "aby_online_t": 14.437, "aby_setup_t": 126.662, "aby_total_t": 141.099, "aby_baseot_t": 530.497, "total_t": 1614.62, "nobase_t": 395.461, "poly_d_rs": [61760, 0], "oprf_d_rs": [16944, 83297], "aby_online_d_rs": [16317, 24614], "aby_setup_d_rs": [1050772, 1042475], "aby_total_d_rs": [1067089, 1067089], "aby_baseot_d_rs": [49956, 49956], "total_d_rs": [1145793, 1150386], "nobase_d_rs": [1078937, 1100357]}, "batch": "Unbalanced10AnalyticsDA_1"}