{"setup": "desktop-app", "repeat": 1, "parameters": {"client_neles": 1024, "server_neles": 2048, "epsilon": 1.27, "server_ip": "192.168.0.2", "port": 7777, "threads": 1, "threshold": 0, "n_fun": 3, "payload_bl": 2, "fun_type": 0, "overlap": 25, "nmegabins": 8, "poly_size": 965, "bit_len": 51}, "s_output": {"result": 0, "hashing_t": 2.25846, "oprf_t": 772.963, "poly_t": 154.649, "poly_trans_t": 0.047456, "aby_online_t": 14.481, "aby_setup_t": 123.554, "aby_total_t": 138.035, "aby_baseot_t": 519.333, "total_t": 1645.74, "nobase_t": 834.92, "poly_d_rs": [0, 61760], "oprf_d_rs": [83297, 16944], "aby_online_d_rs": [16317, 24614], "aby_setup_d_rs": [1050772, 1042475], "aby_total_d_rs": [1067089, 1067089], "aby_baseot_d_rs": [49956, 49956], "total_d_rs": [1150386, 1145793], "nobase_d_rs": [1100357, 1078937]}, "c_output": {"result": 0, "hashing_t": 0.936, "oprf_t": 757.815, "poly_t": 28.669, "poly_trans_t": 152.365, "aby_online_t": 15.253, "aby_setup_t": 123.3, "aby_total_t": 138.553, "aby_baseot_t": 520.641, "total_t": 1643.77, "nobase_t": 398.985, "poly_d_rs": [61760, 0], "oprf_d_rs": [16944, 83297], "aby_online_d_rs": [24614, 24605], "aby_setup_d_rs": [1042475, 1042475], "aby_total_d_rs": [1067089, 1067080], "aby_baseot_d_rs": [49956, 49948], "total_d_rs": [1145793, 1150377], "nobase_d_rs": [1078937, 1100356]}, "batch": "Unbalanced10AnalyticsDA_1"}