{"setup": "desktop-app", "repeat": 11, "parameters": {"client_neles": 1024, "server_neles": 2048, "epsilon": 1.27, "server_ip": "192.168.0.2", "port": 7777, "threads": 1, "threshold": 0, "n_fun": 3, "payload_bl": 2, "fun_type": 0, "overlap": 25, "nmegabins": 8, "poly_size": 965, "bit_len": 51}, "s_output": {"result": 0, "hashing_t": 4.51668, "oprf_t": 739.149, "poly_t": 134.795, "poly_trans_t": 0.041078, "aby_online_t": 13.341, "aby_setup_t": 108.941, "aby_total_t": 122.282, "aby_baseot_t": 508.357, "total_t": 1560.75, "nobase_t": 767.162, "poly_d_rs": [0, 61760], "oprf_d_rs": [83297, 16944], "aby_online_d_rs": [24605, 24614], "aby_setup_d_rs": [1042484, 1042475], "aby_total_d_rs": [1067089, 1067089], "aby_baseot_d_rs": [49956, 49956], "total_d_rs": [1150386, 1145793], "nobase_d_rs": [1100357, 1078937]}, "c_output": {"result": 0, "hashing_t": 1.321, "oprf_t": 724.642, "poly_t": 26.069, "poly_trans_t": 128.94, "aby_online_t": 13.805, "aby_setup_t": 108.832, "aby_total_t": 122.637, "aby_baseot_t": 512.43, "total_t": 1559.44, "nobase_t": 350.944, "poly_d_rs": [61760, 0], "oprf_d_rs": [16944, 83297], "aby_online_d_rs": [24614, 24605], "aby_setup_d_rs": [1042475, 1042475], "aby_total_d_rs": [1067089, 1067080], "aby_baseot_d_rs": [49956, 49948], "total_d_rs": [1145793, 1150377], "nobase_d_rs": [1078937, 1100356]}, "batch": "Unbalanced10AnalyticsDA_1"}