{"setup": "desktop-app", "repeat": 13, "parameters": {"client_neles": 1024, "server_neles": 4096, "epsilon": 1.27, "server_ip": "192.168.0.2", "port": 7777, "threads": 1, "threshold": 0, "n_fun": 3, "payload_bl": 2, "fun_type": 0, "overlap": 25, "nmegabins": 16, "poly_size": 976, "bit_len": 51}, "s_output": {"result": 0, "hashing_t": 7.74496, "oprf_t": 819.033, "poly_t": 263.307, "poly_trans_t": 6.16135, "aby_online_t": 14.685, "aby_setup_t": 146.012, "aby_total_t": 160.697, "aby_baseot_t": 523.117, "total_t": 1835.3, "nobase_t": 993.695, "poly_d_rs": [0, 124928], "oprf_d_rs": [83297, 16944], "aby_online_d_rs": [24605, 24614], "aby_setup_d_rs": [1042484, 1042475], "aby_total_d_rs": [1067089, 1067089], "aby_baseot_d_rs": [49956, 49956], "total_d_rs": [1150386, 1208961], "nobase_d_rs": [1100357, 1142105]}, "c_output": {"result": 0, "hashing_t": 1.499, "oprf_t": 802.643, "poly_t": 28.17, "poly_trans_t": 267.902, "aby_online_t": 17.514, "aby_setup_t": 145.034, "aby_total_t": 162.548, "aby_baseot_t": 524.357, "total_t": 1835.73, "nobase_t": 544.749, "poly_d_rs": [124928, 0], "oprf_d_rs": [16944, 83297], "aby_online_d_rs": [24614, 24623], "aby_setup_d_rs": [1042475, 1042466], "aby_total_d_rs": [1067089, 1067089], "aby_baseot_d_rs": [49956, 49948], "total_d_rs": [1208961, 1150386], "nobase_d_rs": [1142105, 1100365]}, "batch": "Unbalanced10AnalyticsDA_1"}