{"setup": "desktop-app", "repeat": 20, "parameters": {"client_neles": 1024, "server_neles": 1024, "epsilon": 1.27, "server_ip": "192.168.0.2", "port": 7777, "threads": 1, "threshold": 0, "n_fun": 3, "payload_bl": 2, "fun_type": 0, "overlap": 25, "nmegabins": 4, "poly_size": 947, "bit_len": 51}, "s_output": {"result": 0, "hashing_t": 4.07847, "oprf_t": 768.499, "poly_t": 107.253, "poly_trans_t": 0.038651, "aby_online_t": 9.598, "aby_setup_t": 83.615, "aby_total_t": 93.213, "aby_baseot_t": 499.666, "total_t": 1529.55, "nobase_t": 722.622, "poly_d_rs": [0, 30304], "oprf_d_rs": [83297, 16944], "aby_online_d_rs": [24614, 24605], "aby_setup_d_rs": [1042475, 1042475], "aby_total_d_rs": [1067089, 1067080], "aby_baseot_d_rs": [49956, 49956], "total_d_rs": [1150386, 1114328], "nobase_d_rs": [1100357, 1047472]}, "c_output": {"result": 0, "hashing_t": 2.583, "oprf_t": 762.113, "poly_t": 32.886, "poly_trans_t": 89.834, "aby_online_t": 11.26, "aby_setup_t": 83.29, "aby_total_t": 94.55, "aby_baseot_t": 500.96, "total_t": 1530.91, "nobase_t": 304.009, "poly_d_rs": [30304, 0], "oprf_d_rs": [16944, 83297], "aby_online_d_rs": [24614, 24614], "aby_setup_d_rs": [1042475, 1042475], "aby_total_d_rs": [1067089, 1067089], "aby_baseot_d_rs": [49956, 49947], "total_d_rs": [1114337, 1150386], "nobase_d_rs": [1047481, 1100366]}, "batch": "Unbalanced10AnalyticsDA_1"}