{"setup": "desktop-app", "repeat": 3, "parameters": {"client_neles": 1024, "server_neles": 2048, "epsilon": 1.27, "server_ip": "192.168.0.2", "port": 7777, "threads": 1, "threshold": 0, "n_fun": 3, "payload_bl": 2, "fun_type": 0, "overlap": 25, "nmegabins": 8, "poly_size": 965, "bit_len": 51}, "s_output": {"result": 0, "hashing_t": 2.56454, "oprf_t": 777.569, "poly_t": 133.587, "poly_trans_t": 0.037523, "aby_online_t": 14.85, "aby_setup_t": 122.676, "aby_total_t": 137.526, "aby_baseot_t": 508.188, "total_t": 1616.33, "nobase_t": 797.646, "poly_d_rs": [0, 61760], "oprf_d_rs": [83297, 16944], "aby_online_d_rs": [16317, 24605], "aby_setup_d_rs": [1050772, 1042475], "aby_total_d_rs": [1067089, 1067080], "aby_baseot_d_rs": [49956, 49956], "total_d_rs": [1150386, 1145784], "nobase_d_rs": [1100357, 1078928]}, "c_output": {"result": 0, "hashing_t": 1.379, "oprf_t": 762.138, "poly_t": 29.783, "poly_trans_t": 130.109, "aby_online_t": 19.573, "aby_setup_t": 121.925, "aby_total_t": 141.498, "aby_baseot_t": 509.496, "total_t": 1619.15, "nobase_t": 382.605, "poly_d_rs": [61760, 0], "oprf_d_rs": [16944, 83297], "aby_online_d_rs": [24623, 24614], "aby_setup_d_rs": [1042475, 1042475], "aby_total_d_rs": [1067098, 1067089], "aby_baseot_d_rs": [49956, 49956], "total_d_rs": [1145802, 1150386], "nobase_d_rs": [1078946, 1100357]}, "batch": "Unbalanced10AnalyticsDA_1"}