{"setup": "desktop-desktop", "repeat": 8, "parameters": {"client_neles": 4096, "server_neles": 4096, "bit_len": 53, "epsilon": 1.27, "server_ip": "127.0.0.1", "port": 7777, "threads": 1, "threshold": 0, "nmegabins": 16, "poly_size": 975, "n_fun": 3, "payload_bl": 2, "fun_type": 0, "overlap": 25}, "s_output": {"result": 0, "hashing_t": 9.12017, "oprf_t": 518.023, "poly_t": 402.475, "poly_trans_t": 0.080382, "aby_online_t": 2.975, "aby_setup_t": 0.975, "aby_total_t": 91.754, "total_t": 1459.57, "nobase_t": 630.519, "poly_d_rs": [0, 124800], "oprf_d_rs": [332961, 16944], "aby_online_d_rs": [117750, 117750], "aby_setup_d_rs": [4995165, 4995165], "aby_total_d_rs": [5112915, 5112915], "total_d_rs": [5445876, 5254659]}, "c_output": {"result": 0, "hashing_t": 4.24631, "oprf_t": 503.577, "poly_t": 47.4567, "poly_trans_t": 359.081, "aby_online_t": 3.195, "aby_setup_t": 0.195, "aby_total_t": 91.669, "total_t": 1459.69, "nobase_t": 603.525, "poly_d_rs": [124800, 0], "oprf_d_rs": [16944, 332961], "aby_online_d_rs": [117750, 117750], "aby_setup_d_rs": [4995165, 4995165], "aby_total_d_rs": [5112915, 5112915], "total_d_rs": [5254659, 5445876]}, "batch": "ScalingElementsDD_1"}