{"setup": "desktop-app", "repeat": 10, "parameters": {"client_neles": 1024, "server_neles": 1024, "epsilon": 1.27, "server_ip": "192.168.0.2", "port": 7777, "threads": 1, "threshold": 0, "n_fun": 3, "payload_bl": 2, "fun_type": 0, "overlap": 25, "nmegabins": 4, "poly_size": 947, "bit_len": 60}, "network": {"type": "LTE", "delay": 39, "loss": 0.1, "rateDown": 24, "rateUp": 4}, "s_output": {"rtt": 50.5207, "throughput": 0.693792, "result": 0, "hashing_t": 4.05188, "oprf_t": 1207.89, "poly_t": 166.753, "poly_trans_t": 0.041946, "aby_online_t": 232.887, "aby_setup_t": 3136.14, "aby_total_t": 3369.03, "aby_baseot_t": 185969.0, "total_t": 191771.0, "nobase_t": 5237.84, "poly_d_rs": [0, 30304], "oprf_d_rs": [83297, 16944], "aby_online_d_rs": [29000, 29000], "aby_setup_d_rs": [1228843, 1228843], "aby_total_d_rs": [1257843, 1257843], "aby_baseot_d_rs": [67159124, 67159124], "total_d_rs": [1341140, 1305091], "nobase_d_rs": [18446744073643733559, 18446744073643680683]}, "c_output": {"result": 0, "hashing_t": 2.622, "oprf_t": 1000.5, "poly_t": 30.116, "poly_trans_t": 171.808, "aby_online_t": 262.096, "aby_setup_t": 3152.34, "aby_total_t": 3414.43, "aby_baseot_t": 185957.0, "total_t": 191797.0, "nobase_t": 4894.5, "poly_d_rs": [30304, 0], "oprf_d_rs": [16944, 83297], "aby_online_d_rs": [29000, 29000], "aby_setup_d_rs": [1228843, 1228843], "aby_total_d_rs": [1257843, 1257843], "aby_baseot_d_rs": [67159124, 67159124], "total_d_rs": [1305091, 1341140], "nobase_d_rs": [18446744073643680683, 18446744073643733559]}, "batch": "NetworkBenchmarkingLTE"}