{"setup": "desktop-app", "repeat": 3, "parameters": {"client_neles": 1024, "server_neles": 1024, "epsilon": 1.27, "server_ip": "192.168.0.2", "port": 7777, "threads": 1, "threshold": 0, "n_fun": 3, "payload_bl": 2, "fun_type": 0, "overlap": 25, "nmegabins": 4, "poly_size": 947, "bit_len": 60}, "network": {"type": "LTE", "delay": 39, "loss": 0.1, "rateDown": 24, "rateUp": 4}, "s_output": {"rtt": 50.4597, "throughput": 0.728007, "result": 0, "hashing_t": 4.11137, "oprf_t": 1142.09, "poly_t": 154.839, "poly_trans_t": 0.038231, "aby_online_t": 228.626, "aby_setup_t": 3321.08, "aby_total_t": 3549.71, "aby_baseot_t": 177305.0, "total_t": 183206.0, "nobase_t": 5398.55, "poly_d_rs": [0, 30304], "oprf_d_rs": [83297, 16944], "aby_online_d_rs": [28999, 29000], "aby_setup_d_rs": [1228844, 1228843], "aby_total_d_rs": [1257843, 1257843], "aby_baseot_d_rs": [67159124, 67159124], "total_d_rs": [1341140, 1305091], "nobase_d_rs": [18446744073643733559, 18446744073643680683]}, "c_output": {"result": 0, "hashing_t": 1.378, "oprf_t": 926.201, "poly_t": 28.317, "poly_trans_t": 151.143, "aby_online_t": 261.734, "aby_setup_t": 3334.42, "aby_total_t": 3596.15, "aby_baseot_t": 177294.0, "total_t": 183236.0, "nobase_t": 5090.05, "poly_d_rs": [30304, 0], "oprf_d_rs": [16944, 83297], "aby_online_d_rs": [29000, 29009], "aby_setup_d_rs": [1228843, 1228834], "aby_total_d_rs": [1257843, 1257843], "aby_baseot_d_rs": [67159124, 67159124], "total_d_rs": [1305091, 1341140], "nobase_d_rs": [18446744073643680683, 18446744073643733559]}, "batch": "NetworkBenchmarkingLTE"}