{"setup": "desktop-app", "repeat": 17, "parameters": {"client_neles": 1024, "server_neles": 1024, "epsilon": 1.27, "server_ip": "192.168.0.2", "port": 7777, "threads": 1, "threshold": 0, "n_fun": 3, "payload_bl": 2, "fun_type": 0, "overlap": 25, "nmegabins": 4, "poly_size": 947, "bit_len": 60}, "network": {"type": "LTE", "delay": 39, "loss": 0.1, "rateDown": 24, "rateUp": 4}, "s_output": {"rtt": 55.5189, "throughput": 0.699095, "result": 0, "hashing_t": 4.36352, "oprf_t": 1150.08, "poly_t": 236.125, "poly_trans_t": 0.025817, "aby_online_t": 233.007, "aby_setup_t": 3465.29, "aby_total_t": 3698.3, "aby_baseot_t": 184665.0, "total_t": 190800.0, "nobase_t": 5658.0, "poly_d_rs": [0, 30304], "oprf_d_rs": [83297, 16944], "aby_online_d_rs": [28991, 29000], "aby_setup_d_rs": [1228851, 1228843], "aby_total_d_rs": [1257842, 1257843], "aby_baseot_d_rs": [67159125, 67159124], "total_d_rs": [1341139, 1305091], "nobase_d_rs": [18446744073643733557, 18446744073643680683]}, "c_output": {"result": 0, "hashing_t": 2.621, "oprf_t": 952.012, "poly_t": 29.688, "poly_trans_t": 180.468, "aby_online_t": 263.415, "aby_setup_t": 3488.64, "aby_total_t": 3752.06, "aby_baseot_t": 184644.0, "total_t": 190826.0, "nobase_t": 5308.64, "poly_d_rs": [30304, 0], "oprf_d_rs": [16944, 83297], "aby_online_d_rs": [29000, 29000], "aby_setup_d_rs": [1228843, 1228843], "aby_total_d_rs": [1257843, 1257843], "aby_baseot_d_rs": [67159124, 67159124], "total_d_rs": [1305091, 1341140], "nobase_d_rs": [18446744073643680683, 18446744073643733559]}, "batch": "NetworkBenchmarkingLTE"}