{"setup": "desktop-app", "repeat": 13, "parameters": {"client_neles": 1024, "server_neles": 1024, "epsilon": 1.27, "server_ip": "192.168.0.2", "port": 7777, "threads": 1, "threshold": 0, "n_fun": 3, "payload_bl": 2, "fun_type": 0, "overlap": 25, "nmegabins": 4, "poly_size": 947, "bit_len": 60}, "network": {"type": "LTE", "delay": 39, "loss": 0.1, "rateDown": 24, "rateUp": 4}, "s_output": {"rtt": 50.5924, "throughput": 0.71147, "result": 0, "hashing_t": 4.19925, "oprf_t": 1148.53, "poly_t": 165.859, "poly_trans_t": 0.025176, "aby_online_t": 223.77, "aby_setup_t": 3127.03, "aby_total_t": 3350.8, "aby_baseot_t": 181393.0, "total_t": 187126.0, "nobase_t": 5184.41, "poly_d_rs": [0, 30304], "oprf_d_rs": [83297, 16944], "aby_online_d_rs": [28991, 29000], "aby_setup_d_rs": [1228852, 1228843], "aby_total_d_rs": [1257843, 1257843], "aby_baseot_d_rs": [67159124, 67159124], "total_d_rs": [1341140, 1305091], "nobase_d_rs": [18446744073643733559, 18446744073643680683]}, "c_output": {"result": 0, "hashing_t": 2.646, "oprf_t": 953.334, "poly_t": 33.586, "poly_trans_t": 160.372, "aby_online_t": 262.497, "aby_setup_t": 3144.01, "aby_total_t": 3406.5, "aby_baseot_t": 181378.0, "total_t": 187162.0, "nobase_t": 4910.03, "poly_d_rs": [30304, 0], "oprf_d_rs": [16944, 83297], "aby_online_d_rs": [29000, 29000], "aby_setup_d_rs": [1228843, 1228843], "aby_total_d_rs": [1257843, 1257843], "aby_baseot_d_rs": [67159124, 67159124], "total_d_rs": [1305091, 1341140], "nobase_d_rs": [18446744073643680683, 18446744073643733559]}, "batch": "NetworkBenchmarkingLTE"}