{"setup": "desktop-app", "repeat": 1, "parameters": {"client_neles": 1024, "server_neles": 1024, "epsilon": 1.27, "server_ip": "192.168.0.2", "port": 7777, "threads": 1, "threshold": 0, "n_fun": 3, "payload_bl": 2, "fun_type": 0, "overlap": 25, "nmegabins": 4, "poly_size": 947, "bit_len": 60}, "network": {"type": "LTE", "delay": 39, "loss": 0.1, "rateDown": 24, "rateUp": 4}, "s_output": {"rtt": 50.5383, "throughput": 0.692593, "result": 0, "hashing_t": 1.25195, "oprf_t": 1195.83, "poly_t": 183.182, "poly_trans_t": 0.027782, "aby_online_t": 232.623, "aby_setup_t": 3413.33, "aby_total_t": 3645.95, "aby_baseot_t": 186293.0, "total_t": 192363.0, "nobase_t": 5562.58, "poly_d_rs": [0, 30304], "oprf_d_rs": [83297, 16944], "aby_online_d_rs": [28991, 29000], "aby_setup_d_rs": [1228852, 1228843], "aby_total_d_rs": [1257843, 1257843], "aby_baseot_d_rs": [67159124, 67159124], "total_d_rs": [1341140, 1305091], "nobase_d_rs": [18446744073643733559, 18446744073643680683]}, "c_output": {"result": 0, "hashing_t": 2.593, "oprf_t": 992.48, "poly_t": 22.457, "poly_trans_t": 189.343, "aby_online_t": 268.377, "aby_setup_t": 3413.25, "aby_total_t": 3681.63, "aby_baseot_t": 186293.0, "total_t": 192394.0, "nobase_t": 5178.52, "poly_d_rs": [30304, 0], "oprf_d_rs": [16944, 83297], "aby_online_d_rs": [29000, 29000], "aby_setup_d_rs": [1228843, 1228843], "aby_total_d_rs": [1257843, 1257843], "aby_baseot_d_rs": [67159124, 67159124], "total_d_rs": [1305091, 1341140], "nobase_d_rs": [18446744073643680683, 18446744073643733559]}, "batch": "NetworkBenchmarkingLTE"}