{"setup": "desktop-app", "repeat": 18, "parameters": {"client_neles": 1024, "server_neles": 1024, "epsilon": 1.27, "server_ip": "192.168.0.2", "port": 7777, "threads": 1, "threshold": 0, "n_fun": 3, "payload_bl": 2, "fun_type": 0, "overlap": 25, "nmegabins": 4, "poly_size": 947, "bit_len": 60}, "network": {"type": "LTE", "delay": 39, "loss": 0.1, "rateDown": 24, "rateUp": 4}, "s_output": {"rtt": 49.1901, "throughput": 0.691332, "result": 0, "hashing_t": 1.14857, "oprf_t": 1121.83, "poly_t": 168.514, "poly_trans_t": 0.044287, "aby_online_t": 232.346, "aby_setup_t": 3184.75, "aby_total_t": 3417.09, "aby_baseot_t": 186593.0, "total_t": 192360.0, "nobase_t": 5245.8, "poly_d_rs": [0, 30304], "oprf_d_rs": [83297, 16944], "aby_online_d_rs": [28999, 29000], "aby_setup_d_rs": [1228844, 1228843], "aby_total_d_rs": [1257843, 1257843], "aby_baseot_d_rs": [67159124, 67159124], "total_d_rs": [1341140, 1305091], "nobase_d_rs": [18446744073643733559, 18446744073643680683]}, "c_output": {"result": 0, "hashing_t": 4.713, "oprf_t": 916.69, "poly_t": 27.116, "poly_trans_t": 173.825, "aby_online_t": 268.47, "aby_setup_t": 3191.47, "aby_total_t": 3459.94, "aby_baseot_t": 186588.0, "total_t": 192385.0, "nobase_t": 4950.75, "poly_d_rs": [30304, 0], "oprf_d_rs": [16944, 83297], "aby_online_d_rs": [29000, 29000], "aby_setup_d_rs": [1228843, 1228843], "aby_total_d_rs": [1257843, 1257843], "aby_baseot_d_rs": [67159124, 67159124], "total_d_rs": [1305091, 1341140], "nobase_d_rs": [18446744073643680683, 18446744073643733559]}, "batch": "NetworkBenchmarkingLTE"}