{"setup": "desktop-app", "repeat": 11, "parameters": {"client_neles": 1024, "server_neles": 1024, "epsilon": 1.27, "server_ip": "192.168.0.2", "port": 7777, "threads": 1, "threshold": 0, "n_fun": 3, "payload_bl": 2, "fun_type": 0, "overlap": 25, "nmegabins": 4, "poly_size": 947, "bit_len": 60}, "network": {"type": "LTE", "delay": 39, "loss": 0.1, "rateDown": 24, "rateUp": 4}, "s_output": {"rtt": 49.7608, "throughput": 0.701756, "result": 0, "hashing_t": 3.33891, "oprf_t": 1154.79, "poly_t": 189.01, "poly_trans_t": 0.028156, "aby_online_t": 228.878, "aby_setup_t": 3527.72, "aby_total_t": 3756.59, "aby_baseot_t": 183850.0, "total_t": 190004.0, "nobase_t": 5617.88, "poly_d_rs": [0, 30304], "oprf_d_rs": [83297, 16944], "aby_online_d_rs": [29000, 29000], "aby_setup_d_rs": [1228843, 1228843], "aby_total_d_rs": [1257843, 1257843], "aby_baseot_d_rs": [67159124, 67159124], "total_d_rs": [1341140, 1305091], "nobase_d_rs": [18446744073643733559, 18446744073643680683]}, "c_output": {"result": 0, "hashing_t": 2.465, "oprf_t": 958.018, "poly_t": 26.005, "poly_trans_t": 179.961, "aby_online_t": 270.96, "aby_setup_t": 3535.32, "aby_total_t": 3806.28, "aby_baseot_t": 183844.0, "total_t": 190040.0, "nobase_t": 5313.41, "poly_d_rs": [30304, 0], "oprf_d_rs": [16944, 83297], "aby_online_d_rs": [29000, 29000], "aby_setup_d_rs": [1228843, 1228843], "aby_total_d_rs": [1257843, 1257843], "aby_baseot_d_rs": [67159124, 67159124], "total_d_rs": [1305091, 1341140], "nobase_d_rs": [18446744073643680683, 18446744073643733559]}, "batch": "NetworkBenchmarkingLTE"}