{"setup": "desktop-app", "repeat": 8, "parameters": {"client_neles": 1024, "server_neles": 1024, "epsilon": 1.27, "server_ip": "192.168.0.2", "port": 7777, "threads": 1, "threshold": 0, "n_fun": 3, "payload_bl": 2, "fun_type": 0, "overlap": 25, "nmegabins": 4, "poly_size": 947, "bit_len": 60}, "network": {"type": "LTE", "delay": 39, "loss": 0.1, "rateDown": 24, "rateUp": 4}, "s_output": {"rtt": 49.8564, "throughput": 0.692897, "result": 0, "hashing_t": 4.10731, "oprf_t": 1142.28, "poly_t": 146.842, "poly_trans_t": 0.042165, "aby_online_t": 278.114, "aby_setup_t": 5194.98, "aby_total_t": 5473.09, "aby_baseot_t": 186203.0, "total_t": 194011.0, "nobase_t": 7287.66, "poly_d_rs": [0, 30304], "oprf_d_rs": [83297, 16944], "aby_online_d_rs": [28991, 29000], "aby_setup_d_rs": [1228852, 1228843], "aby_total_d_rs": [1257843, 1257843], "aby_baseot_d_rs": [67159124, 67159124], "total_d_rs": [1341140, 1305091], "nobase_d_rs": [18446744073643733559, 18446744073643680683]}, "c_output": {"result": 0, "hashing_t": 5.977, "oprf_t": 947.399, "poly_t": 31.569, "poly_trans_t": 144.403, "aby_online_t": 283.237, "aby_setup_t": 5201.5, "aby_total_t": 5484.74, "aby_baseot_t": 186195.0, "total_t": 194006.0, "nobase_t": 6945.75, "poly_d_rs": [30304, 0], "oprf_d_rs": [16944, 83297], "aby_online_d_rs": [29000, 29009], "aby_setup_d_rs": [1228843, 1228834], "aby_total_d_rs": [1257843, 1257843], "aby_baseot_d_rs": [67159124, 67159124], "total_d_rs": [1305091, 1341140], "nobase_d_rs": [18446744073643680683, 18446744073643733559]}, "batch": "NetworkBenchmarkingLTE"}