{"setup": "desktop-app", "repeat": 22, "parameters": {"client_neles": 1024, "server_neles": 1024, "epsilon": 1.27, "server_ip": "192.168.0.2", "port": 7777, "threads": 1, "threshold": 0, "n_fun": 3, "payload_bl": 2, "fun_type": 0, "overlap": 25, "nmegabins": 4, "poly_size": 947, "bit_len": 60}, "network": {"type": "LTE", "delay": 39, "loss": 0.1, "rateDown": 24, "rateUp": 4}, "s_output": {"rtt": 50.9993, "throughput": 0.703917, "result": 0, "hashing_t": 0.948001, "oprf_t": 1127.06, "poly_t": 135.119, "poly_trans_t": 0.039134, "aby_online_t": 235.236, "aby_setup_t": 3199.09, "aby_total_t": 3434.33, "aby_baseot_t": 183303.0, "total_t": 189054.0, "nobase_t": 5279.66, "poly_d_rs": [0, 30304], "oprf_d_rs": [83297, 16944], "aby_online_d_rs": [28991, 29000], "aby_setup_d_rs": [1228852, 1228843], "aby_total_d_rs": [1257843, 1257843], "aby_baseot_d_rs": [67159124, 67159124], "total_d_rs": [1341140, 1305091], "nobase_d_rs": [18446744073643733559, 18446744073643680683]}, "c_output": {"result": 0, "hashing_t": 2.649, "oprf_t": 896.97, "poly_t": 26.905, "poly_trans_t": 147.464, "aby_online_t": 257.508, "aby_setup_t": 3200.32, "aby_total_t": 3457.82, "aby_baseot_t": 183302.0, "total_t": 189068.0, "nobase_t": 4950.39, "poly_d_rs": [30304, 0], "oprf_d_rs": [16944, 83297], "aby_online_d_rs": [29000, 29000], "aby_setup_d_rs": [1228843, 1228843], "aby_total_d_rs": [1257843, 1257843], "aby_baseot_d_rs": [67159124, 67159124], "total_d_rs": [1305091, 1341140], "nobase_d_rs": [18446744073643680683, 18446744073643733559]}, "batch": "NetworkBenchmarkingLTE"}