{"setup": "desktop-app", "repeat": 4, "parameters": {"client_neles": 1024, "server_neles": 1024, "epsilon": 1.27, "server_ip": "192.168.0.2", "port": 7777, "threads": 1, "threshold": 0, "n_fun": 3, "payload_bl": 2, "fun_type": 0, "overlap": 25, "nmegabins": 4, "poly_size": 947, "bit_len": 60}, "network": {"type": "LTE", "delay": 39, "loss": 0.1, "rateDown": 24, "rateUp": 4}, "s_output": {"rtt": 50.3899, "throughput": 0.680259, "result": 0, "hashing_t": 0.978952, "oprf_t": 1127.61, "poly_t": 162.934, "poly_trans_t": 0.041571, "aby_online_t": 232.61, "aby_setup_t": 3345.21, "aby_total_t": 3577.82, "aby_baseot_t": 189612.0, "total_t": 195812.0, "nobase_t": 5690.04, "poly_d_rs": [0, 30304], "oprf_d_rs": [83297, 16944], "aby_online_d_rs": [28999, 29000], "aby_setup_d_rs": [1228844, 1228843], "aby_total_d_rs": [1257843, 1257843], "aby_baseot_d_rs": [67159124, 67159124], "total_d_rs": [1341140, 1305091], "nobase_d_rs": [18446744073643733559, 18446744073643680683]}, "c_output": {"result": 0, "hashing_t": 2.637, "oprf_t": 923.192, "poly_t": 23.345, "poly_trans_t": 154.088, "aby_online_t": 260.508, "aby_setup_t": 3352.41, "aby_total_t": 3612.92, "aby_baseot_t": 189917.0, "total_t": 195836.0, "nobase_t": 5075.41, "poly_d_rs": [30304, 0], "oprf_d_rs": [16944, 83297], "aby_online_d_rs": [29000, 29000], "aby_setup_d_rs": [1228843, 1228843], "aby_total_d_rs": [1257843, 1257843], "aby_baseot_d_rs": [67159124, 67159124], "total_d_rs": [1305091, 1341140], "nobase_d_rs": [18446744073643680683, 18446744073643733559]}, "batch": "NetworkBenchmarkingLTE"}