{"setup": "desktop-app", "repeat": 2, "parameters": {"client_neles": 1024, "server_neles": 1024, "epsilon": 1.27, "server_ip": "192.168.0.2", "port": 7777, "threads": 1, "threshold": 0, "n_fun": 3, "payload_bl": 2, "fun_type": 0, "overlap": 25, "nmegabins": 4, "poly_size": 947, "bit_len": 60}, "network": {"type": "LTE", "delay": 39, "loss": 0.1, "rateDown": 24, "rateUp": 4}, "s_output": {"rtt": 50.6825, "throughput": 0.690319, "result": 0, "hashing_t": 0.997071, "oprf_t": 1131.68, "poly_t": 157.145, "poly_trans_t": 0.053418, "aby_online_t": 227.465, "aby_setup_t": 3243.16, "aby_total_t": 3470.63, "aby_baseot_t": 186916.0, "total_t": 192738.0, "nobase_t": 5330.41, "poly_d_rs": [0, 30304], "oprf_d_rs": [83297, 16944], "aby_online_d_rs": [29000, 29000], "aby_setup_d_rs": [1228843, 1228843], "aby_total_d_rs": [1257843, 1257843], "aby_baseot_d_rs": [67159124, 67159124], "total_d_rs": [1341140, 1305091], "nobase_d_rs": [18446744073643733559, 18446744073643680683]}, "c_output": {"result": 0, "hashing_t": 1.634, "oprf_t": 891.009, "poly_t": 28.779, "poly_trans_t": 163.734, "aby_online_t": 257.641, "aby_setup_t": 3262.83, "aby_total_t": 3520.47, "aby_baseot_t": 186900.0, "total_t": 192758.0, "nobase_t": 5043.77, "poly_d_rs": [30304, 0], "oprf_d_rs": [16944, 83297], "aby_online_d_rs": [29000, 29000], "aby_setup_d_rs": [1228843, 1228843], "aby_total_d_rs": [1257843, 1257843], "aby_baseot_d_rs": [67159124, 67159124], "total_d_rs": [1305091, 1341140], "nobase_d_rs": [18446744073643680683, 18446744073643733559]}, "batch": "NetworkBenchmarkingLTE"}