{"setup": "desktop-app", "repeat": 5, "parameters": {"client_neles": 1024, "server_neles": 1024, "epsilon": 1.27, "server_ip": "192.168.0.2", "port": 7777, "threads": 1, "threshold": 0, "n_fun": 3, "payload_bl": 2, "fun_type": 0, "overlap": 25, "nmegabins": 4, "poly_size": 947, "bit_len": 60}, "network": {"type": "LTE", "delay": 39, "loss": 0.1, "rateDown": 24, "rateUp": 4}, "s_output": {"rtt": 50.2058, "throughput": 0.686333, "result": 0, "hashing_t": 3.85044, "oprf_t": 1139.47, "poly_t": 186.116, "poly_trans_t": 0.042121, "aby_online_t": 226.991, "aby_setup_t": 3482.19, "aby_total_t": 3709.18, "aby_baseot_t": 187979.0, "total_t": 194069.0, "nobase_t": 5572.43, "poly_d_rs": [0, 30304], "oprf_d_rs": [83297, 16944], "aby_online_d_rs": [28999, 29000], "aby_setup_d_rs": [1228844, 1228843], "aby_total_d_rs": [1257843, 1257843], "aby_baseot_d_rs": [67159124, 67159124], "total_d_rs": [1341140, 1305091], "nobase_d_rs": [18446744073643733559, 18446744073643680683]}, "c_output": {"result": 0, "hashing_t": 2.561, "oprf_t": 948.229, "poly_t": 26.987, "poly_trans_t": 177.603, "aby_online_t": 266.748, "aby_setup_t": 3494.2, "aby_total_t": 3760.95, "aby_baseot_t": 187968.0, "total_t": 194105.0, "nobase_t": 5249.08, "poly_d_rs": [30304, 0], "oprf_d_rs": [16944, 83297], "aby_online_d_rs": [29000, 29000], "aby_setup_d_rs": [1228843, 1228843], "aby_total_d_rs": [1257843, 1257843], "aby_baseot_d_rs": [67159124, 67159124], "total_d_rs": [1305091, 1341140], "nobase_d_rs": [18446744073643680683, 18446744073643733559]}, "batch": "NetworkBenchmarkingLTE"}