{"setup": "desktop-app", "repeat": 15, "parameters": {"client_neles": 1024, "server_neles": 1024, "epsilon": 1.27, "server_ip": "192.168.0.2", "port": 7777, "threads": 1, "threshold": 0, "n_fun": 3, "payload_bl": 2, "fun_type": 0, "overlap": 25, "nmegabins": 4, "poly_size": 947, "bit_len": 60}, "network": {"type": "LTE", "delay": 39, "loss": 0.1, "rateDown": 24, "rateUp": 4}, "s_output": {"rtt": 49.6456, "throughput": 0.717697, "result": 0, "hashing_t": 1.06802, "oprf_t": 1119.96, "poly_t": 178.285, "poly_trans_t": 0.027602, "aby_online_t": 233.355, "aby_setup_t": 2896.98, "aby_total_t": 3130.34, "aby_baseot_t": 179808.0, "total_t": 185296.0, "nobase_t": 4990.47, "poly_d_rs": [0, 30304], "oprf_d_rs": [83297, 16944], "aby_online_d_rs": [28991, 29000], "aby_setup_d_rs": [1228852, 1228843], "aby_total_d_rs": [1257843, 1257843], "aby_baseot_d_rs": [67159124, 67159124], "total_d_rs": [1341140, 1305091], "nobase_d_rs": [18446744073643733559, 18446744073643680683]}, "c_output": {"result": 0, "hashing_t": 2.562, "oprf_t": 884.315, "poly_t": 33.411, "poly_trans_t": 178.483, "aby_online_t": 255.519, "aby_setup_t": 2915.19, "aby_total_t": 3170.71, "aby_baseot_t": 179793.0, "total_t": 185312.0, "nobase_t": 4688.94, "poly_d_rs": [30304, 0], "oprf_d_rs": [16944, 83297], "aby_online_d_rs": [29000, 29000], "aby_setup_d_rs": [1228843, 1228843], "aby_total_d_rs": [1257843, 1257843], "aby_baseot_d_rs": [67159124, 67159124], "total_d_rs": [1305091, 1341140], "nobase_d_rs": [18446744073643680683, 18446744073643733559]}, "batch": "NetworkBenchmarkingLTE"}