{"setup": "desktop-app", "repeat": 7, "parameters": {"client_neles": 1024, "server_neles": 1024, "epsilon": 1.27, "server_ip": "192.168.0.2", "port": 7777, "threads": 1, "threshold": 0, "n_fun": 3, "payload_bl": 2, "fun_type": 0, "overlap": 25, "nmegabins": 4, "poly_size": 947, "bit_len": 60}, "network": {"type": "LTE", "delay": 39, "loss": 0.1, "rateDown": 24, "rateUp": 4}, "s_output": {"rtt": 49.593, "throughput": 0.693204, "result": 0, "hashing_t": 1.59295, "oprf_t": 1146.09, "poly_t": 149.796, "poly_trans_t": 0.043478, "aby_online_t": 222.981, "aby_setup_t": 3518.18, "aby_total_t": 3741.16, "aby_baseot_t": 186101.0, "total_t": 192196.0, "nobase_t": 5625.36, "poly_d_rs": [0, 30304], "oprf_d_rs": [83297, 16944], "aby_online_d_rs": [29000, 29000], "aby_setup_d_rs": [1228843, 1228843], "aby_total_d_rs": [1257843, 1257843], "aby_baseot_d_rs": [67159124, 67159124], "total_d_rs": [1341140, 1305091], "nobase_d_rs": [18446744073643733559, 18446744073643680683]}, "c_output": {"result": 0, "hashing_t": 2.895, "oprf_t": 910.588, "poly_t": 22.503, "poly_trans_t": 153.112, "aby_online_t": 260.458, "aby_setup_t": 3524.97, "aby_total_t": 3785.42, "aby_baseot_t": 186097.0, "total_t": 192221.0, "nobase_t": 5294.58, "poly_d_rs": [30304, 0], "oprf_d_rs": [16944, 83297], "aby_online_d_rs": [29000, 29009], "aby_setup_d_rs": [1228843, 1228834], "aby_total_d_rs": [1257843, 1257843], "aby_baseot_d_rs": [67159124, 67159124], "total_d_rs": [1305091, 1341140], "nobase_d_rs": [18446744073643680683, 18446744073643733559]}, "batch": "NetworkBenchmarkingLTE"}