{"setup": "desktop-app", "repeat": 16, "parameters": {"client_neles": 1024, "server_neles": 1024, "epsilon": 1.27, "server_ip": "192.168.0.2", "port": 7777, "threads": 1, "threshold": 0, "n_fun": 3, "payload_bl": 2, "fun_type": 0, "overlap": 25, "nmegabins": 4, "poly_size": 947, "bit_len": 60}, "network": {"type": "LTE", "delay": 39, "loss": 0.1, "rateDown": 24, "rateUp": 4}, "s_output": {"rtt": 49.9834, "throughput": 0.669964, "result": 0, "hashing_t": 0.976798, "oprf_t": 1107.06, "poly_t": 138.519, "poly_trans_t": 0.046081, "aby_online_t": 223.519, "aby_setup_t": 3597.93, "aby_total_t": 3821.45, "aby_baseot_t": 192530.0, "total_t": 198659.0, "nobase_t": 5692.75, "poly_d_rs": [0, 30304], "oprf_d_rs": [83297, 16944], "aby_online_d_rs": [29000, 29000], "aby_setup_d_rs": [1228834, 1228843], "aby_total_d_rs": [1257834, 1257843], "aby_baseot_d_rs": [67159125, 67159124], "total_d_rs": [1341131, 1305091], "nobase_d_rs": [18446744073643733549, 18446744073643680683]}, "c_output": {"result": 0, "hashing_t": 2.58, "oprf_t": 863.652, "poly_t": 25.242, "poly_trans_t": 152.839, "aby_online_t": 254.793, "aby_setup_t": 3619.78, "aby_total_t": 3874.58, "aby_baseot_t": 192515.0, "total_t": 198684.0, "nobase_t": 5379.28, "poly_d_rs": [30304, 0], "oprf_d_rs": [16944, 83297], "aby_online_d_rs": [29000, 29000], "aby_setup_d_rs": [1228843, 1228843], "aby_total_d_rs": [1257843, 1257843], "aby_baseot_d_rs": [67159124, 67159124], "total_d_rs": [1305091, 1341140], "nobase_d_rs": [18446744073643680683, 18446744073643733559]}, "batch": "NetworkBenchmarkingLTE"}