{"setup": "desktop-app", "repeat": 9, "parameters": {"client_neles": 1024, "server_neles": 1024, "epsilon": 1.27, "server_ip": "192.168.0.2", "port": 7777, "threads": 1, "threshold": 0, "n_fun": 3, "payload_bl": 2, "fun_type": 0, "overlap": 25, "nmegabins": 4, "poly_size": 947, "bit_len": 60}, "network": {"type": "LTE", "delay": 39, "loss": 0.1, "rateDown": 24, "rateUp": 4}, "s_output": {"rtt": 49.2656, "throughput": 0.697667, "result": 0, "hashing_t": 4.13136, "oprf_t": 1174.38, "poly_t": 159.917, "poly_trans_t": 0.037897, "aby_online_t": 238.58, "aby_setup_t": 3644.47, "aby_total_t": 3883.05, "aby_baseot_t": 184915.0, "total_t": 191195.0, "nobase_t": 5776.48, "poly_d_rs": [0, 30304], "oprf_d_rs": [83297, 16944], "aby_online_d_rs": [28991, 29000], "aby_setup_d_rs": [1228852, 1228843], "aby_total_d_rs": [1257843, 1257843], "aby_baseot_d_rs": [67159124, 67159124], "total_d_rs": [1341140, 1305091], "nobase_d_rs": [18446744073643733559, 18446744073643680683]}, "c_output": {"result": 0, "hashing_t": 2.848, "oprf_t": 974.76, "poly_t": 30.097, "poly_trans_t": 147.852, "aby_online_t": 275.206, "aby_setup_t": 3645.74, "aby_total_t": 3920.95, "aby_baseot_t": 184915.0, "total_t": 191228.0, "nobase_t": 5411.1, "poly_d_rs": [30304, 0], "oprf_d_rs": [16944, 83297], "aby_online_d_rs": [29000, 29009], "aby_setup_d_rs": [1228843, 1228834], "aby_total_d_rs": [1257843, 1257843], "aby_baseot_d_rs": [67159124, 67159124], "total_d_rs": [1305091, 1341140], "nobase_d_rs": [18446744073643680683, 18446744073643733559]}, "batch": "NetworkBenchmarkingLTE"}