{"setup": "desktop-app", "repeat": 6, "parameters": {"client_neles": 1024, "server_neles": 1024, "epsilon": 1.27, "server_ip": "192.168.0.2", "port": 7777, "threads": 1, "threshold": 0, "n_fun": 3, "payload_bl": 2, "fun_type": 0, "overlap": 25, "nmegabins": 4, "poly_size": 947, "bit_len": 60}, "network": {"type": "LTE", "delay": 39, "loss": 0.1, "rateDown": 24, "rateUp": 4}, "s_output": {"rtt": 50.4653, "throughput": 0.693434, "result": 0, "hashing_t": 4.10864, "oprf_t": 1262.36, "poly_t": 173.606, "poly_trans_t": 0.02934, "aby_online_t": 232.599, "aby_setup_t": 3358.64, "aby_total_t": 3591.24, "aby_baseot_t": 186071.0, "total_t": 192156.0, "nobase_t": 5530.1, "poly_d_rs": [0, 30304], "oprf_d_rs": [83297, 16944], "aby_online_d_rs": [28999, 29000], "aby_setup_d_rs": [1228843, 1228843], "aby_total_d_rs": [1257842, 1257843], "aby_baseot_d_rs": [67159125, 67159124], "total_d_rs": [1341139, 1305091], "nobase_d_rs": [18446744073643733557, 18446744073643680683]}, "c_output": {"result": 0, "hashing_t": 2.628, "oprf_t": 1064.88, "poly_t": 29.456, "poly_trans_t": 180.542, "aby_online_t": 272.98, "aby_setup_t": 3377.97, "aby_total_t": 3650.95, "aby_baseot_t": 186049.0, "total_t": 192195.0, "nobase_t": 5185.28, "poly_d_rs": [30304, 0], "oprf_d_rs": [16944, 83297], "aby_online_d_rs": [29000, 29000], "aby_setup_d_rs": [1228843, 1228843], "aby_total_d_rs": [1257843, 1257843], "aby_baseot_d_rs": [67159124, 67159124], "total_d_rs": [1305091, 1341140], "nobase_d_rs": [18446744073643680683, 18446744073643733559]}, "batch": "NetworkBenchmarkingLTE"}