{"setup": "desktop-app", "repeat": 24, "parameters": {"client_neles": 1024, "server_neles": 1024, "epsilon": 1.27, "server_ip": "192.168.0.2", "port": 7777, "threads": 1, "threshold": 0, "n_fun": 3, "payload_bl": 2, "fun_type": 0, "overlap": 25, "nmegabins": 4, "poly_size": 947, "bit_len": 60}, "network": {"type": "LTE", "delay": 39, "loss": 0.1, "rateDown": 24, "rateUp": 4}, "s_output": {"rtt": 55.7879, "throughput": 0.664614, "result": 0, "hashing_t": 0.943493, "oprf_t": 1115.23, "poly_t": 147.797, "poly_trans_t": 0.043848, "aby_online_t": 266.324, "aby_setup_t": 3483.84, "aby_total_t": 3750.17, "aby_baseot_t": 194268.0, "total_t": 200355.0, "nobase_t": 5621.44, "poly_d_rs": [0, 30304], "oprf_d_rs": [83297, 16944], "aby_online_d_rs": [28999, 29000], "aby_setup_d_rs": [1228844, 1228843], "aby_total_d_rs": [1257843, 1257843], "aby_baseot_d_rs": [67159124, 67159124], "total_d_rs": [1341140, 1305091], "nobase_d_rs": [18446744073643733559, 18446744073643680683]}, "c_output": {"result": 0, "hashing_t": 2.582, "oprf_t": 896.606, "poly_t": 28.41, "poly_trans_t": 159.0, "aby_online_t": 270.797, "aby_setup_t": 3502.77, "aby_total_t": 3773.57, "aby_baseot_t": 194248.0, "total_t": 200351.0, "nobase_t": 5289.12, "poly_d_rs": [30304, 0], "oprf_d_rs": [16944, 83297], "aby_online_d_rs": [29000, 29000], "aby_setup_d_rs": [1228843, 1228843], "aby_total_d_rs": [1257843, 1257843], "aby_baseot_d_rs": [67159124, 67159124], "total_d_rs": [1305091, 1341140], "nobase_d_rs": [18446744073643680683, 18446744073643733559]}, "batch": "NetworkBenchmarkingLTE"}