{"setup": "desktop-app", "repeat": 12, "parameters": {"client_neles": 1024, "server_neles": 1024, "epsilon": 1.27, "server_ip": "192.168.0.2", "port": 7777, "threads": 1, "threshold": 0, "n_fun": 3, "payload_bl": 2, "fun_type": 0, "overlap": 25, "nmegabins": 4, "poly_size": 947, "bit_len": 60}, "network": {"type": "LTE", "delay": 39, "loss": 0.1, "rateDown": 24, "rateUp": 4}, "s_output": {"rtt": 48.9667, "throughput": 0.70438, "result": 0, "hashing_t": 0.972856, "oprf_t": 1143.85, "poly_t": 148.124, "poly_trans_t": 0.040915, "aby_online_t": 224.796, "aby_setup_t": 3183.89, "aby_total_t": 3408.69, "aby_baseot_t": 183168.0, "total_t": 188926.0, "nobase_t": 5232.88, "poly_d_rs": [0, 30304], "oprf_d_rs": [83297, 16944], "aby_online_d_rs": [29000, 29000], "aby_setup_d_rs": [1228843, 1228843], "aby_total_d_rs": [1257843, 1257843], "aby_baseot_d_rs": [67159124, 67159124], "total_d_rs": [1341140, 1305091], "nobase_d_rs": [18446744073643733559, 18446744073643680683]}, "c_output": {"result": 0, "hashing_t": 2.708, "oprf_t": 925.376, "poly_t": 24.354, "poly_trans_t": 150.052, "aby_online_t": 259.278, "aby_setup_t": 3196.77, "aby_total_t": 3456.04, "aby_baseot_t": 183163.0, "total_t": 188960.0, "nobase_t": 4951.09, "poly_d_rs": [30304, 0], "oprf_d_rs": [16944, 83297], "aby_online_d_rs": [29000, 29000], "aby_setup_d_rs": [1228843, 1228843], "aby_total_d_rs": [1257843, 1257843], "aby_baseot_d_rs": [67159124, 67159124], "total_d_rs": [1305091, 1341140], "nobase_d_rs": [18446744073643680683, 18446744073643733559]}, "batch": "NetworkBenchmarkingLTE"}