{"setup": "desktop-app", "repeat": 14, "parameters": {"client_neles": 1024, "server_neles": 1024, "epsilon": 1.27, "server_ip": "192.168.0.2", "port": 7777, "threads": 1, "threshold": 0, "n_fun": 3, "payload_bl": 2, "fun_type": 0, "overlap": 25, "nmegabins": 4, "poly_size": 947, "bit_len": 60}, "network": {"type": "LTE", "delay": 39, "loss": 0.1, "rateDown": 24, "rateUp": 4}, "s_output": {"rtt": 48.7049, "throughput": 0.708959, "result": 0, "hashing_t": 1.17281, "oprf_t": 1142.91, "poly_t": 153.845, "poly_trans_t": 0.042609, "aby_online_t": 236.663, "aby_setup_t": 3185.66, "aby_total_t": 3422.33, "aby_baseot_t": 181993.0, "total_t": 187768.0, "nobase_t": 5313.32, "poly_d_rs": [0, 30304], "oprf_d_rs": [83297, 16944], "aby_online_d_rs": [29000, 29000], "aby_setup_d_rs": [1228843, 1228843], "aby_total_d_rs": [1257843, 1257843], "aby_baseot_d_rs": [67159124, 67159124], "total_d_rs": [1341140, 1305091], "nobase_d_rs": [18446744073643733559, 18446744073643680683]}, "c_output": {"result": 0, "hashing_t": 2.718, "oprf_t": 910.731, "poly_t": 29.9, "poly_trans_t": 148.064, "aby_online_t": 257.02, "aby_setup_t": 3199.74, "aby_total_t": 3456.76, "aby_baseot_t": 181984.0, "total_t": 187785.0, "nobase_t": 4965.94, "poly_d_rs": [30304, 0], "oprf_d_rs": [16944, 83297], "aby_online_d_rs": [29000, 29000], "aby_setup_d_rs": [1228843, 1228843], "aby_total_d_rs": [1257843, 1257843], "aby_baseot_d_rs": [67159124, 67159124], "total_d_rs": [1305091, 1341140], "nobase_d_rs": [18446744073643680683, 18446744073643733559]}, "batch": "NetworkBenchmarkingLTE"}