{"setup": "desktop-app", "repeat": 19, "parameters": {"client_neles": 1024, "server_neles": 1024, "epsilon": 1.27, "server_ip": "192.168.0.2", "port": 7777, "threads": 1, "threshold": 0, "n_fun": 3, "payload_bl": 2, "fun_type": 0, "overlap": 25, "nmegabins": 4, "poly_size": 947, "bit_len": 60}, "network": {"type": "LTE", "delay": 39, "loss": 0.1, "rateDown": 24, "rateUp": 4}, "s_output": {"rtt": 50.3901, "throughput": 0.690612, "result": 0, "hashing_t": 4.06141, "oprf_t": 1163.02, "poly_t": 161.028, "poly_trans_t": 0.038161, "aby_online_t": 239.96, "aby_setup_t": 3239.5, "aby_total_t": 3479.46, "aby_baseot_t": 186809.0, "total_t": 192652.0, "nobase_t": 5360.76, "poly_d_rs": [0, 30304], "oprf_d_rs": [83297, 16944], "aby_online_d_rs": [28991, 29000], "aby_setup_d_rs": [1228852, 1228843], "aby_total_d_rs": [1257843, 1257843], "aby_baseot_d_rs": [67159124, 67159124], "total_d_rs": [1341140, 1305091], "nobase_d_rs": [18446744073643733559, 18446744073643680683]}, "c_output": {"result": 0, "hashing_t": 2.66, "oprf_t": 950.202, "poly_t": 30.486, "poly_trans_t": 179.927, "aby_online_t": 274.072, "aby_setup_t": 3240.41, "aby_total_t": 3514.49, "aby_baseot_t": 186809.0, "total_t": 192678.0, "nobase_t": 4987.01, "poly_d_rs": [30304, 0], "oprf_d_rs": [16944, 83297], "aby_online_d_rs": [29000, 29000], "aby_setup_d_rs": [1228843, 1228843], "aby_total_d_rs": [1257843, 1257843], "aby_baseot_d_rs": [67159124, 67159124], "total_d_rs": [1305091, 1341140], "nobase_d_rs": [18446744073643680683, 18446744073643733559]}, "batch": "NetworkBenchmarkingLTE"}