{"setup": "desktop-app", "repeat": 21, "parameters": {"client_neles": 1024, "server_neles": 1024, "epsilon": 1.27, "server_ip": "192.168.0.2", "port": 7777, "threads": 1, "threshold": 0, "n_fun": 3, "payload_bl": 2, "fun_type": 0, "overlap": 25, "nmegabins": 4, "poly_size": 947, "bit_len": 60}, "network": {"type": "LTE", "delay": 39, "loss": 0.1, "rateDown": 24, "rateUp": 4}, "s_output": {"rtt": 51.6287, "throughput": 0.734144, "result": 0, "hashing_t": 1.11888, "oprf_t": 1155.93, "poly_t": 166.185, "poly_trans_t": 0.052861, "aby_online_t": 240.477, "aby_setup_t": 3160.43, "aby_total_t": 3400.91, "aby_baseot_t": 175844.0, "total_t": 181614.0, "nobase_t": 5256.12, "poly_d_rs": [0, 30304], "oprf_d_rs": [83297, 16944], "aby_online_d_rs": [29000, 29000], "aby_setup_d_rs": [1228842, 1228843], "aby_total_d_rs": [1257842, 1257843], "aby_baseot_d_rs": [67159124, 67159124], "total_d_rs": [1341139, 1305091], "nobase_d_rs": [18446744073643733558, 18446744073643680683]}, "c_output": {"result": 0, "hashing_t": 2.592, "oprf_t": 945.814, "poly_t": 30.765, "poly_trans_t": 154.199, "aby_online_t": 263.897, "aby_setup_t": 3179.3, "aby_total_t": 3443.2, "aby_baseot_t": 175827.0, "total_t": 181638.0, "nobase_t": 4947.28, "poly_d_rs": [30304, 0], "oprf_d_rs": [16944, 83297], "aby_online_d_rs": [29000, 29000], "aby_setup_d_rs": [1228843, 1228843], "aby_total_d_rs": [1257843, 1257843], "aby_baseot_d_rs": [67159124, 67159124], "total_d_rs": [1305091, 1341140], "nobase_d_rs": [18446744073643680683, 18446744073643733559]}, "batch": "NetworkBenchmarkingLTE"}