{"setup": "desktop-app", "repeat": 0, "parameters": {"client_neles": 1024, "server_neles": 1024, "epsilon": 1.27, "server_ip": "192.168.0.2", "port": 7777, "threads": 1, "threshold": 0, "n_fun": 3, "payload_bl": 2, "fun_type": 0, "overlap": 25, "nmegabins": 4, "poly_size": 947, "bit_len": 60}, "network": {"type": "LTE", "delay": 39, "loss": 0.1, "rateDown": 24, "rateUp": 4}, "s_output": {"rtt": 49.7881, "throughput": 0.722461, "result": 0, "hashing_t": 4.05582, "oprf_t": 1195.59, "poly_t": 176.688, "poly_trans_t": 0.029206, "aby_online_t": 230.902, "aby_setup_t": 3169.06, "aby_total_t": 3399.96, "aby_baseot_t": 178647.0, "total_t": 184477.0, "nobase_t": 5295.49, "poly_d_rs": [0, 30304], "oprf_d_rs": [83297, 16944], "aby_online_d_rs": [29000, 29000], "aby_setup_d_rs": [1228843, 1228843], "aby_total_d_rs": [1257843, 1257843], "aby_baseot_d_rs": [67159124, 67159124], "total_d_rs": [1341140, 1305091], "nobase_d_rs": [18446744073643733559, 18446744073643680683]}, "c_output": {"result": 0, "hashing_t": 2.564, "oprf_t": 968.573, "poly_t": 27.058, "poly_trans_t": 181.851, "aby_online_t": 256.318, "aby_setup_t": 3190.94, "aby_total_t": 3447.26, "aby_baseot_t": 178629.0, "total_t": 184503.0, "nobase_t": 4976.38, "poly_d_rs": [30304, 0], "oprf_d_rs": [16944, 83297], "aby_online_d_rs": [29000, 29000], "aby_setup_d_rs": [1228843, 1228843], "aby_total_d_rs": [1257843, 1257843], "aby_baseot_d_rs": [67159124, 67159124], "total_d_rs": [1305091, 1341140], "nobase_d_rs": [18446744073643680683, 18446744073643733559]}, "batch": "NetworkBenchmarkingLTE"}