{"setup": "desktop-app", "repeat": 20, "parameters": {"client_neles": 1024, "server_neles": 1024, "epsilon": 1.27, "server_ip": "192.168.0.2", "port": 7777, "threads": 1, "threshold": 0, "n_fun": 3, "payload_bl": 2, "fun_type": 0, "overlap": 25, "nmegabins": 4, "poly_size": 947, "bit_len": 60}, "network": {"type": "WAN", "delay": 28, "loss": 0.1, "rateDown": 230, "rateUp": 230}, "s_output": {"rtt": 39.4006, "throughput": 3.76819, "result": 0, "hashing_t": 1.05799, "oprf_t": 979.014, "poly_t": 103.248, "poly_trans_t": 0.036471, "aby_online_t": 155.713, "aby_setup_t": 865.848, "aby_total_t": 1021.56, "aby_baseot_t": 35113.2, "total_t": 38216.5, "nobase_t": 2634.27, "poly_d_rs": [0, 30304], "oprf_d_rs": [83297, 16944], "aby_online_d_rs": [29000, 28991], "aby_setup_d_rs": [1228843, 1228843], "aby_total_d_rs": [1257843, 1257834], "aby_baseot_d_rs": [67159124, 67159124], "total_d_rs": [1341140, 1305082], "nobase_d_rs": [18446744073643733559, 18446744073643680674]}, "c_output": {"result": 0, "hashing_t": 2.619, "oprf_t": 901.711, "poly_t": 30.91, "poly_trans_t": 129.37, "aby_online_t": 195.411, "aby_setup_t": 861.751, "aby_total_t": 1057.16, "aby_baseot_t": 35121.9, "total_t": 38251.8, "nobase_t": 2301.85, "poly_d_rs": [30304, 0], "oprf_d_rs": [16944, 83297], "aby_online_d_rs": [29009, 29000], "aby_setup_d_rs": [1228843, 1228843], "aby_total_d_rs": [1257852, 1257843], "aby_baseot_d_rs": [67159124, 67159124], "total_d_rs": [1305100, 1341140], "nobase_d_rs": [18446744073643680692, 18446744073643733559]}, "batch": "NetworkDebugging_NewRTTs_WAN4"}