{"setup": "desktop-app", "repeat": 0, "parameters": {"client_neles": 1024, "server_neles": 1024, "epsilon": 1.27, "server_ip": "192.168.0.2", "port": 7777, "threads": 1, "threshold": 0, "n_fun": 3, "payload_bl": 2, "fun_type": 0, "overlap": 25, "nmegabins": 4, "poly_size": 947, "bit_len": 60}, "network": {"type": "WAN", "delay": 28, "loss": 0.1, "rateDown": 230, "rateUp": 230}, "s_output": {"rtt": 39.4035, "throughput": 3.08938, "result": 0, "hashing_t": 3.55335, "oprf_t": 990.395, "poly_t": 146.719, "poly_trans_t": 0.039128, "aby_online_t": 162.0, "aby_setup_t": 876.212, "aby_total_t": 1038.21, "aby_baseot_t": 42578.6, "total_t": 45743.1, "nobase_t": 2759.9, "poly_d_rs": [0, 30304], "oprf_d_rs": [83297, 16944], "aby_online_d_rs": [28999, 28991], "aby_setup_d_rs": [1228844, 1228843], "aby_total_d_rs": [1257843, 1257834], "aby_baseot_d_rs": [67159124, 67159124], "total_d_rs": [1341140, 1305082], "nobase_d_rs": [18446744073643733559, 18446744073643680674]}, "c_output": {"result": 0, "hashing_t": 2.738, "oprf_t": 903.558, "poly_t": 28.5, "poly_trans_t": 120.753, "aby_online_t": 197.609, "aby_setup_t": 882.308, "aby_total_t": 1079.92, "aby_baseot_t": 42581.7, "total_t": 45776.7, "nobase_t": 2358.49, "poly_d_rs": [30304, 0], "oprf_d_rs": [16944, 83297], "aby_online_d_rs": [29000, 29000], "aby_setup_d_rs": [1228843, 1228843], "aby_total_d_rs": [1257843, 1257843], "aby_baseot_d_rs": [67159124, 67159124], "total_d_rs": [1305091, 1341140], "nobase_d_rs": [18446744073643680683, 18446744073643733559]}, "batch": "NetworkDebugging_NewRTTs_WAN4"}