{"setup": "desktop-app", "repeat": 17, "parameters": {"client_neles": 1024, "server_neles": 1024, "epsilon": 1.27, "server_ip": "192.168.0.2", "port": 7777, "threads": 1, "threshold": 0, "n_fun": 3, "payload_bl": 2, "fun_type": 0, "overlap": 25, "nmegabins": 4, "poly_size": 947, "bit_len": 60}, "network": {"type": "WAN", "delay": 28, "loss": 0.1, "rateDown": 230, "rateUp": 230}, "s_output": {"rtt": 39.421, "throughput": 3.96312, "result": 0, "hashing_t": 1.06374, "oprf_t": 970.097, "poly_t": 97.9402, "poly_trans_t": 0.036886, "aby_online_t": 158.15, "aby_setup_t": 851.802, "aby_total_t": 1009.95, "aby_baseot_t": 33479.9, "total_t": 36566.7, "nobase_t": 2649.51, "poly_d_rs": [0, 30304], "oprf_d_rs": [83297, 16944], "aby_online_d_rs": [28999, 28991], "aby_setup_d_rs": [1228844, 1228843], "aby_total_d_rs": [1257843, 1257834], "aby_baseot_d_rs": [67159124, 67159124], "total_d_rs": [1341140, 1305082], "nobase_d_rs": [18446744073643733559, 18446744073643680674]}, "c_output": {"result": 0, "hashing_t": 2.59, "oprf_t": 893.559, "poly_t": 34.153, "poly_trans_t": 129.166, "aby_online_t": 196.958, "aby_setup_t": 853.857, "aby_total_t": 1050.82, "aby_baseot_t": 33486.4, "total_t": 36600.2, "nobase_t": 2297.58, "poly_d_rs": [30304, 0], "oprf_d_rs": [16944, 83297], "aby_online_d_rs": [29009, 29000], "aby_setup_d_rs": [1228843, 1228852], "aby_total_d_rs": [1257852, 1257852], "aby_baseot_d_rs": [67159124, 67159115], "total_d_rs": [1305100, 1341149], "nobase_d_rs": [18446744073643680692, 18446744073643733577]}, "batch": "NetworkDebugging_NewRTTs_WAN4"}