{"setup": "desktop-app", "repeat": 18, "parameters": {"client_neles": 1024, "server_neles": 1024, "epsilon": 1.27, "server_ip": "192.168.0.2", "port": 7777, "threads": 1, "threshold": 0, "n_fun": 3, "payload_bl": 2, "fun_type": 0, "overlap": 25, "nmegabins": 4, "poly_size": 947, "bit_len": 60}, "network": {"type": "WAN", "delay": 28, "loss": 0.1, "rateDown": 230, "rateUp": 230}, "s_output": {"rtt": 37.5157, "throughput": 3.97092, "result": 0, "hashing_t": 1.08702, "oprf_t": 943.379, "poly_t": 113.294, "poly_trans_t": 0.038602, "aby_online_t": 166.139, "aby_setup_t": 507.579, "aby_total_t": 673.718, "aby_baseot_t": 33379.7, "total_t": 36125.4, "nobase_t": 2311.92, "poly_d_rs": [0, 30304], "oprf_d_rs": [83297, 16944], "aby_online_d_rs": [28991, 29000], "aby_setup_d_rs": [1228852, 1228843], "aby_total_d_rs": [1257843, 1257843], "aby_baseot_d_rs": [67159124, 67159124], "total_d_rs": [1341140, 1305091], "nobase_d_rs": [18446744073643733559, 18446744073643680683]}, "c_output": {"result": 0, "hashing_t": 2.702, "oprf_t": 864.424, "poly_t": 35.295, "poly_trans_t": 132.71, "aby_online_t": 203.179, "aby_setup_t": 508.185, "aby_total_t": 711.364, "aby_baseot_t": 33389.8, "total_t": 36157.4, "nobase_t": 1965.22, "poly_d_rs": [30304, 0], "oprf_d_rs": [16944, 83297], "aby_online_d_rs": [29009, 29000], "aby_setup_d_rs": [1228843, 1228843], "aby_total_d_rs": [1257852, 1257843], "aby_baseot_d_rs": [67159124, 67159124], "total_d_rs": [1305100, 1341140], "nobase_d_rs": [18446744073643680692, 18446744073643733559]}, "batch": "NetworkDebugging_NewRTTs_WAN4"}