{"setup": "desktop-app", "repeat": 11, "parameters": {"client_neles": 1024, "server_neles": 1024, "epsilon": 1.27, "server_ip": "192.168.0.2", "port": 7777, "threads": 1, "threshold": 0, "n_fun": 3, "payload_bl": 2, "fun_type": 0, "overlap": 25, "nmegabins": 4, "poly_size": 947, "bit_len": 60}, "network": {"type": "WAN", "delay": 28, "loss": 0.1, "rateDown": 230, "rateUp": 230}, "s_output": {"rtt": 39.6939, "throughput": 3.41159, "result": 0, "hashing_t": 1.06323, "oprf_t": 963.43, "poly_t": 139.042, "poly_trans_t": 0.044046, "aby_online_t": 164.32, "aby_setup_t": 400.264, "aby_total_t": 564.584, "aby_baseot_t": 38703.4, "total_t": 41364.9, "nobase_t": 2245.36, "poly_d_rs": [0, 30304], "oprf_d_rs": [83297, 16944], "aby_online_d_rs": [29000, 29000], "aby_setup_d_rs": [1228843, 1228843], "aby_total_d_rs": [1257843, 1257843], "aby_baseot_d_rs": [67159124, 67159124], "total_d_rs": [1341140, 1305091], "nobase_d_rs": [18446744073643733559, 18446744073643680683]}, "c_output": {"result": 0, "hashing_t": 2.613, "oprf_t": 884.137, "poly_t": 25.147, "poly_trans_t": 136.654, "aby_online_t": 179.464, "aby_setup_t": 406.832, "aby_total_t": 586.296, "aby_baseot_t": 38706.6, "total_t": 41382.9, "nobase_t": 1852.39, "poly_d_rs": [30304, 0], "oprf_d_rs": [16944, 83297], "aby_online_d_rs": [29000, 29000], "aby_setup_d_rs": [1228843, 1228852], "aby_total_d_rs": [1257843, 1257852], "aby_baseot_d_rs": [67159124, 67159115], "total_d_rs": [1305091, 1341149], "nobase_d_rs": [18446744073643680683, 18446744073643733577]}, "batch": "NetworkDebugging_NewRTTs_WAN4"}