{"setup": "desktop-app", "repeat": 7, "parameters": {"client_neles": 1024, "server_neles": 1024, "epsilon": 1.27, "server_ip": "192.168.0.2", "port": 7777, "threads": 1, "threshold": 0, "n_fun": 3, "payload_bl": 2, "fun_type": 0, "overlap": 25, "nmegabins": 4, "poly_size": 947, "bit_len": 60}, "network": {"type": "WAN", "delay": 28, "loss": 0.1, "rateDown": 230, "rateUp": 230}, "s_output": {"rtt": 38.7481, "throughput": 4.45954, "result": 0, "hashing_t": 1.60001, "oprf_t": 962.25, "poly_t": 142.782, "poly_trans_t": 0.039114, "aby_online_t": 158.114, "aby_setup_t": 1091.29, "aby_total_t": 1249.41, "aby_baseot_t": 29866.9, "total_t": 33220.2, "nobase_t": 2939.86, "poly_d_rs": [0, 30304], "oprf_d_rs": [83297, 16944], "aby_online_d_rs": [29000, 29000], "aby_setup_d_rs": [1228843, 1228843], "aby_total_d_rs": [1257843, 1257843], "aby_baseot_d_rs": [67159124, 67159124], "total_d_rs": [1341140, 1305091], "nobase_d_rs": [18446744073643733559, 18446744073643680683]}, "c_output": {"result": 0, "hashing_t": 2.998, "oprf_t": 881.801, "poly_t": 23.099, "poly_trans_t": 123.856, "aby_online_t": 193.772, "aby_setup_t": 1101.12, "aby_total_t": 1294.9, "aby_baseot_t": 29862.2, "total_t": 33257.9, "nobase_t": 2574.61, "poly_d_rs": [30304, 0], "oprf_d_rs": [16944, 83297], "aby_online_d_rs": [29009, 29000], "aby_setup_d_rs": [1228843, 1228852], "aby_total_d_rs": [1257852, 1257852], "aby_baseot_d_rs": [67159124, 67159115], "total_d_rs": [1305100, 1341149], "nobase_d_rs": [18446744073643680692, 18446744073643733577]}, "batch": "NetworkDebugging_NewRTTs_WAN4"}