{"setup": "desktop-app", "repeat": 15, "parameters": {"client_neles": 1024, "server_neles": 1024, "epsilon": 1.27, "server_ip": "192.168.0.2", "port": 7777, "threads": 1, "threshold": 0, "n_fun": 3, "payload_bl": 2, "fun_type": 0, "overlap": 25, "nmegabins": 4, "poly_size": 947, "bit_len": 60}, "network": {"type": "WAN", "delay": 28, "loss": 0.1, "rateDown": 230, "rateUp": 230}, "s_output": {"rtt": 38.3158, "throughput": 2.92735, "result": 0, "hashing_t": 3.65677, "oprf_t": 919.153, "poly_t": 127.162, "poly_trans_t": 0.04458, "aby_online_t": 171.649, "aby_setup_t": 767.657, "aby_total_t": 939.306, "aby_baseot_t": 44874.4, "total_t": 47857.0, "nobase_t": 2564.64, "poly_d_rs": [0, 30304], "oprf_d_rs": [83297, 16944], "aby_online_d_rs": [29000, 29000], "aby_setup_d_rs": [1228843, 1228843], "aby_total_d_rs": [1257843, 1257843], "aby_baseot_d_rs": [67159124, 67159124], "total_d_rs": [1341140, 1305091], "nobase_d_rs": [18446744073643733559, 18446744073643680683]}, "c_output": {"result": 0, "hashing_t": 2.586, "oprf_t": 833.904, "poly_t": 23.567, "poly_trans_t": 156.064, "aby_online_t": 201.615, "aby_setup_t": 768.022, "aby_total_t": 969.637, "aby_baseot_t": 44883.4, "total_t": 47884.4, "nobase_t": 2227.55, "poly_d_rs": [30304, 0], "oprf_d_rs": [16944, 83297], "aby_online_d_rs": [29000, 29000], "aby_setup_d_rs": [1228843, 1228843], "aby_total_d_rs": [1257843, 1257843], "aby_baseot_d_rs": [67159124, 67159124], "total_d_rs": [1305091, 1341140], "nobase_d_rs": [18446744073643680683, 18446744073643733559]}, "batch": "NetworkDebugging_NewRTTs_WAN4"}