{"setup": "desktop-app", "repeat": 8, "parameters": {"client_neles": 1024, "server_neles": 1024, "epsilon": 1.27, "server_ip": "192.168.0.2", "port": 7777, "threads": 1, "threshold": 0, "n_fun": 3, "payload_bl": 2, "fun_type": 0, "overlap": 25, "nmegabins": 4, "poly_size": 947, "bit_len": 60}, "network": {"type": "WAN", "delay": 28, "loss": 0.1, "rateDown": 230, "rateUp": 230}, "s_output": {"rtt": 37.3605, "throughput": 3.2692, "result": 0, "hashing_t": 1.17407, "oprf_t": 905.976, "poly_t": 128.318, "poly_trans_t": 0.036585, "aby_online_t": 161.681, "aby_setup_t": 1150.56, "aby_total_t": 1312.24, "aby_baseot_t": 40302.8, "total_t": 43646.6, "nobase_t": 2914.07, "poly_d_rs": [0, 30304], "oprf_d_rs": [83297, 16944], "aby_online_d_rs": [28999, 29000], "aby_setup_d_rs": [1228844, 1228843], "aby_total_d_rs": [1257843, 1257843], "aby_baseot_d_rs": [67159124, 67159124], "total_d_rs": [1341140, 1305091], "nobase_d_rs": [18446744073643733559, 18446744073643680683]}, "c_output": {"result": 0, "hashing_t": 1.524, "oprf_t": 822.805, "poly_t": 29.512, "poly_trans_t": 153.572, "aby_online_t": 188.866, "aby_setup_t": 1160.02, "aby_total_t": 1348.88, "aby_baseot_t": 40301.3, "total_t": 43674.3, "nobase_t": 2612.35, "poly_d_rs": [30304, 0], "oprf_d_rs": [16944, 83297], "aby_online_d_rs": [29000, 29000], "aby_setup_d_rs": [1228843, 1228843], "aby_total_d_rs": [1257843, 1257843], "aby_baseot_d_rs": [67159124, 67159124], "total_d_rs": [1305091, 1341140], "nobase_d_rs": [18446744073643680683, 18446744073643733559]}, "batch": "NetworkDebugging_NewRTTs_WAN4"}