{"setup": "desktop-app", "repeat": 23, "parameters": {"client_neles": 1024, "server_neles": 1024, "epsilon": 1.27, "server_ip": "192.168.0.2", "port": 7777, "threads": 1, "threshold": 0, "n_fun": 3, "payload_bl": 2, "fun_type": 0, "overlap": 25, "nmegabins": 4, "poly_size": 947, "bit_len": 60}, "network": {"type": "WAN", "delay": 28, "loss": 0.1, "rateDown": 230, "rateUp": 230}, "s_output": {"rtt": 38.4729, "throughput": 3.39328, "result": 0, "hashing_t": 4.62912, "oprf_t": 959.564, "poly_t": 145.49, "poly_trans_t": 0.038064, "aby_online_t": 166.014, "aby_setup_t": 883.464, "aby_total_t": 1049.48, "aby_baseot_t": 38861.1, "total_t": 42034.0, "nobase_t": 2747.24, "poly_d_rs": [0, 30304], "oprf_d_rs": [83297, 16944], "aby_online_d_rs": [28999, 28991], "aby_setup_d_rs": [1228844, 1228843], "aby_total_d_rs": [1257843, 1257834], "aby_baseot_d_rs": [67159124, 67159124], "total_d_rs": [1341140, 1305082], "nobase_d_rs": [18446744073643733559, 18446744073643680674]}, "c_output": {"result": 0, "hashing_t": 2.661, "oprf_t": 881.071, "poly_t": 32.79, "poly_trans_t": 142.023, "aby_online_t": 217.56, "aby_setup_t": 884.502, "aby_total_t": 1102.06, "aby_baseot_t": 38864.9, "total_t": 42084.9, "nobase_t": 2406.16, "poly_d_rs": [30304, 0], "oprf_d_rs": [16944, 83297], "aby_online_d_rs": [29009, 29000], "aby_setup_d_rs": [1228843, 1228843], "aby_total_d_rs": [1257852, 1257843], "aby_baseot_d_rs": [67159124, 67159124], "total_d_rs": [1305100, 1341140], "nobase_d_rs": [18446744073643680692, 18446744073643733559]}, "batch": "NetworkDebugging_NewRTTs_WAN4"}