{"setup": "desktop-app", "repeat": 5, "parameters": {"client_neles": 1024, "server_neles": 1024, "epsilon": 1.27, "server_ip": "192.168.0.2", "port": 7777, "threads": 1, "threshold": 0, "n_fun": 3, "payload_bl": 2, "fun_type": 0, "overlap": 25, "nmegabins": 4, "poly_size": 947, "bit_len": 60}, "network": {"type": "WAN", "delay": 28, "loss": 0.1, "rateDown": 230, "rateUp": 230}, "s_output": {"rtt": 39.3289, "throughput": 3.95336, "result": 0, "hashing_t": 4.01727, "oprf_t": 988.436, "poly_t": 124.721, "poly_trans_t": 0.039542, "aby_online_t": 162.32, "aby_setup_t": 873.691, "aby_total_t": 1036.01, "aby_baseot_t": 33585.1, "total_t": 36754.5, "nobase_t": 2713.94, "poly_d_rs": [0, 30304], "oprf_d_rs": [83297, 16944], "aby_online_d_rs": [28991, 29000], "aby_setup_d_rs": [1228852, 1228843], "aby_total_d_rs": [1257843, 1257843], "aby_baseot_d_rs": [67159124, 67159124], "total_d_rs": [1341140, 1305091], "nobase_d_rs": [18446744073643733559, 18446744073643680683]}, "c_output": {"result": 0, "hashing_t": 1.109, "oprf_t": 896.175, "poly_t": 32.447, "poly_trans_t": 122.435, "aby_online_t": 196.406, "aby_setup_t": 884.158, "aby_total_t": 1080.56, "aby_baseot_t": 33582.0, "total_t": 36781.7, "nobase_t": 2361.73, "poly_d_rs": [30304, 0], "oprf_d_rs": [16944, 83297], "aby_online_d_rs": [29000, 29000], "aby_setup_d_rs": [1228843, 1228852], "aby_total_d_rs": [1257843, 1257852], "aby_baseot_d_rs": [67159124, 67159115], "total_d_rs": [1305091, 1341149], "nobase_d_rs": [18446744073643680683, 18446744073643733577]}, "batch": "NetworkDebugging_NewRTTs_WAN4"}