{"setup": "desktop-app", "repeat": 4, "parameters": {"client_neles": 1024, "server_neles": 1024, "epsilon": 1.27, "server_ip": "192.168.0.2", "port": 7777, "threads": 1, "threshold": 0, "n_fun": 3, "payload_bl": 2, "fun_type": 0, "overlap": 25, "nmegabins": 4, "poly_size": 947, "bit_len": 60}, "network": {"type": "WAN", "delay": 28, "loss": 0.1, "rateDown": 230, "rateUp": 230}, "s_output": {"rtt": 38.7658, "throughput": 3.31179, "result": 0, "hashing_t": 1.6803, "oprf_t": 976.204, "poly_t": 140.762, "poly_trans_t": 0.045768, "aby_online_t": 166.1, "aby_setup_t": 1380.16, "aby_total_t": 1546.26, "aby_baseot_t": 39805.6, "total_t": 43470.7, "nobase_t": 3257.7, "poly_d_rs": [0, 30304], "oprf_d_rs": [83297, 16944], "aby_online_d_rs": [28991, 29000], "aby_setup_d_rs": [1228852, 1228843], "aby_total_d_rs": [1257843, 1257843], "aby_baseot_d_rs": [67159124, 67159124], "total_d_rs": [1341140, 1305091], "nobase_d_rs": [18446744073643733559, 18446744073643680683]}, "c_output": {"result": 0, "hashing_t": 2.622, "oprf_t": 886.055, "poly_t": 26.774, "poly_trans_t": 135.587, "aby_online_t": 193.411, "aby_setup_t": 1380.48, "aby_total_t": 1573.89, "aby_baseot_t": 39807.2, "total_t": 43491.7, "nobase_t": 2872.91, "poly_d_rs": [30304, 0], "oprf_d_rs": [16944, 83297], "aby_online_d_rs": [29000, 29009], "aby_setup_d_rs": [1228843, 1228834], "aby_total_d_rs": [1257843, 1257843], "aby_baseot_d_rs": [67159124, 67159124], "total_d_rs": [1305091, 1341140], "nobase_d_rs": [18446744073643680683, 18446744073643733559]}, "batch": "NetworkDebugging_NewRTTs_WAN4"}