{"setup": "desktop-app", "repeat": 1, "parameters": {"client_neles": 1024, "server_neles": 1024, "epsilon": 1.27, "server_ip": "192.168.0.2", "port": 7777, "threads": 1, "threshold": 0, "n_fun": 3, "payload_bl": 2, "fun_type": 0, "overlap": 25, "nmegabins": 4, "poly_size": 947, "bit_len": 60}, "network": {"type": "WAN", "delay": 28, "loss": 0.1, "rateDown": 230, "rateUp": 230}, "s_output": {"rtt": 37.892, "throughput": 3.46846, "result": 0, "hashing_t": 2.86908, "oprf_t": 895.322, "poly_t": 165.779, "poly_trans_t": 0.041942, "aby_online_t": 157.205, "aby_setup_t": 758.556, "aby_total_t": 915.761, "aby_baseot_t": 38100.0, "total_t": 41090.9, "nobase_t": 2595.82, "poly_d_rs": [0, 30304], "oprf_d_rs": [83297, 16944], "aby_online_d_rs": [29000, 29000], "aby_setup_d_rs": [1228843, 1228843], "aby_total_d_rs": [1257843, 1257843], "aby_baseot_d_rs": [67159124, 67159124], "total_d_rs": [1341140, 1305091], "nobase_d_rs": [18446744073643733559, 18446744073643680683]}, "c_output": {"result": 0, "hashing_t": 1.126, "oprf_t": 818.733, "poly_t": 26.644, "poly_trans_t": 162.651, "aby_online_t": 191.109, "aby_setup_t": 769.717, "aby_total_t": 960.826, "aby_baseot_t": 38094.3, "total_t": 41123.9, "nobase_t": 2279.23, "poly_d_rs": [30304, 0], "oprf_d_rs": [16944, 83297], "aby_online_d_rs": [29000, 29000], "aby_setup_d_rs": [1228843, 1228843], "aby_total_d_rs": [1257843, 1257843], "aby_baseot_d_rs": [67159124, 67159124], "total_d_rs": [1305091, 1341140], "nobase_d_rs": [18446744073643680683, 18446744073643733559]}, "batch": "NetworkDebugging_NewRTTs_WAN4"}