{"setup": "desktop-app", "repeat": 10, "parameters": {"client_neles": 1024, "server_neles": 1024, "epsilon": 1.27, "server_ip": "192.168.0.2", "port": 7777, "threads": 1, "threshold": 0, "n_fun": 3, "payload_bl": 2, "fun_type": 0, "overlap": 25, "nmegabins": 4, "poly_size": 947, "bit_len": 60}, "network": {"type": "WAN", "delay": 28, "loss": 0.1, "rateDown": 230, "rateUp": 230}, "s_output": {"rtt": 38.0919, "throughput": 17.3686, "result": 0, "hashing_t": 1.05091, "oprf_t": 911.592, "poly_t": 176.132, "poly_trans_t": 0.03097, "aby_online_t": 168.863, "aby_setup_t": 872.501, "aby_total_t": 1041.36, "aby_baseot_t": 8494.99, "total_t": 11567.3, "nobase_t": 2679.2, "poly_d_rs": [0, 30304], "oprf_d_rs": [83297, 16944], "aby_online_d_rs": [28991, 29000], "aby_setup_d_rs": [1228852, 1228843], "aby_total_d_rs": [1257843, 1257843], "aby_baseot_d_rs": [67159124, 67159124], "total_d_rs": [1341140, 1305091], "nobase_d_rs": [18446744073643733559, 18446744073643680683]}, "c_output": {"result": 0, "hashing_t": 2.638, "oprf_t": 820.208, "poly_t": 11.833, "poly_trans_t": 156.244, "aby_online_t": 165.624, "aby_setup_t": 875.464, "aby_total_t": 1041.09, "aby_baseot_t": 8494.02, "total_t": 11561.4, "nobase_t": 2316.64, "poly_d_rs": [30304, 0], "oprf_d_rs": [16944, 83297], "aby_online_d_rs": [29000, 28991], "aby_setup_d_rs": [1228843, 1228852], "aby_total_d_rs": [1257843, 1257843], "aby_baseot_d_rs": [67159124, 67159115], "total_d_rs": [1305091, 1341140], "nobase_d_rs": [18446744073643680683, 18446744073643733568]}, "batch": "NetworkDebugging_NewRTTs_WAN4"}