{"setup": "desktop-app", "repeat": 6, "parameters": {"client_neles": 1024, "server_neles": 1024, "epsilon": 1.27, "server_ip": "192.168.0.2", "port": 7777, "threads": 1, "threshold": 0, "n_fun": 3, "payload_bl": 2, "fun_type": 0, "overlap": 25, "nmegabins": 4, "poly_size": 947, "bit_len": 60}, "network": {"type": "WAN", "delay": 28, "loss": 0.1, "rateDown": 230, "rateUp": 230}, "s_output": {"rtt": 42.5677, "throughput": 2.85593, "result": 0, "hashing_t": 4.40475, "oprf_t": 925.151, "poly_t": 152.871, "poly_trans_t": 0.038826, "aby_online_t": 166.774, "aby_setup_t": 1485.14, "aby_total_t": 1651.91, "aby_baseot_t": 46053.3, "total_t": 49781.7, "nobase_t": 3318.75, "poly_d_rs": [0, 30304], "oprf_d_rs": [83297, 16944], "aby_online_d_rs": [19241, 28991], "aby_setup_d_rs": [1238602, 1228843], "aby_total_d_rs": [1257843, 1257834], "aby_baseot_d_rs": [67159124, 67159124], "total_d_rs": [1341140, 1305082], "nobase_d_rs": [18446744073643733559, 18446744073643680674]}, "c_output": {"result": 0, "hashing_t": 2.603, "oprf_t": 844.636, "poly_t": 33.279, "poly_trans_t": 141.789, "aby_online_t": 210.072, "aby_setup_t": 1478.22, "aby_total_t": 1688.3, "aby_baseot_t": 46061.0, "total_t": 49820.7, "nobase_t": 2989.37, "poly_d_rs": [30304, 0], "oprf_d_rs": [16944, 83297], "aby_online_d_rs": [29009, 29000], "aby_setup_d_rs": [1228843, 1228852], "aby_total_d_rs": [1257852, 1257852], "aby_baseot_d_rs": [67159124, 67159115], "total_d_rs": [1305100, 1341149], "nobase_d_rs": [18446744073643680692, 18446744073643733577]}, "batch": "NetworkDebugging_NewRTTs_WAN4"}