{"setup": "desktop-app", "repeat": 3, "parameters": {"client_neles": 1024, "server_neles": 1024, "epsilon": 1.27, "server_ip": "192.168.0.2", "port": 7777, "threads": 1, "threshold": 0, "n_fun": 3, "payload_bl": 2, "fun_type": 0, "overlap": 25, "nmegabins": 4, "poly_size": 947, "bit_len": 60}, "network": {"type": "WAN", "delay": 28, "loss": 0.1, "rateDown": 230, "rateUp": 230}, "s_output": {"rtt": 38.7241, "throughput": 3.47623, "result": 0, "hashing_t": 4.72078, "oprf_t": 1011.08, "poly_t": 112.432, "poly_trans_t": 0.03876, "aby_online_t": 158.641, "aby_setup_t": 869.298, "aby_total_t": 1027.94, "aby_baseot_t": 37983.4, "total_t": 41153.9, "nobase_t": 2740.56, "poly_d_rs": [0, 30304], "oprf_d_rs": [83297, 16944], "aby_online_d_rs": [28999, 29000], "aby_setup_d_rs": [1228844, 1228843], "aby_total_d_rs": [1257843, 1257843], "aby_baseot_d_rs": [67159124, 67159124], "total_d_rs": [1341140, 1305091], "nobase_d_rs": [18446744073643733559, 18446744073643680683]}, "c_output": {"result": 0, "hashing_t": 2.673, "oprf_t": 927.349, "poly_t": 31.767, "poly_trans_t": 139.58, "aby_online_t": 194.232, "aby_setup_t": 874.772, "aby_total_t": 1069.0, "aby_baseot_t": 37986.9, "total_t": 41184.5, "nobase_t": 2330.91, "poly_d_rs": [30304, 0], "oprf_d_rs": [16944, 83297], "aby_online_d_rs": [29009, 29000], "aby_setup_d_rs": [1228843, 1228843], "aby_total_d_rs": [1257852, 1257843], "aby_baseot_d_rs": [67159124, 67159124], "total_d_rs": [1305100, 1341140], "nobase_d_rs": [18446744073643680692, 18446744073643733559]}, "batch": "NetworkDebugging_NewRTTs_WAN4"}