{"setup": "desktop-app", "repeat": 21, "parameters": {"client_neles": 1024, "server_neles": 1024, "epsilon": 1.27, "server_ip": "192.168.0.2", "port": 7777, "threads": 1, "threshold": 0, "n_fun": 3, "payload_bl": 2, "fun_type": 0, "overlap": 25, "nmegabins": 4, "poly_size": 947, "bit_len": 60}, "network": {"type": "WAN", "delay": 28, "loss": 0.1, "rateDown": 230, "rateUp": 230}, "s_output": {"rtt": 38.7276, "throughput": 8.0045, "result": 0, "hashing_t": 1.11345, "oprf_t": 938.502, "poly_t": 174.281, "poly_trans_t": 0.024617, "aby_online_t": 166.257, "aby_setup_t": 354.338, "aby_total_t": 520.595, "aby_baseot_t": 17168.3, "total_t": 19812.9, "nobase_t": 2247.1, "poly_d_rs": [0, 30304], "oprf_d_rs": [83297, 16944], "aby_online_d_rs": [28991, 29000], "aby_setup_d_rs": [1228852, 1228843], "aby_total_d_rs": [1257843, 1257843], "aby_baseot_d_rs": [67159124, 67159124], "total_d_rs": [1341140, 1305091], "nobase_d_rs": [18446744073643733559, 18446744073643680683]}, "c_output": {"result": 0, "hashing_t": 1.076, "oprf_t": 852.336, "poly_t": 27.264, "poly_trans_t": 158.44, "aby_online_t": 184.308, "aby_setup_t": 357.599, "aby_total_t": 541.907, "aby_baseot_t": 17170.6, "total_t": 19821.4, "nobase_t": 1862.01, "poly_d_rs": [30304, 0], "oprf_d_rs": [16944, 83297], "aby_online_d_rs": [29000, 29000], "aby_setup_d_rs": [1228843, 1228843], "aby_total_d_rs": [1257843, 1257843], "aby_baseot_d_rs": [67159124, 67159124], "total_d_rs": [1305091, 1341140], "nobase_d_rs": [18446744073643680683, 18446744073643733559]}, "batch": "NetworkDebugging_NewRTTs_WAN4"}