{"setup": "desktop-app", "repeat": 16, "parameters": {"client_neles": 1024, "server_neles": 1024, "epsilon": 1.27, "server_ip": "192.168.0.2", "port": 7777, "threads": 1, "threshold": 0, "n_fun": 3, "payload_bl": 2, "fun_type": 0, "overlap": 25, "nmegabins": 4, "poly_size": 947, "bit_len": 60}, "network": {"type": "WAN", "delay": 28, "loss": 0.1, "rateDown": 230, "rateUp": 230}, "s_output": {"rtt": 39.0924, "throughput": 3.92018, "result": 0, "hashing_t": 1.68117, "oprf_t": 890.346, "poly_t": 133.441, "poly_trans_t": 0.04153, "aby_online_t": 157.047, "aby_setup_t": 849.783, "aby_total_t": 1006.83, "aby_baseot_t": 33841.1, "total_t": 36879.4, "nobase_t": 2643.68, "poly_d_rs": [0, 30304], "oprf_d_rs": [83297, 16944], "aby_online_d_rs": [29000, 29000], "aby_setup_d_rs": [1228843, 1228843], "aby_total_d_rs": [1257843, 1257843], "aby_baseot_d_rs": [67159124, 67159124], "total_d_rs": [1341140, 1305091], "nobase_d_rs": [18446744073643733559, 18446744073643680683]}, "c_output": {"result": 0, "hashing_t": 2.568, "oprf_t": 813.592, "poly_t": 34.368, "poly_trans_t": 141.146, "aby_online_t": 190.923, "aby_setup_t": 863.34, "aby_total_t": 1054.26, "aby_baseot_t": 33829.6, "total_t": 36905.9, "nobase_t": 2326.67, "poly_d_rs": [30304, 0], "oprf_d_rs": [16944, 83297], "aby_online_d_rs": [29000, 29000], "aby_setup_d_rs": [1228843, 1228843], "aby_total_d_rs": [1257843, 1257843], "aby_baseot_d_rs": [67159124, 67159124], "total_d_rs": [1305091, 1341140], "nobase_d_rs": [18446744073643680683, 18446744073643733559]}, "batch": "NetworkDebugging_NewRTTs_WAN4"}