{"setup": "desktop-app", "repeat": 19, "parameters": {"client_neles": 1024, "server_neles": 1024, "epsilon": 1.27, "server_ip": "192.168.0.2", "port": 7777, "threads": 1, "threshold": 0, "n_fun": 3, "payload_bl": 2, "fun_type": 0, "overlap": 25, "nmegabins": 4, "poly_size": 947, "bit_len": 60}, "network": {"type": "WAN", "delay": 28, "loss": 0.1, "rateDown": 230, "rateUp": 230}, "s_output": {"rtt": 39.7184, "throughput": 4.29864, "result": 0, "hashing_t": 0.997306, "oprf_t": 921.176, "poly_t": 122.391, "poly_trans_t": 0.02465, "aby_online_t": 166.736, "aby_setup_t": 646.77, "aby_total_t": 813.506, "aby_baseot_t": 30965.3, "total_t": 33811.7, "nobase_t": 2438.4, "poly_d_rs": [0, 30304], "oprf_d_rs": [83297, 16944], "aby_online_d_rs": [28991, 28991], "aby_setup_d_rs": [1228852, 1228843], "aby_total_d_rs": [1257843, 1257834], "aby_baseot_d_rs": [67159124, 67159124], "total_d_rs": [1341140, 1305082], "nobase_d_rs": [18446744073643733559, 18446744073643680674]}, "c_output": {"result": 0, "hashing_t": 2.638, "oprf_t": 836.126, "poly_t": 24.882, "poly_trans_t": 148.416, "aby_online_t": 207.185, "aby_setup_t": 647.236, "aby_total_t": 854.421, "aby_baseot_t": 30967.2, "total_t": 33849.4, "nobase_t": 2111.58, "poly_d_rs": [30304, 0], "oprf_d_rs": [16944, 83297], "aby_online_d_rs": [29009, 29000], "aby_setup_d_rs": [1228843, 1228843], "aby_total_d_rs": [1257852, 1257843], "aby_baseot_d_rs": [67159124, 67159124], "total_d_rs": [1305100, 1341140], "nobase_d_rs": [18446744073643680692, 18446744073643733559]}, "batch": "NetworkDebugging_NewRTTs_WAN4"}