{"setup": "desktop-app", "repeat": 14, "parameters": {"client_neles": 1024, "server_neles": 1024, "epsilon": 1.27, "server_ip": "192.168.0.2", "port": 7777, "threads": 1, "threshold": 0, "n_fun": 3, "payload_bl": 2, "fun_type": 0, "overlap": 25, "nmegabins": 4, "poly_size": 947, "bit_len": 60}, "network": {"type": "WAN", "delay": 28, "loss": 0.1, "rateDown": 230, "rateUp": 230}, "s_output": {"rtt": 38.4567, "throughput": 3.21252, "result": 0, "hashing_t": 1.47325, "oprf_t": 923.393, "poly_t": 110.919, "poly_trans_t": 0.039225, "aby_online_t": 159.022, "aby_setup_t": 855.612, "aby_total_t": 1014.63, "aby_baseot_t": 41003.5, "total_t": 44069.2, "nobase_t": 2615.89, "poly_d_rs": [0, 30304], "oprf_d_rs": [83297, 16944], "aby_online_d_rs": [28999, 28991], "aby_setup_d_rs": [1228844, 1228843], "aby_total_d_rs": [1257843, 1257834], "aby_baseot_d_rs": [67159124, 67159124], "total_d_rs": [1341140, 1305082], "nobase_d_rs": [18446744073643733559, 18446744073643680674]}, "c_output": {"result": 0, "hashing_t": 2.705, "oprf_t": 853.812, "poly_t": 31.667, "poly_trans_t": 126.571, "aby_online_t": 198.251, "aby_setup_t": 856.204, "aby_total_t": 1054.45, "aby_baseot_t": 41008.8, "total_t": 44107.0, "nobase_t": 2302.18, "poly_d_rs": [30304, 0], "oprf_d_rs": [16944, 83297], "aby_online_d_rs": [29009, 29000], "aby_setup_d_rs": [1228843, 1228843], "aby_total_d_rs": [1257852, 1257843], "aby_baseot_d_rs": [67159124, 67159124], "total_d_rs": [1305100, 1341140], "nobase_d_rs": [18446744073643680692, 18446744073643733559]}, "batch": "NetworkDebugging_NewRTTs_WAN4"}