{"setup": "desktop-app", "repeat": 9, "parameters": {"client_neles": 1024, "server_neles": 1024, "epsilon": 1.27, "server_ip": "192.168.0.2", "port": 7777, "threads": 1, "threshold": 0, "n_fun": 3, "payload_bl": 2, "fun_type": 0, "overlap": 25, "nmegabins": 4, "poly_size": 947, "bit_len": 60}, "network": {"type": "WAN", "delay": 28, "loss": 0.1, "rateDown": 230, "rateUp": 230}, "s_output": {"rtt": 38.7942, "throughput": 10.4786, "result": 0, "hashing_t": 4.02961, "oprf_t": 904.188, "poly_t": 113.79, "poly_trans_t": 0.026025, "aby_online_t": 154.523, "aby_setup_t": 902.895, "aby_total_t": 1057.42, "aby_baseot_t": 13441.9, "total_t": 16522.6, "nobase_t": 2679.33, "poly_d_rs": [0, 30304], "oprf_d_rs": [83297, 16944], "aby_online_d_rs": [28991, 29000], "aby_setup_d_rs": [1228852, 1228843], "aby_total_d_rs": [1257843, 1257843], "aby_baseot_d_rs": [67159124, 67159124], "total_d_rs": [1341140, 1305091], "nobase_d_rs": [18446744073643733559, 18446744073643680683]}, "c_output": {"result": 0, "hashing_t": 2.591, "oprf_t": 827.656, "poly_t": 30.747, "poly_trans_t": 130.502, "aby_online_t": 189.936, "aby_setup_t": 930.781, "aby_total_t": 1120.72, "aby_baseot_t": 13418.0, "total_t": 16555.7, "nobase_t": 2376.27, "poly_d_rs": [30304, 0], "oprf_d_rs": [16944, 83297], "aby_online_d_rs": [29009, 29000], "aby_setup_d_rs": [1228843, 1228852], "aby_total_d_rs": [1257852, 1257852], "aby_baseot_d_rs": [67159124, 67159115], "total_d_rs": [1305100, 1341149], "nobase_d_rs": [18446744073643680692, 18446744073643733577]}, "batch": "NetworkDebugging_NewRTTs_WAN4"}