{"setup": "desktop-app", "repeat": 2, "parameters": {"client_neles": 1024, "server_neles": 1024, "epsilon": 1.27, "server_ip": "192.168.0.2", "port": 7777, "threads": 1, "threshold": 0, "n_fun": 3, "payload_bl": 2, "fun_type": 0, "overlap": 25, "nmegabins": 4, "poly_size": 947, "bit_len": 60}, "network": {"type": "WAN", "delay": 28, "loss": 0.1, "rateDown": 230, "rateUp": 230}, "s_output": {"rtt": 39.9894, "throughput": 3.59777, "result": 0, "hashing_t": 2.99466, "oprf_t": 1008.55, "poly_t": 151.89, "poly_trans_t": 0.034015, "aby_online_t": 161.184, "aby_setup_t": 346.963, "aby_total_t": 508.147, "aby_baseot_t": 36751.6, "total_t": 39422.3, "nobase_t": 2250.81, "poly_d_rs": [0, 30304], "oprf_d_rs": [83297, 16944], "aby_online_d_rs": [28999, 28991], "aby_setup_d_rs": [1228844, 1228843], "aby_total_d_rs": [1257843, 1257834], "aby_baseot_d_rs": [67159124, 67159124], "total_d_rs": [1341140, 1305082], "nobase_d_rs": [18446744073643733559, 18446744073643680674]}, "c_output": {"result": 0, "hashing_t": 1.141, "oprf_t": 929.119, "poly_t": 32.372, "poly_trans_t": 125.135, "aby_online_t": 200.896, "aby_setup_t": 346.545, "aby_total_t": 547.441, "aby_baseot_t": 36756.7, "total_t": 39461.0, "nobase_t": 1843.73, "poly_d_rs": [30304, 0], "oprf_d_rs": [16944, 83297], "aby_online_d_rs": [29001, 29000], "aby_setup_d_rs": [1228843, 1228852], "aby_total_d_rs": [1257844, 1257852], "aby_baseot_d_rs": [67159124, 67159115], "total_d_rs": [1305092, 1341149], "nobase_d_rs": [18446744073643680684, 18446744073643733577]}, "batch": "NetworkDebugging_NewRTTs_WAN4"}