{"setup": "desktop-app", "repeat": 13, "parameters": {"client_neles": 1024, "server_neles": 1024, "epsilon": 1.27, "server_ip": "192.168.0.2", "port": 7777, "threads": 1, "threshold": 0, "n_fun": 3, "payload_bl": 2, "fun_type": 0, "overlap": 25, "nmegabins": 4, "poly_size": 947, "bit_len": 60}, "network": {"type": "WAN", "delay": 28, "loss": 0.1, "rateDown": 230, "rateUp": 230}, "s_output": {"rtt": 37.5434, "throughput": 3.35368, "result": 0, "hashing_t": 1.45592, "oprf_t": 896.737, "poly_t": 138.757, "poly_trans_t": 0.03787, "aby_online_t": 167.212, "aby_setup_t": 737.624, "aby_total_t": 904.836, "aby_baseot_t": 39326.5, "total_t": 42280.1, "nobase_t": 2560.82, "poly_d_rs": [0, 30304], "oprf_d_rs": [83297, 16944], "aby_online_d_rs": [29000, 29000], "aby_setup_d_rs": [1228843, 1228843], "aby_total_d_rs": [1257843, 1257843], "aby_baseot_d_rs": [67159124, 67159124], "total_d_rs": [1341140, 1305091], "nobase_d_rs": [18446744073643733559, 18446744073643680683]}, "c_output": {"result": 0, "hashing_t": 1.109, "oprf_t": 817.056, "poly_t": 33.993, "poly_trans_t": 155.582, "aby_online_t": 193.965, "aby_setup_t": 742.199, "aby_total_t": 936.164, "aby_baseot_t": 39331.9, "total_t": 42307.0, "nobase_t": 2223.06, "poly_d_rs": [30304, 0], "oprf_d_rs": [16944, 83297], "aby_online_d_rs": [29000, 29000], "aby_setup_d_rs": [1228843, 1228843], "aby_total_d_rs": [1257843, 1257843], "aby_baseot_d_rs": [67159124, 67159124], "total_d_rs": [1305091, 1341140], "nobase_d_rs": [18446744073643680683, 18446744073643733559]}, "batch": "NetworkDebugging_NewRTTs_WAN4"}