{"setup": "desktop-app", "repeat": 24, "parameters": {"client_neles": 1024, "server_neles": 1024, "epsilon": 1.27, "server_ip": "192.168.0.2", "port": 7777, "threads": 1, "threshold": 0, "n_fun": 3, "payload_bl": 2, "fun_type": 0, "overlap": 25, "nmegabins": 4, "poly_size": 947, "bit_len": 60}, "network": {"type": "WAN", "delay": 28, "loss": 0.1, "rateDown": 230, "rateUp": 230}, "s_output": {"rtt": 39.4545, "throughput": 3.93935, "result": 0, "hashing_t": 1.3377, "oprf_t": 912.226, "poly_t": 145.711, "poly_trans_t": 0.038736, "aby_online_t": 157.399, "aby_setup_t": 853.854, "aby_total_t": 1011.25, "aby_baseot_t": 33635.4, "total_t": 36713.9, "nobase_t": 2671.08, "poly_d_rs": [0, 30304], "oprf_d_rs": [83297, 16944], "aby_online_d_rs": [28999, 28991], "aby_setup_d_rs": [1228844, 1228843], "aby_total_d_rs": [1257843, 1257834], "aby_baseot_d_rs": [67159124, 67159124], "total_d_rs": [1341140, 1305082], "nobase_d_rs": [18446744073643733559, 18446744073643680674]}, "c_output": {"result": 0, "hashing_t": 2.564, "oprf_t": 821.406, "poly_t": 27.224, "poly_trans_t": 132.232, "aby_online_t": 187.057, "aby_setup_t": 853.787, "aby_total_t": 1040.84, "aby_baseot_t": 33648.1, "total_t": 36742.0, "nobase_t": 2342.83, "poly_d_rs": [30304, 0], "oprf_d_rs": [16944, 83297], "aby_online_d_rs": [29000, 29000], "aby_setup_d_rs": [1228843, 1228843], "aby_total_d_rs": [1257843, 1257843], "aby_baseot_d_rs": [67159124, 67159124], "total_d_rs": [1305091, 1341140], "nobase_d_rs": [18446744073643680683, 18446744073643733559]}, "batch": "NetworkDebugging_NewRTTs_WAN4"}