{"setup": "desktop-app", "repeat": 8, "parameters": {"client_neles": 4096, "server_neles": 4096, "bit_len": 53, "epsilon": 1.27, "server_ip": "192.168.0.2", "port": 7777, "threads": 1, "threshold": 0, "nmegabins": 16, "poly_size": 975, "n_fun": 3, "payload_bl": 2, "fun_type": 0, "overlap": 25}, "s_output": {"result": 0, "hashing_t": 7.60472, "oprf_t": 813.472, "poly_t": 272.239, "poly_trans_t": 5.81566, "aby_online_t": 23.691, "aby_setup_t": 296.259, "aby_total_t": 319.95, "total_t": 2025.88, "nobase_t": 1192.41, "poly_d_rs": [0, 124800], "oprf_d_rs": [332961, 16944], "aby_online_d_rs": [78083, 117750], "aby_setup_d_rs": [5034832, 4995165], "aby_total_d_rs": [5112915, 5112915], "total_d_rs": [5445876, 5254659], "nobase_d_rs": [5395847, 5187803]}, "c_output": {"result": 0, "hashing_t": 11.418, "oprf_t": 779.607, "poly_t": 67.979, "poly_trans_t": 253.995, "aby_online_t": 25.495, "aby_setup_t": 293.924, "aby_total_t": 319.419, "total_t": 2024.87, "nobase_t": 787.416, "poly_d_rs": [124800, 0], "oprf_d_rs": [16944, 332961], "aby_online_d_rs": [117750, 117741], "aby_setup_d_rs": [4995165, 4995165], "aby_total_d_rs": [5112915, 5112906], "total_d_rs": [5254659, 5445867], "nobase_d_rs": [5187803, 5395838]}, "batch": "ScalingElementsDA_3"}