{"setup": "desktop-app", "repeat": 7, "parameters": {"client_neles": 4096, "server_neles": 4096, "bit_len": 53, "epsilon": 1.27, "server_ip": "192.168.0.2", "port": 7777, "threads": 1, "threshold": 0, "nmegabins": 16, "poly_size": 975, "n_fun": 3, "payload_bl": 2, "fun_type": 0, "overlap": 25}, "s_output": {"result": 0, "hashing_t": 7.84502, "oprf_t": 839.647, "poly_t": 278.413, "poly_trans_t": 5.54915, "aby_online_t": 29.111, "aby_setup_t": 336.724, "aby_total_t": 365.835, "total_t": 2095.47, "nobase_t": 1300.43, "poly_d_rs": [0, 124800], "oprf_d_rs": [332961, 16944], "aby_online_d_rs": [117750, 117750], "aby_setup_d_rs": [4995165, 4995165], "aby_total_d_rs": [5112915, 5112915], "total_d_rs": [5445876, 5254659], "nobase_d_rs": [5395847, 5187803]}, "c_output": {"result": 0, "hashing_t": 8.606, "oprf_t": 781.093, "poly_t": 62.099, "poly_trans_t": 252.269, "aby_online_t": 29.767, "aby_setup_t": 337.041, "aby_total_t": 366.808, "total_t": 2093.95, "nobase_t": 847.569, "poly_d_rs": [124800, 0], "oprf_d_rs": [16944, 332961], "aby_online_d_rs": [117750, 117750], "aby_setup_d_rs": [4995165, 4995165], "aby_total_d_rs": [5112915, 5112915], "total_d_rs": [5254659, 5445876], "nobase_d_rs": [5187803, 5395847]}, "batch": "ScalingElementsDA_3"}