{"setup": "desktop-app", "repeat": 1, "parameters": {"client_neles": 4096, "server_neles": 4096, "bit_len": 53, "epsilon": 1.27, "server_ip": "192.168.0.2", "port": 7777, "threads": 1, "threshold": 0, "nmegabins": 16, "poly_size": 975, "n_fun": 3, "payload_bl": 2, "fun_type": 0, "overlap": 25}, "s_output": {"result": 0, "hashing_t": 5.25148, "oprf_t": 783.519, "poly_t": 292.939, "poly_trans_t": 6.02836, "aby_online_t": 23.101, "aby_setup_t": 279.861, "aby_total_t": 302.962, "total_t": 2011.63, "nobase_t": 1195.52, "poly_d_rs": [0, 124800], "oprf_d_rs": [332961, 16944], "aby_online_d_rs": [117741, 117750], "aby_setup_d_rs": [4995174, 4995165], "aby_total_d_rs": [5112915, 5112915], "total_d_rs": [5445876, 5254659], "nobase_d_rs": [5395847, 5187803]}, "c_output": {"result": 0, "hashing_t": 4.437, "oprf_t": 748.91, "poly_t": 63.404, "poly_trans_t": 268.898, "aby_online_t": 22.544, "aby_setup_t": 279.379, "aby_total_t": 301.923, "total_t": 2009.0, "nobase_t": 772.622, "poly_d_rs": [124800, 0], "oprf_d_rs": [16944, 332961], "aby_online_d_rs": [117750, 117741], "aby_setup_d_rs": [4995165, 4995165], "aby_total_d_rs": [5112915, 5112906], "total_d_rs": [5254659, 5445867], "nobase_d_rs": [5187803, 5395846]}, "batch": "ScalingElementsDA_3"}