{
	"start":	{
		"connected":	[{
				"socket":	5,
				"local_host":	"192.168.0.2",
				"local_port":	5201,
				"remote_host":	"192.168.0.3",
				"remote_port":	39597
			}],
		"version":	"iperf 3.9",
		"system_info":	"Linux marcelt480s 5.8.14-arch1-1 #1 SMP PREEMPT Wed, 07 Oct 2020 23:59:46 +0000 x86_64",
		"sock_bufsize":	0,
		"sndbuf_actual":	16384,
		"rcvbuf_actual":	131072,
		"timestamp":	{
			"time":	"Sun, 28 Feb 2021 14:25:36 GMT",
			"timesecs":	1614522336
		},
		"accepted_connection":	{
			"host":	"192.168.0.3",
			"port":	39595
		},
		"cookie":	"xx6wzemldg5ee7adedffvmopcpoee6yhvefy",
		"tcp_mss_default":	0,
		"test_start":	{
			"protocol":	"TCP",
			"num_streams":	1,
			"blksize":	131072,
			"omit":	0,
			"duration":	0,
			"bytes":	1468006400,
			"blocks":	0,
			"reverse":	0,
			"tos":	0
		}
	},
	"intervals":	[{
			"streams":	[{
					"socket":	5,
					"start":	0,
					"end":	1.000074,
					"seconds":	1.000074028968811,
					"bytes":	68569048,
					"bits_per_second":	548511778.23867631,
					"omitted":	false,
					"sender":	false
				}],
			"sum":	{
				"start":	0,
				"end":	1.000074,
				"seconds":	1.000074028968811,
				"bytes":	68569048,
				"bits_per_second":	548511778.23867631,
				"omitted":	false,
				"sender":	false
			}
		}, {
			"streams":	[{
					"socket":	5,
					"start":	1.000074,
					"end":	2.000063,
					"seconds":	0.99998897314071655,
					"bytes":	77249480,
					"bits_per_second":	618002654.62830937,
					"omitted":	false,
					"sender":	false
				}],
			"sum":	{
				"start":	1.000074,
				"end":	2.000063,
				"seconds":	0.99998897314071655,
				"bytes":	77249480,
				"bits_per_second":	618002654.62830937,
				"omitted":	false,
				"sender":	false
			}
		}, {
			"streams":	[{
					"socket":	5,
					"start":	2.000063,
					"end":	3.000027,
					"seconds":	0.99996399879455566,
					"bytes":	78962272,
					"bits_per_second":	631720918.714578,
					"omitted":	false,
					"sender":	false
				}],
			"sum":	{
				"start":	2.000063,
				"end":	3.000027,
				"seconds":	0.99996399879455566,
				"bytes":	78962272,
				"bits_per_second":	631720918.714578,
				"omitted":	false,
				"sender":	false
			}
		}, {
			"streams":	[{
					"socket":	5,
					"start":	3.000027,
					"end":	4.000133,
					"seconds":	1.0001059770584106,
					"bytes":	76429864,
					"bits_per_second":	611374120.369135,
					"omitted":	false,
					"sender":	false
				}],
			"sum":	{
				"start":	3.000027,
				"end":	4.000133,
				"seconds":	1.0001059770584106,
				"bytes":	76429864,
				"bits_per_second":	611374120.369135,
				"omitted":	false,
				"sender":	false
			}
		}, {
			"streams":	[{
					"socket":	5,
					"start":	4.000133,
					"end":	5.00005,
					"seconds":	0.999916970729828,
					"bytes":	71531088,
					"bits_per_second":	572296221.33758,
					"omitted":	false,
					"sender":	false
				}],
			"sum":	{
				"start":	4.000133,
				"end":	5.00005,
				"seconds":	0.999916970729828,
				"bytes":	71531088,
				"bits_per_second":	572296221.33758,
				"omitted":	false,
				"sender":	false
			}
		}, {
			"streams":	[{
					"socket":	5,
					"start":	5.00005,
					"end":	6.000073,
					"seconds":	1.0000230073928833,
					"bytes":	52005872,
					"bits_per_second":	416037404.06399053,
					"omitted":	false,
					"sender":	false
				}],
			"sum":	{
				"start":	5.00005,
				"end":	6.000073,
				"seconds":	1.0000230073928833,
				"bytes":	52005872,
				"bits_per_second":	416037404.06399053,
				"omitted":	false,
				"sender":	false
			}
		}, {
			"streams":	[{
					"socket":	5,
					"start":	6.000073,
					"end":	7.000052,
					"seconds":	0.999979019165039,
					"bytes":	70224736,
					"bits_per_second":	561809675.23607564,
					"omitted":	false,
					"sender":	false
				}],
			"sum":	{
				"start":	6.000073,
				"end":	7.000052,
				"seconds":	0.999979019165039,
				"bytes":	70224736,
				"bits_per_second":	561809675.23607564,
				"omitted":	false,
				"sender":	false
			}
		}, {
			"streams":	[{
					"socket":	5,
					"start":	7.000052,
					"end":	8.000107,
					"seconds":	1.0000549554824829,
					"bytes":	71618680,
					"bits_per_second":	572917955.017359,
					"omitted":	false,
					"sender":	false
				}],
			"sum":	{
				"start":	7.000052,
				"end":	8.000107,
				"seconds":	1.0000549554824829,
				"bytes":	71618680,
				"bits_per_second":	572917955.017359,
				"omitted":	false,
				"sender":	false
			}
		}, {
			"streams":	[{
					"socket":	5,
					"start":	8.000107,
					"end":	9.00006,
					"seconds":	0.99995297193527222,
					"bytes":	66854192,
					"bits_per_second":	534858689.36906385,
					"omitted":	false,
					"sender":	false
				}],
			"sum":	{
				"start":	8.000107,
				"end":	9.00006,
				"seconds":	0.99995297193527222,
				"bytes":	66854192,
				"bits_per_second":	534858689.36906385,
				"omitted":	false,
				"sender":	false
			}
		}, {
			"streams":	[{
					"socket":	5,
					"start":	9.00006,
					"end":	10.000063,
					"seconds":	1.0000029802322388,
					"bytes":	70679664,
					"bits_per_second":	565435626.870516,
					"omitted":	false,
					"sender":	false
				}],
			"sum":	{
				"start":	9.00006,
				"end":	10.000063,
				"seconds":	1.0000029802322388,
				"bytes":	70679664,
				"bits_per_second":	565435626.870516,
				"omitted":	false,
				"sender":	false
			}
		}, {
			"streams":	[{
					"socket":	5,
					"start":	10.000063,
					"end":	11.000056,
					"seconds":	0.99999302625656128,
					"bytes":	74206944,
					"bits_per_second":	593659692.030382,
					"omitted":	false,
					"sender":	false
				}],
			"sum":	{
				"start":	10.000063,
				"end":	11.000056,
				"seconds":	0.99999302625656128,
				"bytes":	74206944,
				"bits_per_second":	593659692.030382,
				"omitted":	false,
				"sender":	false
			}
		}, {
			"streams":	[{
					"socket":	5,
					"start":	11.000056,
					"end":	12.000089,
					"seconds":	1.0000330209732056,
					"bytes":	71773048,
					"bits_per_second":	574165424.498902,
					"omitted":	false,
					"sender":	false
				}],
			"sum":	{
				"start":	11.000056,
				"end":	12.000089,
				"seconds":	1.0000330209732056,
				"bytes":	71773048,
				"bits_per_second":	574165424.498902,
				"omitted":	false,
				"sender":	false
			}
		}, {
			"streams":	[{
					"socket":	5,
					"start":	12.000089,
					"end":	13.000049,
					"seconds":	0.99996000528335571,
					"bytes":	62838384,
					"bits_per_second":	502727178.43105072,
					"omitted":	false,
					"sender":	false
				}],
			"sum":	{
				"start":	12.000089,
				"end":	13.000049,
				"seconds":	0.99996000528335571,
				"bytes":	62838384,
				"bits_per_second":	502727178.43105072,
				"omitted":	false,
				"sender":	false
			}
		}, {
			"streams":	[{
					"socket":	5,
					"start":	13.000049,
					"end":	14.00005,
					"seconds":	1.0000009536743164,
					"bytes":	35999760,
					"bits_per_second":	287997805.34388983,
					"omitted":	false,
					"sender":	false
				}],
			"sum":	{
				"start":	13.000049,
				"end":	14.00005,
				"seconds":	1.0000009536743164,
				"bytes":	35999760,
				"bits_per_second":	287997805.34388983,
				"omitted":	false,
				"sender":	false
			}
		}, {
			"streams":	[{
					"socket":	5,
					"start":	14.00005,
					"end":	15.000109,
					"seconds":	1.0000590085983276,
					"bytes":	59898264,
					"bits_per_second":	479157837.56762743,
					"omitted":	false,
					"sender":	false
				}],
			"sum":	{
				"start":	14.00005,
				"end":	15.000109,
				"seconds":	1.0000590085983276,
				"bytes":	59898264,
				"bits_per_second":	479157837.56762743,
				"omitted":	false,
				"sender":	false
			}
		}, {
			"streams":	[{
					"socket":	5,
					"start":	15.000109,
					"end":	16.000036,
					"seconds":	0.99992698431015,
					"bytes":	72490416,
					"bits_per_second":	579965674.59381974,
					"omitted":	false,
					"sender":	false
				}],
			"sum":	{
				"start":	15.000109,
				"end":	16.000036,
				"seconds":	0.99992698431015,
				"bytes":	72490416,
				"bits_per_second":	579965674.59381974,
				"omitted":	false,