{
	"start":	{
		"connected":	[{
				"socket":	5,
				"local_host":	"192.168.0.2",
				"local_port":	51754,
				"remote_host":	"192.168.0.3",
				"remote_port":	5201
			}],
		"version":	"iperf 3.9",
		"system_info":	"Linux marcelt480s 5.8.14-arch1-1 #1 SMP PREEMPT Wed, 07 Oct 2020 23:59:46 +0000 x86_64",
		"timestamp":	{
			"time":	"Sun, 28 Feb 2021 14:28:56 GMT",
			"timesecs":	1614522536
		},
		"connecting_to":	{
			"host":	"192.168.0.3",
			"port":	5201
		},
		"cookie":	"aespwzmmlftpwandeswzuhxlkqqa2zmz4265",
		"tcp_mss_default":	1448,
		"sock_bufsize":	0,
		"sndbuf_actual":	16384,
		"rcvbuf_actual":	131072,
		"test_start":	{
			"protocol":	"TCP",
			"num_streams":	1,
			"blksize":	131072,
			"omit":	0,
			"duration":	0,
			"bytes":	1468006400,
			"blocks":	0,
			"reverse":	0,
			"tos":	0
		}
	},
	"intervals":	[{
			"streams":	[{
					"socket":	5,
					"start":	0,
					"end":	1.000117,
					"seconds":	1.0001169443130493,
					"bytes":	59429040,
					"bits_per_second":	475376727.39517516,
					"retransmits":	0,
					"snd_cwnd":	1604384,
					"rtt":	21256,
					"rttvar":	3659,
					"pmtu":	1500,
					"omitted":	false,
					"sender":	true
				}],
			"sum":	{
				"start":	0,
				"end":	1.000117,
				"seconds":	1.0001169443130493,
				"bytes":	59429040,
				"bits_per_second":	475376727.39517516,
				"retransmits":	0,
				"omitted":	false,
				"sender":	true
			}
		}, {
			"streams":	[{
					"socket":	5,
					"start":	1.000117,
					"end":	2.000153,
					"seconds":	1.0000360012054443,
					"bytes":	65536000,
					"bits_per_second":	524269125.67949831,
					"retransmits":	0,
					"snd_cwnd":	1604384,
					"rtt":	6754,
					"rttvar":	119,
					"pmtu":	1500,
					"omitted":	false,
					"sender":	true
				}],
			"sum":	{
				"start":	1.000117,
				"end":	2.000153,
				"seconds":	1.0000360012054443,
				"bytes":	65536000,
				"bits_per_second":	524269125.67949831,
				"retransmits":	0,
				"omitted":	false,
				"sender":	true
			}
		}, {
			"streams":	[{
					"socket":	5,
					"start":	2.000153,
					"end":	3.000183,
					"seconds":	1.0000300407409668,
					"bytes":	64225280,
					"bits_per_second":	513786805.46366489,
					"retransmits":	0,
					"snd_cwnd":	1631896,
					"rtt":	22060,
					"rttvar":	689,
					"pmtu":	1500,
					"omitted":	false,
					"sender":	true
				}],
			"sum":	{
				"start":	2.000153,
				"end":	3.000183,
				"seconds":	1.0000300407409668,
				"bytes":	64225280,
				"bits_per_second":	513786805.46366489,
				"retransmits":	0,
				"omitted":	false,
				"sender":	true
			}
		}, {
			"streams":	[{
					"socket":	5,
					"start":	3.000183,
					"end":	4.000372,
					"seconds":	1.000188946723938,
					"bytes":	73400320,
					"bits_per_second":	587091630.95967877,
					"retransmits":	0,
					"snd_cwnd":	2112632,
					"rtt":	15815,
					"rttvar":	2038,
					"pmtu":	1500,
					"omitted":	false,
					"sender":	true
				}],
			"sum":	{
				"start":	3.000183,
				"end":	4.000372,
				"seconds":	1.000188946723938,
				"bytes":	73400320,
				"bits_per_second":	587091630.95967877,
				"retransmits":	0,
				"omitted":	false,
				"sender":	true
			}
		}, {
			"streams":	[{
					"socket":	5,
					"start":	4.000372,
					"end":	5.000176,
					"seconds":	0.99980401992797852,
					"bytes":	74711040,
					"bits_per_second":	597805477.96062553,
					"retransmits":	0,
					"snd_cwnd":	2112632,
					"rtt":	16259,
					"rttvar":	2117,
					"pmtu":	1500,
					"omitted":	false,
					"sender":	true
				}],
			"sum":	{
				"start":	4.000372,
				"end":	5.000176,
				"seconds":	0.99980401992797852,
				"bytes":	74711040,
				"bits_per_second":	597805477.96062553,
				"retransmits":	0,
				"omitted":	false,
				"sender":	true
			}
		}, {
			"streams":	[{
					"socket":	5,
					"start":	5.000176,
					"end":	6.000297,
					"seconds":	1.000120997428894,
					"bytes":	74711040,
					"bits_per_second":	597616009.9993242,
					"retransmits":	0,
					"snd_cwnd":	2112632,
					"rtt":	18382,
					"rttvar":	2198,
					"pmtu":	1500,
					"omitted":	false,
					"sender":	true
				}],
			"sum":	{
				"start":	5.000176,
				"end":	6.000297,
				"seconds":	1.000120997428894,
				"bytes":	74711040,
				"bits_per_second":	597616009.9993242,
				"retransmits":	0,
				"omitted":	false,
				"sender":	true
			}
		}, {
			"streams":	[{
					"socket":	5,
					"start":	6.000297,
					"end":	7.000392,
					"seconds":	1.000095009803772,
					"bytes":	74711040,
					"bits_per_second":	597631539.144738,
					"retransmits":	0,
					"snd_cwnd":	2112632,
					"rtt":	16328,
					"rttvar":	5002,
					"pmtu":	1500,
					"omitted":	false,
					"sender":	true
				}],
			"sum":	{
				"start":	6.000297,
				"end":	7.000392,
				"seconds":	1.000095009803772,
				"bytes":	74711040,
				"bits_per_second":	597631539.144738,
				"retransmits":	0,
				"omitted":	false,
				"sender":	true
			}
		}, {
			"streams":	[{
					"socket":	5,
					"start":	7.000392,
					"end":	8.000264,
					"seconds":	0.99987202882766724,
					"bytes":	74711040,
					"bits_per_second":	597764816.66436779,
					"retransmits":	0,
					"snd_cwnd":	2112632,
					"rtt":	15633,
					"rttvar":	2382,
					"pmtu":	1500,
					"omitted":	false,
					"sender":	true
				}],
			"sum":	{
				"start":	7.000392,
				"end":	8.000264,
				"seconds":	0.99987202882766724,
				"bytes":	74711040,
				"bits_per_second":	597764816.66436779,
				"retransmits":	0,
				"omitted":	false,
				"sender":	true
			}
		}, {
			"streams":	[{
					"socket":	5,
					"start":	8.000264,
					"end":	9.000405,
					"seconds":	1.0001410245895386,
					"bytes":	73400320,
					"bits_per_second":	587119761.67659962,
					"retransmits":	0,
					"snd_cwnd":	2112632,
					"rtt":	16460,
					"rttvar":	5315,
					"pmtu":	1500,
					"omitted":	false,
					"sender":	true
				}],
			"sum":	{
				"start":	8.000264,
				"end":	9.000405,
				"seconds":	1.0001410245895386,
				"bytes":	73400320,
				"bits_per_second":	587119761.67659962,
				"retransmits":	0,
				"omitted":	false,
				"sender":	true
			}
		}, {
			"streams":	[{
					"socket":	5,
					"start":	9.000405,
					"end":	10.000415,
					"seconds":	1.0000100135803223,
					"bytes":	74711040,
					"bits_per_second":	597682335.05993068,
					"retransmits":	0,
					"snd_cwnd":	2112632,
					"rtt":	14342,
					"rttvar":	2525,
					"pmtu":	1500,
					"omitted":	false,
					"sender":	true
				}],
			"sum":	{
				"start":	9.000405,
				"end":	10.000415,
				"seconds":	1.0000100135803223,
				"bytes":	74711040,
				"bits_per_second":	597682335.05993068,
				"retransmits":	0,
				"omitted":	false,
				"sender":	true
			}
		}, {
			"streams":	[{
					"socket":	5,
					"start":	10.000415,
					"end":	11.000171,
					"seconds":	0.99975597858428955,
					"bytes":	74711040,
					"bits_per_second":	597834204.34890532,
					"retransmits":	0,
					"snd_cwnd":	2112632,
					"rtt":	15568,
					"rttvar":	1837,
					"pmtu":	1500,
					"omitted":	false,
					"sender":	true
				}],
			"sum":	{
				"start":	10.000415,
				"end":	11.000171,
				"seconds":	0.99975597858428955,
				"bytes":	74711040,
				"bits_per_second":	597834204.34890532,
				"retransmits":	0,
				"omitted":	false,
				"sender":	true
			}
		}, {
			"streams":	[{
					"socket":	5,
					"start":	11.000171,
					"end":	12.000193,
					"seconds":	1.0000220537185669,
					"bytes":	73400320,
					"bits_per_second":	587189610.28558934,
					"retransmits":	0,
					"snd_cwnd":	2112632,
					"rtt":	19454,
					"rttvar":	2413,
					"pmtu":	1500,
					"omitted":	false,
					"sender":	true
				}],
			"sum":	{
				"start":	11.000171,
				"end":	12.000193,
				"seconds":	1.0000220537185669,
				"bytes":	73400320,
				"bits_per_second":	587189610.28558934,
				"retransmits":	0,
				"omitted":	false,
				"sender":	true
			}
		}, {
			"streams":	[{
					"socket":	5,
					"start":	12.000193,
					"end":	13.000341,
					"seconds":	1.0001480579376221,
					"bytes":	72089600,
					"bits_per_second":	576631425.14042568,
					"retransmits":	0,
					"snd_cwnd":	2112632,
					"rtt":	19553,