{"setup": "desktop-app", "repeat": 4, "parameters": {"client_neles": 1024, "server_neles": 1024, "epsilon": 1.27, "server_ip": "192.168.0.2", "port": 7777, "threads": 1, "threshold": 0, "n_fun": 3, "payload_bl": 2, "fun_type": 0, "overlap": 25, "nmegabins": 4, "poly_size": 947, "bit_len": 60}, "network": {"type": "WAN", "delay": 29, "loss": 0.1, "rateDown": 50, "rateUp": 50}, "s_output": {"rtt": 41.4334, "throughput": 4.51655, "result": 0, "hashing_t": 1.38593, "oprf_t": 938.882, "poly_t": 133.613, "poly_trans_t": 0.038625, "aby_online_t": 166.888, "aby_setup_t": 1005.01, "aby_total_t": 1171.89, "aby_baseot_t": 29593.9, "total_t": 32854.0, "nobase_t": 2842.51, "poly_d_rs": [0, 30304], "oprf_d_rs": [83297, 16944], "aby_online_d_rs": [28999, 28991], "aby_setup_d_rs": [1228844, 1228843], "aby_total_d_rs": [1257843, 1257834], "aby_baseot_d_rs": [67159124, 67159124], "total_d_rs": [1341140, 1305082], "nobase_d_rs": [18446744073643733559, 18446744073643680674]}, "c_output": {"result": 0, "hashing_t": 2.583, "oprf_t": 857.748, "poly_t": 28.135, "poly_trans_t": 165.348, "aby_online_t": 200.428, "aby_setup_t": 1015.91, "aby_total_t": 1216.34, "aby_baseot_t": 29594.2, "total_t": 32888.4, "nobase_t": 2505.77, "poly_d_rs": [30304, 0], "oprf_d_rs": [16944, 83297], "aby_online_d_rs": [29000, 29000], "aby_setup_d_rs": [1228843, 1228843], "aby_total_d_rs": [1257843, 1257843], "aby_baseot_d_rs": [67159124, 67159124], "total_d_rs": [1305091, 1341140], "nobase_d_rs": [18446744073643680683, 18446744073643733559]}, "batch": "NetworkDebugging_NewRTTs_WAN6"}