{"setup": "desktop-app", "repeat": 1, "parameters": {"client_neles": 1024, "server_neles": 1024, "epsilon": 1.27, "server_ip": "192.168.0.2", "port": 7777, "threads": 1, "threshold": 0, "n_fun": 3, "payload_bl": 2, "fun_type": 0, "overlap": 25, "nmegabins": 4, "poly_size": 947, "bit_len": 60}, "network": {"type": "WAN", "delay": 29, "loss": 0.1, "rateDown": 50, "rateUp": 50}, "s_output": {"rtt": 70.23, "throughput": 2.90798, "result": 0, "hashing_t": 3.85639, "oprf_t": 999.474, "poly_t": 123.197, "poly_trans_t": 0.038399, "aby_online_t": 163.709, "aby_setup_t": 1013.52, "aby_total_t": 1177.23, "aby_baseot_t": 45749.2, "total_t": 49041.1, "nobase_t": 2839.64, "poly_d_rs": [0, 30304], "oprf_d_rs": [83297, 16944], "aby_online_d_rs": [29000, 28991], "aby_setup_d_rs": [1228834, 1228843], "aby_total_d_rs": [1257834, 1257834], "aby_baseot_d_rs": [67159133, 67159124], "total_d_rs": [1341131, 1305082], "nobase_d_rs": [18446744073643733541, 18446744073643680674]}, "c_output": {"result": 0, "hashing_t": 2.588, "oprf_t": 917.776, "poly_t": 24.031, "poly_trans_t": 146.824, "aby_online_t": 205.419, "aby_setup_t": 1034.94, "aby_total_t": 1240.36, "aby_baseot_t": 45730.8, "total_t": 49082.2, "nobase_t": 2502.58, "poly_d_rs": [30304, 0], "oprf_d_rs": [16944, 83297], "aby_online_d_rs": [29009, 29000], "aby_setup_d_rs": [1228843, 1228843], "aby_total_d_rs": [1257852, 1257843], "aby_baseot_d_rs": [67159124, 67159124], "total_d_rs": [1305100, 1341140], "nobase_d_rs": [18446744073643680692, 18446744073643733559]}, "batch": "NetworkDebugging_NewRTTs_WAN6"}