{"setup": "desktop-app", "repeat": 2, "parameters": {"client_neles": 1024, "server_neles": 1024, "epsilon": 1.27, "server_ip": "192.168.0.2", "port": 7777, "threads": 1, "threshold": 0, "n_fun": 3, "payload_bl": 2, "fun_type": 0, "overlap": 25, "nmegabins": 4, "poly_size": 947, "bit_len": 60}, "network": {"type": "WAN", "delay": 29, "loss": 0.1, "rateDown": 50, "rateUp": 50}, "s_output": {"rtt": 39.4969, "throughput": 3.36574, "result": 0, "hashing_t": 1.48754, "oprf_t": 1054.47, "poly_t": 156.477, "poly_trans_t": 0.037856, "aby_online_t": 168.266, "aby_setup_t": 1433.57, "aby_total_t": 1601.84, "aby_baseot_t": 39263.2, "total_t": 43092.8, "nobase_t": 3359.47, "poly_d_rs": [0, 30304], "oprf_d_rs": [83297, 16944], "aby_online_d_rs": [28999, 29000], "aby_setup_d_rs": [1228844, 1228843], "aby_total_d_rs": [1257843, 1257843], "aby_baseot_d_rs": [67159124, 67159124], "total_d_rs": [1341140, 1305091], "nobase_d_rs": [18446744073643733559, 18446744073643680683]}, "c_output": {"result": 0, "hashing_t": 2.602, "oprf_t": 969.636, "poly_t": 24.075, "poly_trans_t": 160.171, "aby_online_t": 201.524, "aby_setup_t": 1445.53, "aby_total_t": 1647.05, "aby_baseot_t": 39253.4, "total_t": 43124.4, "nobase_t": 2970.22, "poly_d_rs": [30304, 0], "oprf_d_rs": [16944, 83297], "aby_online_d_rs": [29000, 29000], "aby_setup_d_rs": [1228843, 1228843], "aby_total_d_rs": [1257843, 1257843], "aby_baseot_d_rs": [67159124, 67159124], "total_d_rs": [1305091, 1341140], "nobase_d_rs": [18446744073643680683, 18446744073643733559]}, "batch": "NetworkDebugging_NewRTTs_WAN6"}