{"setup": "desktop-app", "repeat": 0, "parameters": {"client_neles": 1024, "server_neles": 1024, "epsilon": 1.27, "server_ip": "192.168.0.2", "port": 7777, "threads": 1, "threshold": 0, "n_fun": 3, "payload_bl": 2, "fun_type": 0, "overlap": 25, "nmegabins": 4, "poly_size": 947, "bit_len": 60}, "network": {"type": "WAN", "delay": 29, "loss": 0.1, "rateDown": 50, "rateUp": 50}, "s_output": {"rtt": 39.4522, "throughput": 3.06878, "result": 0, "hashing_t": 0.989791, "oprf_t": 924.027, "poly_t": 156.712, "poly_trans_t": 0.02332, "aby_online_t": 164.328, "aby_setup_t": 1012.54, "aby_total_t": 1176.87, "aby_baseot_t": 42934.0, "total_t": 46195.4, "nobase_t": 2846.71, "poly_d_rs": [0, 30304], "oprf_d_rs": [83297, 16944], "aby_online_d_rs": [29000, 28991], "aby_setup_d_rs": [1228843, 1228843], "aby_total_d_rs": [1257843, 1257834], "aby_baseot_d_rs": [67159124, 67159124], "total_d_rs": [1341140, 1305082], "nobase_d_rs": [18446744073643733559, 18446744073643680674]}, "c_output": {"result": 0, "hashing_t": 1.591, "oprf_t": 846.933, "poly_t": 24.171, "poly_trans_t": 169.965, "aby_online_t": 201.612, "aby_setup_t": 1018.63, "aby_total_t": 1220.24, "aby_baseot_t": 42929.1, "total_t": 46227.0, "nobase_t": 2517.95, "poly_d_rs": [30304, 0], "oprf_d_rs": [16944, 83297], "aby_online_d_rs": [29000, 29000], "aby_setup_d_rs": [1228843, 1228843], "aby_total_d_rs": [1257843, 1257843], "aby_baseot_d_rs": [67159124, 67159124], "total_d_rs": [1305091, 1341140], "nobase_d_rs": [18446744073643680683, 18446744073643733559]}, "batch": "NetworkDebugging_NewRTTs_WAN6"}