{"setup": "desktop-app", "repeat": 3, "parameters": {"client_neles": 1024, "server_neles": 1024, "epsilon": 1.27, "server_ip": "192.168.0.2", "port": 7777, "threads": 1, "threshold": 0, "n_fun": 3, "payload_bl": 2, "fun_type": 0, "overlap": 25, "nmegabins": 4, "poly_size": 947, "bit_len": 60}, "network": {"type": "WAN", "delay": 29, "loss": 0.1, "rateDown": 50, "rateUp": 50}, "s_output": {"rtt": 41.0017, "throughput": 2.88095, "result": 0, "hashing_t": 1.06715, "oprf_t": 926.017, "poly_t": 169.906, "poly_trans_t": 0.038408, "aby_online_t": 165.77, "aby_setup_t": 1008.13, "aby_total_t": 1173.9, "aby_baseot_t": 45683.6, "total_t": 48981.4, "nobase_t": 2881.7, "poly_d_rs": [0, 30304], "oprf_d_rs": [83297, 16944], "aby_online_d_rs": [29000, 29000], "aby_setup_d_rs": [1228843, 1228843], "aby_total_d_rs": [1257843, 1257843], "aby_baseot_d_rs": [67159124, 67159124], "total_d_rs": [1341140, 1305091], "nobase_d_rs": [18446744073643733559, 18446744073643680683]}, "c_output": {"result": 0, "hashing_t": 2.708, "oprf_t": 829.586, "poly_t": 31.519, "poly_trans_t": 164.295, "aby_online_t": 196.591, "aby_setup_t": 1031.17, "aby_total_t": 1227.76, "aby_baseot_t": 45668.6, "total_t": 49004.7, "nobase_t": 2574.44, "poly_d_rs": [30304, 0], "oprf_d_rs": [16944, 83297], "aby_online_d_rs": [29000, 29000], "aby_setup_d_rs": [1228843, 1228843], "aby_total_d_rs": [1257843, 1257843], "aby_baseot_d_rs": [67159124, 67159124], "total_d_rs": [1305091, 1341140], "nobase_d_rs": [18446744073643680683, 18446744073643733559]}, "batch": "NetworkDebugging_NewRTTs_WAN6"}