{"setup": "desktop-app", "repeat": 1, "parameters": {"client_neles": 4096, "server_neles": 4096, "bit_len": 53, "epsilon": 1.27, "server_ip": "192.168.0.2", "port": 7777, "threads": 1, "threshold": 0, "nmegabins": 16, "poly_size": 975, "n_fun": 3, "payload_bl": 2, "fun_type": 8, "overlap": 25}, "s_output": {"result": 2369, "hashing_t": 4.82093, "oprf_t": 885.038, "poly_t": 529.234, "poly_trans_t": 3.48501, "aby_online_t": 639.024, "aby_setup_t": 6111.51, "aby_total_t": 6750.54, "total_t": 9508.69, "nobase_t": 8603.89, "poly_d_rs": [0, 249600], "oprf_d_rs": [332961, 16944], "aby_online_d_rs": [3366781, 6007580], "aby_setup_d_rs": [211628561, 208964063], "aby_total_d_rs": [214995342, 214971643], "total_d_rs": [215328303, 215238187], "nobase_d_rs": [215278274, 215171331]}, "c_output": {"result": 2369, "hashing_t": 5.086, "oprf_t": 1455.73, "poly_t": 137.764, "poly_trans_t": 558.766, "aby_online_t": 638.018, "aby_setup_t": 6115.09, "aby_total_t": 6753.11, "total_t": 9510.58, "nobase_t": 8279.56, "poly_d_rs": [249600, 0], "oprf_d_rs": [16944, 332961], "aby_online_d_rs": [6007589, 3366781], "aby_setup_d_rs": [208964063, 211628561], "aby_total_d_rs": [214971652, 214995342], "total_d_rs": [215238196, 215328303], "nobase_d_rs": [215171340, 215278274]}, "batch": "PsiTypesDA_3"}