{"setup": "desktop-app", "repeat": 2, "parameters": {"client_neles": 4096, "server_neles": 4096, "bit_len": 53, "epsilon": 1.27, "server_ip": "192.168.0.2", "port": 7777, "threads": 1, "threshold": 0, "nmegabins": 16, "poly_size": 975, "n_fun": 3, "payload_bl": 2, "fun_type": 0, "overlap": 25}, "s_output": {"result": 0, "hashing_t": 4.42319, "oprf_t": 776.451, "poly_t": 281.516, "poly_trans_t": 5.68382, "aby_online_t": 21.765, "aby_setup_t": 345.184, "aby_total_t": 366.949, "total_t": 2056.5, "nobase_t": 1252.68, "poly_d_rs": [0, 124800], "oprf_d_rs": [332961, 16944], "aby_online_d_rs": [78083, 117741], "aby_setup_d_rs": [5034832, 4995165], "aby_total_d_rs": [5112915, 5112906], "total_d_rs": [5445876, 5254650], "nobase_d_rs": [5395847, 5187794]}, "c_output": {"result": 0, "hashing_t": 7.624, "oprf_t": 715.031, "poly_t": 66.094, "poly_trans_t": 260.37, "aby_online_t": 26.345, "aby_setup_t": 343.587, "aby_total_t": 369.932, "total_t": 2058.36, "nobase_t": 857.453, "poly_d_rs": [124800, 0], "oprf_d_rs": [16944, 332961], "aby_online_d_rs": [117750, 117758], "aby_setup_d_rs": [4995165, 4995157], "aby_total_d_rs": [5112915, 5112915], "total_d_rs": [5254659, 5445876], "nobase_d_rs": [5187803, 5395847]}, "batch": "PsiTypesDA_3"}