{"setup": "desktop-app", "repeat": 0, "parameters": {"client_neles": 4096, "server_neles": 4096, "bit_len": 53, "epsilon": 1.27, "server_ip": "192.168.0.2", "port": 7777, "threads": 1, "threshold": 0, "nmegabins": 16, "poly_size": 975, "n_fun": 3, "payload_bl": 2, "fun_type": 0, "overlap": 25}, "s_output": {"result": 0, "hashing_t": 4.39743, "oprf_t": 737.152, "poly_t": 286.237, "poly_trans_t": 3.50912, "aby_online_t": 26.618, "aby_setup_t": 324.178, "aby_total_t": 350.796, "total_t": 1981.6, "nobase_t": 1199.72, "poly_d_rs": [0, 124800], "oprf_d_rs": [332961, 16944], "aby_online_d_rs": [117750, 117750], "aby_setup_d_rs": [4995165, 4995165], "aby_total_d_rs": [5112915, 5112915], "total_d_rs": [5445876, 5254659], "nobase_d_rs": [5395847, 5187803]}, "c_output": {"result": 0, "hashing_t": 3.955, "oprf_t": 692.204, "poly_t": 73.367, "poly_trans_t": 254.585, "aby_online_t": 27.573, "aby_setup_t": 323.048, "aby_total_t": 350.621, "total_t": 1980.51, "nobase_t": 832.153, "poly_d_rs": [124800, 0], "oprf_d_rs": [16944, 332961], "aby_online_d_rs": [117750, 117750], "aby_setup_d_rs": [4995165, 4995165], "aby_total_d_rs": [5112915, 5112915], "total_d_rs": [5254659, 5445876], "nobase_d_rs": [5187803, 5395847]}, "batch": "PsiTypesDA_3"}