{"setup": "desktop-app", "repeat": 1, "parameters": {"client_neles": 4096, "server_neles": 4096, "bit_len": 53, "epsilon": 1.27, "server_ip": "192.168.0.2", "port": 7777, "threads": 1, "threshold": 0, "nmegabins": 16, "poly_size": 975, "n_fun": 3, "payload_bl": 2, "fun_type": 7, "overlap": 25}, "s_output": {"result": 3094, "hashing_t": 4.67556, "oprf_t": 877.758, "poly_t": 528.596, "poly_trans_t": 3.77706, "aby_online_t": 462.062, "aby_setup_t": 741.04, "aby_total_t": 1203.1, "total_t": 3982.85, "nobase_t": 3094.16, "poly_d_rs": [0, 249600], "oprf_d_rs": [332961, 16944], "aby_online_d_rs": [363562, 5566967], "aby_setup_d_rs": [20726096, 15487206], "aby_total_d_rs": [21089658, 21054173], "total_d_rs": [21422619, 21320717], "nobase_d_rs": [21372590, 21253861]}, "c_output": {"result": 3094, "hashing_t": 10.038, "oprf_t": 1457.11, "poly_t": 135.641, "poly_trans_t": 559.508, "aby_online_t": 461.282, "aby_setup_t": 743.265, "aby_total_t": 1204.55, "total_t": 3984.58, "nobase_t": 2760.46, "poly_d_rs": [249600, 0], "oprf_d_rs": [16944, 332961], "aby_online_d_rs": [5566976, 363562], "aby_setup_d_rs": [15487206, 20726096], "aby_total_d_rs": [21054182, 21089658], "total_d_rs": [21320726, 21422619], "nobase_d_rs": [21253870, 21372598]}, "batch": "PsiTypesDA_3"}