{"setup": "desktop-app", "repeat": 3, "parameters": {"client_neles": 4096, "server_neles": 4096, "bit_len": 53, "epsilon": 1.27, "server_ip": "192.168.0.2", "port": 7777, "threads": 1, "threshold": 0, "nmegabins": 16, "poly_size": 975, "n_fun": 3, "payload_bl": 2, "fun_type": 2, "overlap": 25}, "s_output": {"result": 1024, "hashing_t": 3.94955, "oprf_t": 764.583, "poly_t": 268.781, "poly_trans_t": 3.86501, "aby_online_t": 53.471, "aby_setup_t": 289.945, "aby_total_t": 343.416, "total_t": 1992.43, "nobase_t": 1184.08, "poly_d_rs": [0, 124800], "oprf_d_rs": [332961, 16944], "aby_online_d_rs": [79525, 119192], "aby_setup_d_rs": [5118800, 5079133], "aby_total_d_rs": [5198325, 5198325], "total_d_rs": [5531286, 5340069], "nobase_d_rs": [5481257, 5273213]}, "c_output": {"result": 1024, "hashing_t": 13.552, "oprf_t": 698.025, "poly_t": 62.878, "poly_trans_t": 247.452, "aby_online_t": 55.059, "aby_setup_t": 285.796, "aby_total_t": 340.855, "total_t": 1991.03, "nobase_t": 821.77, "poly_d_rs": [124800, 0], "oprf_d_rs": [16944, 332961], "aby_online_d_rs": [119192, 119183], "aby_setup_d_rs": [5079133, 5079133], "aby_total_d_rs": [5198325, 5198316], "total_d_rs": [5340069, 5531277], "nobase_d_rs": [5273213, 5481256]}, "batch": "PsiTypesDA_3"}