{"setup": "desktop-app", "repeat": 2, "parameters": {"client_neles": 4096, "server_neles": 4096, "bit_len": 53, "epsilon": 1.27, "server_ip": "192.168.0.2", "port": 7777, "threads": 1, "threshold": 0, "nmegabins": 16, "poly_size": 975, "n_fun": 3, "payload_bl": 2, "fun_type": 6, "overlap": 25}, "s_output": {"result": 3094, "hashing_t": 5.13277, "oprf_t": 890.07, "poly_t": 537.33, "poly_trans_t": 4.85671, "aby_online_t": 351.16, "aby_setup_t": 805.681, "aby_total_t": 1156.84, "total_t": 4048.61, "nobase_t": 3154.07, "poly_d_rs": [0, 249600], "oprf_d_rs": [332961, 16944], "aby_online_d_rs": [363536, 5563903], "aby_setup_d_rs": [20724023, 15481059], "aby_total_d_rs": [21087559, 21044962], "total_d_rs": [21420520, 21311506], "nobase_d_rs": [21370491, 21244650]}, "c_output": {"result": 3094, "hashing_t": 13.975, "oprf_t": 1520.44, "poly_t": 139.998, "poly_trans_t": 576.336, "aby_online_t": 355.785, "aby_setup_t": 806.308, "aby_total_t": 1162.09, "total_t": 4050.68, "nobase_t": 2801.17, "poly_d_rs": [249600, 0], "oprf_d_rs": [16944, 332961], "aby_online_d_rs": [5563903, 363545], "aby_setup_d_rs": [15481059, 20724014], "aby_total_d_rs": [21044962, 21087559], "total_d_rs": [21311506, 21420520], "nobase_d_rs": [21244650, 21370500]}, "batch": "PsiTypesDA_3"}