{"setup": "desktop-app", "repeat": 1, "parameters": {"client_neles": 4096, "server_neles": 4096, "bit_len": 53, "epsilon": 1.27, "server_ip": "192.168.0.2", "port": 7777, "threads": 1, "threshold": 0, "nmegabins": 16, "poly_size": 975, "n_fun": 3, "payload_bl": 2, "fun_type": 2, "overlap": 25}, "s_output": {"result": 1024, "hashing_t": 8.57684, "oprf_t": 797.106, "poly_t": 269.224, "poly_trans_t": 6.74093, "aby_online_t": 51.586, "aby_setup_t": 345.645, "aby_total_t": 397.231, "total_t": 2109.52, "nobase_t": 1297.09, "poly_d_rs": [0, 124800], "oprf_d_rs": [332961, 16944], "aby_online_d_rs": [119191, 119192], "aby_setup_d_rs": [5079134, 5079133], "aby_total_d_rs": [5198325, 5198325], "total_d_rs": [5531286, 5340069], "nobase_d_rs": [5481257, 5273213]}, "c_output": {"result": 1024, "hashing_t": 11.506, "oprf_t": 737.609, "poly_t": 63.49, "poly_trans_t": 254.977, "aby_online_t": 53.382, "aby_setup_t": 343.384, "aby_total_t": 396.766, "total_t": 2110.42, "nobase_t": 882.84, "poly_d_rs": [124800, 0], "oprf_d_rs": [16944, 332961], "aby_online_d_rs": [119192, 119192], "aby_setup_d_rs": [5079133, 5079133], "aby_total_d_rs": [5198325, 5198325], "total_d_rs": [5340069, 5531286], "nobase_d_rs": [5273213, 5481257]}, "batch": "PsiTypesDA_3"}