{"setup": "desktop-app", "repeat": 3, "parameters": {"client_neles": 4096, "server_neles": 4096, "bit_len": 53, "epsilon": 1.27, "server_ip": "192.168.0.2", "port": 7777, "threads": 1, "threshold": 0, "nmegabins": 16, "poly_size": 975, "n_fun": 3, "payload_bl": 2, "fun_type": 1, "overlap": 25}, "s_output": {"result": 1, "hashing_t": 6.17294, "oprf_t": 767.297, "poly_t": 282.977, "poly_trans_t": 4.64466, "aby_online_t": 57.103, "aby_setup_t": 317.878, "aby_total_t": 374.981, "total_t": 2041.47, "nobase_t": 1241.7, "poly_d_rs": [0, 124800], "oprf_d_rs": [332961, 16944], "aby_online_d_rs": [119210, 119219], "aby_setup_d_rs": [5081190, 5081181], "aby_total_d_rs": [5200400, 5200400], "total_d_rs": [5533361, 5342144], "nobase_d_rs": [5483332, 5275288]}, "c_output": {"result": 1, "hashing_t": 10.228, "oprf_t": 727.036, "poly_t": 64.871, "poly_trans_t": 263.683, "aby_online_t": 60.471, "aby_setup_t": 311.989, "aby_total_t": 372.46, "total_t": 2041.97, "nobase_t": 846.726, "poly_d_rs": [124800, 0], "oprf_d_rs": [16944, 332961], "aby_online_d_rs": [119219, 119219], "aby_setup_d_rs": [5081181, 5081181], "aby_total_d_rs": [5200400, 5200400], "total_d_rs": [5342144, 5533361], "nobase_d_rs": [5275288, 5483340]}, "batch": "PsiTypesDA_3"}