{"setup": "desktop-app", "repeat": 3, "parameters": {"client_neles": 4096, "server_neles": 4096, "bit_len": 53, "epsilon": 1.27, "server_ip": "192.168.0.2", "port": 7777, "threads": 1, "threshold": 0, "nmegabins": 16, "poly_size": 975, "n_fun": 3, "payload_bl": 2, "fun_type": 0, "overlap": 25}, "s_output": {"result": 0, "hashing_t": 4.29845, "oprf_t": 797.754, "poly_t": 279.858, "poly_trans_t": 5.79289, "aby_online_t": 19.81, "aby_setup_t": 337.683, "aby_total_t": 357.493, "total_t": 2066.9, "nobase_t": 1259.42, "poly_d_rs": [0, 124800], "oprf_d_rs": [332961, 16944], "aby_online_d_rs": [78083, 117750], "aby_setup_d_rs": [5034832, 4995165], "aby_total_d_rs": [5112915, 5112915], "total_d_rs": [5445876, 5254659], "nobase_d_rs": [5395847, 5187803]}, "c_output": {"result": 0, "hashing_t": 5.698, "oprf_t": 740.603, "poly_t": 62.984, "poly_trans_t": 264.784, "aby_online_t": 22.228, "aby_setup_t": 335.525, "aby_total_t": 357.753, "total_t": 2066.65, "nobase_t": 838.585, "poly_d_rs": [124800, 0], "oprf_d_rs": [16944, 332961], "aby_online_d_rs": [117750, 117750], "aby_setup_d_rs": [4995165, 4995165], "aby_total_d_rs": [5112915, 5112915], "total_d_rs": [5254659, 5445876], "nobase_d_rs": [5187803, 5395847]}, "batch": "PsiTypesDA_3"}