{"setup": "desktop-app", "repeat": 2, "parameters": {"client_neles": 4096, "server_neles": 4096, "bit_len": 53, "epsilon": 1.27, "server_ip": "192.168.0.2", "port": 7777, "threads": 1, "threshold": 0, "nmegabins": 16, "poly_size": 975, "n_fun": 3, "payload_bl": 2, "fun_type": 1, "overlap": 25}, "s_output": {"result": 1, "hashing_t": 8.11301, "oprf_t": 781.708, "poly_t": 283.172, "poly_trans_t": 5.95119, "aby_online_t": 64.22, "aby_setup_t": 382.529, "aby_total_t": 446.749, "total_t": 2134.79, "nobase_t": 1340.25, "poly_d_rs": [0, 124800], "oprf_d_rs": [332961, 16944], "aby_online_d_rs": [119219, 119210], "aby_setup_d_rs": [5081181, 5081181], "aby_total_d_rs": [5200400, 5200391], "total_d_rs": [5533361, 5342135], "nobase_d_rs": [5483332, 5275279]}, "c_output": {"result": 1, "hashing_t": 7.977, "oprf_t": 746.529, "poly_t": 62.018, "poly_trans_t": 257.251, "aby_online_t": 67.449, "aby_setup_t": 386.811, "aby_total_t": 454.26, "total_t": 2136.86, "nobase_t": 923.994, "poly_d_rs": [124800, 0], "oprf_d_rs": [16944, 332961], "aby_online_d_rs": [119219, 119219], "aby_setup_d_rs": [5081181, 5081181], "aby_total_d_rs": [5200400, 5200400], "total_d_rs": [5342144, 5533361], "nobase_d_rs": [5275288, 5483332]}, "batch": "PsiTypesDA_3"}