{"setup": "desktop-app", "repeat": 4, "parameters": {"client_neles": 4096, "server_neles": 4096, "bit_len": 53, "epsilon": 1.27, "server_ip": "192.168.0.2", "port": 7777, "threads": 1, "threshold": 0, "nmegabins": 16, "poly_size": 975, "n_fun": 3, "payload_bl": 2, "fun_type": 3, "overlap": 25}, "s_output": {"result": 1024, "hashing_t": 5.40154, "oprf_t": 741.73, "poly_t": 285.19, "poly_trans_t": 5.12848, "aby_online_t": 61.394, "aby_setup_t": 339.596, "aby_total_t": 400.99, "total_t": 2059.6, "nobase_t": 1235.59, "poly_d_rs": [0, 124800], "oprf_d_rs": [332961, 16944], "aby_online_d_rs": [119243, 119243], "aby_setup_d_rs": [5085320, 5085320], "aby_total_d_rs": [5204563, 5204563], "total_d_rs": [5537524, 5346307], "nobase_d_rs": [5487495, 5279451]}, "c_output": {"result": 1024, "hashing_t": 11.369, "oprf_t": 698.864, "poly_t": 62.866, "poly_trans_t": 270.649, "aby_online_t": 61.409, "aby_setup_t": 336.396, "aby_total_t": 397.805, "total_t": 2057.75, "nobase_t": 879.488, "poly_d_rs": [124800, 0], "oprf_d_rs": [16944, 332961], "aby_online_d_rs": [119243, 119234], "aby_setup_d_rs": [5085320, 5085320], "aby_total_d_rs": [5204563, 5204554], "total_d_rs": [5346307, 5537515], "nobase_d_rs": [5279451, 5487494]}, "batch": "PsiTypesDA_3"}