{"setup": "desktop-app", "repeat": 3, "parameters": {"client_neles": 4096, "server_neles": 4096, "bit_len": 53, "epsilon": 1.27, "server_ip": "192.168.0.2", "port": 7777, "threads": 1, "threshold": 0, "nmegabins": 16, "poly_size": 975, "n_fun": 3, "payload_bl": 2, "fun_type": 4, "overlap": 25}, "s_output": {"result": 1563, "hashing_t": 5.73155, "oprf_t": 810.946, "poly_t": 274.718, "poly_trans_t": 6.25623, "aby_online_t": 52.649, "aby_setup_t": 416.63, "aby_total_t": 469.279, "total_t": 2195.24, "nobase_t": 1367.25, "poly_d_rs": [0, 124800], "oprf_d_rs": [332961, 16944], "aby_online_d_rs": [122988, 286810], "aby_setup_d_rs": [5329023, 5161062], "aby_total_d_rs": [5452011, 5447872], "total_d_rs": [5784972, 5589616], "nobase_d_rs": [5734943, 5522760]}, "c_output": {"result": 1563, "hashing_t": 18.193, "oprf_t": 761.688, "poly_t": 66.288, "poly_trans_t": 255.545, "aby_online_t": 55.178, "aby_setup_t": 415.583, "aby_total_t": 470.761, "total_t": 2195.68, "nobase_t": 946.13, "poly_d_rs": [124800, 0], "oprf_d_rs": [16944, 332961], "aby_online_d_rs": [286819, 122988], "aby_setup_d_rs": [5161062, 5329023], "aby_total_d_rs": [5447881, 5452011], "total_d_rs": [5589625, 5784972], "nobase_d_rs": [5522769, 5734952]}, "batch": "PsiTypesDA_3"}