{"setup": "desktop-app", "repeat": 0, "parameters": {"client_neles": 4096, "server_neles": 4096, "bit_len": 53, "epsilon": 1.27, "server_ip": "192.168.0.2", "port": 7777, "threads": 1, "threshold": 0, "nmegabins": 16, "poly_size": 975, "n_fun": 3, "payload_bl": 2, "fun_type": 7, "overlap": 25}, "s_output": {"result": 3094, "hashing_t": 8.41917, "oprf_t": 893.042, "poly_t": 537.714, "poly_trans_t": 6.49374, "aby_online_t": 349.686, "aby_setup_t": 793.51, "aby_total_t": 1143.2, "total_t": 3992.82, "nobase_t": 3127.59, "poly_d_rs": [0, 249600], "oprf_d_rs": [332961, 16944], "aby_online_d_rs": [363562, 5566967], "aby_setup_d_rs": [20726096, 15487206], "aby_total_d_rs": [21089658, 21054173], "total_d_rs": [21422619, 21320717], "nobase_d_rs": [21372590, 21253861]}, "c_output": {"result": 3094, "hashing_t": 5.473, "oprf_t": 1497.24, "poly_t": 127.121, "poly_trans_t": 592.778, "aby_online_t": 348.46, "aby_setup_t": 795.971, "aby_total_t": 1144.43, "total_t": 3995.24, "nobase_t": 2776.44, "poly_d_rs": [249600, 0], "oprf_d_rs": [16944, 332961], "aby_online_d_rs": [5566976, 363562], "aby_setup_d_rs": [15487206, 20726096], "aby_total_d_rs": [21054182, 21089658], "total_d_rs": [21320726, 21422619], "nobase_d_rs": [21253870, 21372599]}, "batch": "PsiTypesDA_3"}