{"setup": "desktop-app", "repeat": 1, "parameters": {"client_neles": 4096, "server_neles": 4096, "bit_len": 53, "epsilon": 1.27, "server_ip": "192.168.0.2", "port": 7777, "threads": 1, "threshold": 0, "nmegabins": 16, "poly_size": 975, "n_fun": 3, "payload_bl": 2, "fun_type": 0, "overlap": 25}, "s_output": {"result": 0, "hashing_t": 7.82343, "oprf_t": 819.031, "poly_t": 271.113, "poly_trans_t": 5.22628, "aby_online_t": 27.065, "aby_setup_t": 333.927, "aby_total_t": 360.992, "total_t": 2091.4, "nobase_t": 1279.25, "poly_d_rs": [0, 124800], "oprf_d_rs": [332961, 16944], "aby_online_d_rs": [117750, 117741], "aby_setup_d_rs": [4995165, 4995165], "aby_total_d_rs": [5112915, 5112906], "total_d_rs": [5445876, 5254650], "nobase_d_rs": [5395847, 5187794]}, "c_output": {"result": 0, "hashing_t": 7.447, "oprf_t": 763.48, "poly_t": 72.513, "poly_trans_t": 250.624, "aby_online_t": 29.701, "aby_setup_t": 332.439, "aby_total_t": 362.14, "total_t": 2092.01, "nobase_t": 842.668, "poly_d_rs": [124800, 0], "oprf_d_rs": [16944, 332961], "aby_online_d_rs": [117750, 117750], "aby_setup_d_rs": [4995165, 4995165], "aby_total_d_rs": [5112915, 5112915], "total_d_rs": [5254659, 5445876], "nobase_d_rs": [5187803, 5395847]}, "batch": "PsiTypesDA_3"}