{"setup": "desktop-app", "repeat": 0, "parameters": {"client_neles": 4096, "server_neles": 4096, "bit_len": 53, "epsilon": 1.27, "server_ip": "192.168.0.2", "port": 7777, "threads": 1, "threshold": 0, "nmegabins": 16, "poly_size": 975, "n_fun": 3, "payload_bl": 2, "fun_type": 4, "overlap": 25}, "s_output": {"result": 1563, "hashing_t": 6.75753, "oprf_t": 753.614, "poly_t": 284.746, "poly_trans_t": 4.98193, "aby_online_t": 40.71, "aby_setup_t": 319.17, "aby_total_t": 359.88, "total_t": 2026.63, "nobase_t": 1230.93, "poly_d_rs": [0, 124800], "oprf_d_rs": [332961, 16944], "aby_online_d_rs": [82021, 286810], "aby_setup_d_rs": [5369990, 5161062], "aby_total_d_rs": [5452011, 5447872], "total_d_rs": [5784972, 5589616], "nobase_d_rs": [5734943, 5522760]}, "c_output": {"result": 1563, "hashing_t": 4.631, "oprf_t": 688.341, "poly_t": 78.212, "poly_trans_t": 256.813, "aby_online_t": 44.715, "aby_setup_t": 316.696, "aby_total_t": 361.411, "total_t": 2027.37, "nobase_t": 870.564, "poly_d_rs": [124800, 0], "oprf_d_rs": [16944, 332961], "aby_online_d_rs": [286819, 122988], "aby_setup_d_rs": [5161062, 5329023], "aby_total_d_rs": [5447881, 5452011], "total_d_rs": [5589625, 5784972], "nobase_d_rs": [5522769, 5734943]}, "batch": "PsiTypesDA_3"}