{"setup": "desktop-app", "repeat": 1, "parameters": {"client_neles": 4096, "server_neles": 4096, "bit_len": 53, "epsilon": 1.27, "server_ip": "192.168.0.2", "port": 7777, "threads": 1, "threshold": 0, "nmegabins": 16, "poly_size": 975, "n_fun": 3, "payload_bl": 2, "fun_type": 4, "overlap": 25}, "s_output": {"result": 1563, "hashing_t": 7.02023, "oprf_t": 751.106, "poly_t": 282.924, "poly_trans_t": 6.10987, "aby_online_t": 52.692, "aby_setup_t": 354.918, "aby_total_t": 407.61, "total_t": 2081.94, "nobase_t": 1262.28, "poly_d_rs": [0, 124800], "oprf_d_rs": [332961, 16944], "aby_online_d_rs": [122988, 286810], "aby_setup_d_rs": [5329023, 5161062], "aby_total_d_rs": [5452011, 5447872], "total_d_rs": [5784972, 5589616], "nobase_d_rs": [5734943, 5522760]}, "c_output": {"result": 1563, "hashing_t": 4.88, "oprf_t": 716.196, "poly_t": 63.388, "poly_trans_t": 267.369, "aby_online_t": 55.413, "aby_setup_t": 353.828, "aby_total_t": 409.241, "total_t": 2082.52, "nobase_t": 876.988, "poly_d_rs": [124800, 0], "oprf_d_rs": [16944, 332961], "aby_online_d_rs": [286819, 122988], "aby_setup_d_rs": [5161062, 5329023], "aby_total_d_rs": [5447881, 5452011], "total_d_rs": [5589625, 5784972], "nobase_d_rs": [5522769, 5734943]}, "batch": "PsiTypesDA_3"}