{"setup": "desktop-app", "repeat": 1, "parameters": {"client_neles": 4096, "server_neles": 4096, "bit_len": 53, "epsilon": 1.27, "server_ip": "192.168.0.2", "port": 7777, "threads": 1, "threshold": 0, "nmegabins": 16, "poly_size": 975, "n_fun": 3, "payload_bl": 2, "fun_type": 1, "overlap": 25}, "s_output": {"result": 1, "hashing_t": 8.74518, "oprf_t": 738.71, "poly_t": 287.206, "poly_trans_t": 5.30609, "aby_online_t": 60.685, "aby_setup_t": 365.048, "aby_total_t": 425.733, "total_t": 2089.14, "nobase_t": 1296.12, "poly_d_rs": [0, 124800], "oprf_d_rs": [332961, 16944], "aby_online_d_rs": [119210, 119219], "aby_setup_d_rs": [5081190, 5081181], "aby_total_d_rs": [5200400, 5200400], "total_d_rs": [5533361, 5342144], "nobase_d_rs": [5483332, 5275288]}, "c_output": {"result": 1, "hashing_t": 5.995, "oprf_t": 710.384, "poly_t": 75.603, "poly_trans_t": 263.579, "aby_online_t": 62.034, "aby_setup_t": 368.588, "aby_total_t": 430.622, "total_t": 2088.24, "nobase_t": 912.334, "poly_d_rs": [124800, 0], "oprf_d_rs": [16944, 332961], "aby_online_d_rs": [119219, 119219], "aby_setup_d_rs": [5081181, 5081181], "aby_total_d_rs": [5200400, 5200400], "total_d_rs": [5342144, 5533361], "nobase_d_rs": [5275288, 5483340]}, "batch": "PsiTypesDA_3"}