{"setup": "desktop-app", "repeat": 0, "parameters": {"client_neles": 4096, "server_neles": 4096, "bit_len": 53, "epsilon": 1.27, "server_ip": "192.168.0.2", "port": 7777, "threads": 1, "threshold": 0, "nmegabins": 16, "poly_size": 975, "n_fun": 3, "payload_bl": 2, "fun_type": 0, "overlap": 25}, "s_output": {"result": 0, "hashing_t": 4.12548, "oprf_t": 752.981, "poly_t": 290.058, "poly_trans_t": 2.65879, "aby_online_t": 23.443, "aby_setup_t": 366.918, "aby_total_t": 390.361, "total_t": 2029.15, "nobase_t": 1181.61, "poly_d_rs": [0, 124800], "oprf_d_rs": [332961, 16944], "aby_online_d_rs": [78083, 117741], "aby_setup_d_rs": [5034832, 4995165], "aby_total_d_rs": [5112915, 5112906], "total_d_rs": [5445876, 5254650]}, "c_output": {"result": 0, "hashing_t": 9.687, "oprf_t": 698.162, "poly_t": 64.835, "poly_trans_t": 248.833, "aby_online_t": 28.125, "aby_setup_t": 364.527, "aby_total_t": 392.652, "total_t": 2030.22, "nobase_t": 876.165, "poly_d_rs": [124800, 0], "oprf_d_rs": [16944, 332961], "aby_online_d_rs": [117750, 117750], "aby_setup_d_rs": [4995165, 4995165], "aby_total_d_rs": [5112915, 5112915], "total_d_rs": [5254659, 5445876]}, "batch": "ScalingElementsDA"}