{"setup": "desktop-app", "repeat": 14, "parameters": {"client_neles": 1024, "server_neles": 1024, "epsilon": 1.27, "server_ip": "192.168.0.2", "port": 7777, "threads": 1, "threshold": 0, "n_fun": 3, "payload_bl": 2, "fun_type": 0, "overlap": 25, "nmegabins": 4, "poly_size": 947, "bit_len": 60}, "s_output": {"result": 0, "hashing_t": 1.05682, "oprf_t": 735.577, "poly_t": 106.718, "poly_trans_t": 0.038284, "aby_online_t": 12.728, "aby_setup_t": 144.168, "aby_total_t": 156.896, "aby_baseot_t": 3047.97, "total_t": 4926.28, "nobase_t": 1597.93, "poly_d_rs": [0, 30304], "oprf_d_rs": [83297, 16944], "aby_online_d_rs": [19241, 29000], "aby_setup_d_rs": [1238602, 1228843], "aby_total_d_rs": [1257843, 1257843], "aby_baseot_d_rs": [67159124, 67159124], "total_d_rs": [1341140, 1305091], "nobase_d_rs": [18446744073643733559, 18446744073643680683]}, "c_output": {"result": 0, "hashing_t": 1.643, "oprf_t": 717.439, "poly_t": 30.628, "poly_trans_t": 81.654, "aby_online_t": 13.286, "aby_setup_t": 143.725, "aby_total_t": 157.011, "aby_baseot_t": 3052.63, "total_t": 4925.02, "nobase_t": 1189.8, "poly_d_rs": [30304, 0], "oprf_d_rs": [16944, 83297], "aby_online_d_rs": [29000, 28991], "aby_setup_d_rs": [1228843, 1228843], "aby_total_d_rs": [1257843, 1257834], "aby_baseot_d_rs": [67159124, 67159115], "total_d_rs": [1305091, 1341131], "nobase_d_rs": [18446744073643680683, 18446744073643733559]}, "batch": "NetworkDebugging_LAN"}