{"setup": "desktop-app", "repeat": 15, "parameters": {"client_neles": 1024, "server_neles": 1024, "epsilon": 1.27, "server_ip": "192.168.0.2", "port": 7777, "threads": 1, "threshold": 0, "n_fun": 3, "payload_bl": 2, "fun_type": 0, "overlap": 25, "nmegabins": 4, "poly_size": 947, "bit_len": 60}, "s_output": {"result": 0, "hashing_t": 2.67614, "oprf_t": 708.743, "poly_t": 99.5701, "poly_trans_t": 0.026689, "aby_online_t": 17.154, "aby_setup_t": 166.748, "aby_total_t": 183.902, "aby_baseot_t": 2945.55, "total_t": 4823.57, "nobase_t": 1589.55, "poly_d_rs": [0, 30304], "oprf_d_rs": [83297, 16944], "aby_online_d_rs": [28991, 29000], "aby_setup_d_rs": [1228852, 1228843], "aby_total_d_rs": [1257843, 1257843], "aby_baseot_d_rs": [67159124, 67159124], "total_d_rs": [1341140, 1305091], "nobase_d_rs": [18446744073643733559, 18446744073643680683]}, "c_output": {"result": 0, "hashing_t": 0.882, "oprf_t": 694.687, "poly_t": 25.998, "poly_trans_t": 86.145, "aby_online_t": 17.647, "aby_setup_t": 166.711, "aby_total_t": 184.358, "aby_baseot_t": 2949.8, "total_t": 4821.71, "nobase_t": 1204.6, "poly_d_rs": [30304, 0], "oprf_d_rs": [16944, 83297], "aby_online_d_rs": [29000, 29000], "aby_setup_d_rs": [1228843, 1228834], "aby_total_d_rs": [1257843, 1257834], "aby_baseot_d_rs": [67159124, 67159116], "total_d_rs": [1305091, 1341131], "nobase_d_rs": [18446744073643680683, 18446744073643733558]}, "batch": "NetworkDebugging_LAN"}