{"setup": "desktop-app", "repeat": 17, "parameters": {"client_neles": 1024, "server_neles": 1024, "epsilon": 1.27, "server_ip": "192.168.0.2", "port": 7777, "threads": 1, "threshold": 0, "n_fun": 3, "payload_bl": 2, "fun_type": 0, "overlap": 25, "nmegabins": 4, "poly_size": 947, "bit_len": 60}, "s_output": {"result": 0, "hashing_t": 4.22919, "oprf_t": 778.46, "poly_t": 91.7455, "poly_trans_t": 0.038253, "aby_online_t": 16.253, "aby_setup_t": 149.729, "aby_total_t": 165.982, "aby_baseot_t": 2919.93, "total_t": 4831.55, "nobase_t": 1554.23, "poly_d_rs": [0, 30304], "oprf_d_rs": [83297, 16944], "aby_online_d_rs": [28991, 29000], "aby_setup_d_rs": [1228852, 1228843], "aby_total_d_rs": [1257843, 1257843], "aby_baseot_d_rs": [67159124, 67159124], "total_d_rs": [1341140, 1305091], "nobase_d_rs": [18446744073643733559, 18446744073643680683]}, "c_output": {"result": 0, "hashing_t": 1.361, "oprf_t": 760.67, "poly_t": 24.18, "poly_trans_t": 68.41, "aby_online_t": 16.657, "aby_setup_t": 149.974, "aby_total_t": 166.631, "aby_baseot_t": 2924.09, "total_t": 4828.71, "nobase_t": 1183.67, "poly_d_rs": [30304, 0], "oprf_d_rs": [16944, 83297], "aby_online_d_rs": [29000, 28991], "aby_setup_d_rs": [1228843, 1228843], "aby_total_d_rs": [1257843, 1257834], "aby_baseot_d_rs": [67159124, 67159115], "total_d_rs": [1305091, 1341131], "nobase_d_rs": [18446744073643680683, 18446744073643733559]}, "batch": "NetworkDebugging_LAN"}