{"setup": "desktop-app", "repeat": 40, "parameters": {"client_neles": 1024, "server_neles": 1024, "epsilon": 1.27, "server_ip": "192.168.0.2", "port": 7777, "threads": 1, "threshold": 0, "n_fun": 3, "payload_bl": 2, "fun_type": 0, "overlap": 25, "nmegabins": 4, "poly_size": 947, "bit_len": 60}, "s_output": {"result": 0, "hashing_t": 1.08052, "oprf_t": 716.666, "poly_t": 93.8068, "poly_trans_t": 0.024773, "aby_online_t": 10.953, "aby_setup_t": 152.517, "aby_total_t": 163.47, "aby_baseot_t": 2901.05, "total_t": 4735.09, "nobase_t": 1552.46, "poly_d_rs": [0, 30304], "oprf_d_rs": [83297, 16944], "aby_online_d_rs": [28991, 28991], "aby_setup_d_rs": [1228852, 1228843], "aby_total_d_rs": [1257843, 1257834], "aby_baseot_d_rs": [67159124, 67159124], "total_d_rs": [1341140, 1305082], "nobase_d_rs": [18446744073643733559, 18446744073643680674]}, "c_output": {"result": 0, "hashing_t": 3.585, "oprf_t": 699.569, "poly_t": 21.092, "poly_trans_t": 85.295, "aby_online_t": 13.172, "aby_setup_t": 152.601, "aby_total_t": 165.773, "aby_baseot_t": 2905.43, "total_t": 4736.0, "nobase_t": 1153.94, "poly_d_rs": [30304, 0], "oprf_d_rs": [16944, 83297], "aby_online_d_rs": [29000, 29008], "aby_setup_d_rs": [1228843, 1228835], "aby_total_d_rs": [1257843, 1257843], "aby_baseot_d_rs": [67159124, 67159116], "total_d_rs": [1305091, 1341140], "nobase_d_rs": [18446744073643680683, 18446744073643733567]}, "batch": "NetworkDebugging_LAN"}