{"setup": "desktop-app", "repeat": 12, "parameters": {"client_neles": 1024, "server_neles": 1024, "epsilon": 1.27, "server_ip": "192.168.0.2", "port": 7777, "threads": 1, "threshold": 0, "n_fun": 3, "payload_bl": 2, "fun_type": 0, "overlap": 25, "nmegabins": 4, "poly_size": 947, "bit_len": 60}, "s_output": {"result": 0, "hashing_t": 2.56295, "oprf_t": 949.372, "poly_t": 87.3994, "poly_trans_t": 0.04495, "aby_online_t": 10.945, "aby_setup_t": 108.669, "aby_total_t": 119.614, "aby_baseot_t": 3092.12, "total_t": 5136.92, "nobase_t": 1500.16, "poly_d_rs": [0, 30304], "oprf_d_rs": [83297, 16944], "aby_online_d_rs": [19241, 29000], "aby_setup_d_rs": [1238602, 1228843], "aby_total_d_rs": [1257843, 1257843], "aby_baseot_d_rs": [67159124, 67159124], "total_d_rs": [1341140, 1305091], "nobase_d_rs": [18446744073643733559, 18446744073643680683]}, "c_output": {"result": 0, "hashing_t": 1.909, "oprf_t": 941.92, "poly_t": 24.585, "poly_trans_t": 71.456, "aby_online_t": 11.61, "aby_setup_t": 108.58, "aby_total_t": 120.19, "aby_baseot_t": 3095.69, "total_t": 5137.03, "nobase_t": 1131.91, "poly_d_rs": [30304, 0], "oprf_d_rs": [16944, 83297], "aby_online_d_rs": [29000, 29000], "aby_setup_d_rs": [1228843, 1228843], "aby_total_d_rs": [1257843, 1257843], "aby_baseot_d_rs": [67159124, 67159124], "total_d_rs": [1305091, 1341140], "nobase_d_rs": [18446744073643680683, 18446744073643733559]}, "batch": "NetworkDebugging_LAN"}