{"setup": "desktop-app", "repeat": 9, "parameters": {"client_neles": 1024, "server_neles": 1024, "epsilon": 1.27, "server_ip": "192.168.0.2", "port": 7777, "threads": 1, "threshold": 0, "n_fun": 3, "payload_bl": 2, "fun_type": 0, "overlap": 25, "nmegabins": 4, "poly_size": 947, "bit_len": 60}, "s_output": {"result": 0, "hashing_t": 1.03122, "oprf_t": 692.985, "poly_t": 114.783, "poly_trans_t": 0.031003, "aby_online_t": 11.666, "aby_setup_t": 108.887, "aby_total_t": 120.553, "aby_baseot_t": 3111.52, "total_t": 4926.36, "nobase_t": 1537.25, "poly_d_rs": [0, 30304], "oprf_d_rs": [83297, 16944], "aby_online_d_rs": [19241, 29000], "aby_setup_d_rs": [1238602, 1228843], "aby_total_d_rs": [1257843, 1257843], "aby_baseot_d_rs": [67159124, 67159124], "total_d_rs": [1341140, 1305091], "nobase_d_rs": [18446744073643733559, 18446744073643680683]}, "c_output": {"result": 0, "hashing_t": 1.347, "oprf_t": 672.37, "poly_t": 30.894, "poly_trans_t": 82.581, "aby_online_t": 12.265, "aby_setup_t": 108.671, "aby_total_t": 120.936, "aby_baseot_t": 3116.05, "total_t": 4925.74, "nobase_t": 1165.49, "poly_d_rs": [30304, 0], "oprf_d_rs": [16944, 83297], "aby_online_d_rs": [29000, 28991], "aby_setup_d_rs": [1228843, 1228843], "aby_total_d_rs": [1257843, 1257834], "aby_baseot_d_rs": [67159124, 67159124], "total_d_rs": [1305091, 1341131], "nobase_d_rs": [18446744073643680683, 18446744073643733550]}, "batch": "NetworkDebugging_LAN"}