{"setup": "desktop-app", "repeat": 28, "parameters": {"client_neles": 1024, "server_neles": 1024, "epsilon": 1.27, "server_ip": "192.168.0.2", "port": 7777, "threads": 1, "threshold": 0, "n_fun": 3, "payload_bl": 2, "fun_type": 0, "overlap": 25, "nmegabins": 4, "poly_size": 947, "bit_len": 60}, "s_output": {"result": 0, "hashing_t": 3.02095, "oprf_t": 759.243, "poly_t": 89.7761, "poly_trans_t": 0.047581, "aby_online_t": 15.896, "aby_setup_t": 151.279, "aby_total_t": 167.175, "aby_baseot_t": 3116.17, "total_t": 5016.22, "nobase_t": 1588.51, "poly_d_rs": [0, 30304], "oprf_d_rs": [83297, 16944], "aby_online_d_rs": [28999, 29000], "aby_setup_d_rs": [1228844, 1228843], "aby_total_d_rs": [1257843, 1257843], "aby_baseot_d_rs": [67159124, 67159124], "total_d_rs": [1341140, 1305091], "nobase_d_rs": [18446744073643733559, 18446744073643680683]}, "c_output": {"result": 0, "hashing_t": 1.264, "oprf_t": 751.429, "poly_t": 33.209, "poly_trans_t": 71.817, "aby_online_t": 16.105, "aby_setup_t": 151.279, "aby_total_t": 167.384, "aby_baseot_t": 3120.46, "total_t": 5015.42, "nobase_t": 1185.42, "poly_d_rs": [30304, 0], "oprf_d_rs": [16944, 83297], "aby_online_d_rs": [29000, 28991], "aby_setup_d_rs": [1228843, 1228843], "aby_total_d_rs": [1257843, 1257834], "aby_baseot_d_rs": [67159124, 67159116], "total_d_rs": [1305091, 1341131], "nobase_d_rs": [18446744073643680683, 18446744073643733558]}, "batch": "NetworkDebugging_LAN"}