{"setup": "desktop-app", "repeat": 37, "parameters": {"client_neles": 1024, "server_neles": 1024, "epsilon": 1.27, "server_ip": "192.168.0.2", "port": 7777, "threads": 1, "threshold": 0, "n_fun": 3, "payload_bl": 2, "fun_type": 0, "overlap": 25, "nmegabins": 4, "poly_size": 947, "bit_len": 60}, "s_output": {"result": 0, "hashing_t": 4.28657, "oprf_t": 720.637, "poly_t": 103.537, "poly_trans_t": 0.032587, "aby_online_t": 13.376, "aby_setup_t": 129.515, "aby_total_t": 142.891, "aby_baseot_t": 3147.94, "total_t": 5004.43, "nobase_t": 1552.56, "poly_d_rs": [0, 30304], "oprf_d_rs": [83297, 16944], "aby_online_d_rs": [28991, 28991], "aby_setup_d_rs": [1228852, 1228843], "aby_total_d_rs": [1257843, 1257834], "aby_baseot_d_rs": [67159124, 67159124], "total_d_rs": [1341140, 1305082], "nobase_d_rs": [18446744073643733559, 18446744073643680674]}, "c_output": {"result": 0, "hashing_t": 1.352, "oprf_t": 711.225, "poly_t": 23.54, "poly_trans_t": 88.896, "aby_online_t": 16.261, "aby_setup_t": 129.685, "aby_total_t": 145.946, "aby_baseot_t": 3151.85, "total_t": 5005.8, "nobase_t": 1174.37, "poly_d_rs": [30304, 0], "oprf_d_rs": [16944, 83297], "aby_online_d_rs": [29000, 29000], "aby_setup_d_rs": [1228843, 1228843], "aby_total_d_rs": [1257843, 1257843], "aby_baseot_d_rs": [67159124, 67159116], "total_d_rs": [1305091, 1341140], "nobase_d_rs": [18446744073643680683, 18446744073643733567]}, "batch": "NetworkDebugging_LAN"}