{"setup": "desktop-app", "repeat": 30, "parameters": {"client_neles": 1024, "server_neles": 1024, "epsilon": 1.27, "server_ip": "192.168.0.2", "port": 7777, "threads": 1, "threshold": 0, "n_fun": 3, "payload_bl": 2, "fun_type": 0, "overlap": 25, "nmegabins": 4, "poly_size": 947, "bit_len": 60}, "s_output": {"result": 0, "hashing_t": 1.10797, "oprf_t": 761.623, "poly_t": 101.991, "poly_trans_t": 0.030919, "aby_online_t": 13.461, "aby_setup_t": 148.146, "aby_total_t": 161.607, "aby_baseot_t": 3360.58, "total_t": 5266.16, "nobase_t": 1625.87, "poly_d_rs": [0, 30304], "oprf_d_rs": [83297, 16944], "aby_online_d_rs": [28991, 29000], "aby_setup_d_rs": [1228852, 1228843], "aby_total_d_rs": [1257843, 1257843], "aby_baseot_d_rs": [67159124, 67159124], "total_d_rs": [1341140, 1305091], "nobase_d_rs": [18446744073643733559, 18446744073643680683]}, "c_output": {"result": 0, "hashing_t": 1.224, "oprf_t": 747.676, "poly_t": 33.442, "poly_trans_t": 89.48, "aby_online_t": 13.828, "aby_setup_t": 148.267, "aby_total_t": 162.095, "aby_baseot_t": 3361.66, "total_t": 5265.3, "nobase_t": 1186.13, "poly_d_rs": [30304, 0], "oprf_d_rs": [16944, 83297], "aby_online_d_rs": [29000, 28991], "aby_setup_d_rs": [1228843, 1228843], "aby_total_d_rs": [1257843, 1257834], "aby_baseot_d_rs": [67159124, 67159116], "total_d_rs": [1305091, 1341131], "nobase_d_rs": [18446744073643680683, 18446744073643733558]}, "batch": "NetworkDebugging_LAN"}