{"setup": "desktop-app", "repeat": 21, "parameters": {"client_neles": 1024, "server_neles": 1024, "epsilon": 1.27, "server_ip": "192.168.0.2", "port": 7777, "threads": 1, "threshold": 0, "n_fun": 3, "payload_bl": 2, "fun_type": 0, "overlap": 25, "nmegabins": 4, "poly_size": 947, "bit_len": 60}, "s_output": {"result": 0, "hashing_t": 4.37178, "oprf_t": 816.795, "poly_t": 106.697, "poly_trans_t": 0.04019, "aby_online_t": 19.435, "aby_setup_t": 164.408, "aby_total_t": 183.843, "aby_baseot_t": 3256.14, "total_t": 5236.55, "nobase_t": 1647.4, "poly_d_rs": [0, 30304], "oprf_d_rs": [83297, 16944], "aby_online_d_rs": [29000, 29000], "aby_setup_d_rs": [1228843, 1228843], "aby_total_d_rs": [1257843, 1257843], "aby_baseot_d_rs": [67159124, 67159124], "total_d_rs": [1341140, 1305091], "nobase_d_rs": [18446744073643733559, 18446744073643680683]}, "c_output": {"result": 0, "hashing_t": 1.455, "oprf_t": 808.145, "poly_t": 32.355, "poly_trans_t": 90.022, "aby_online_t": 18.785, "aby_setup_t": 165.441, "aby_total_t": 184.226, "aby_baseot_t": 3260.66, "total_t": 5236.19, "nobase_t": 1197.01, "poly_d_rs": [30304, 0], "oprf_d_rs": [16944, 83297], "aby_online_d_rs": [29000, 29000], "aby_setup_d_rs": [1228843, 1228843], "aby_total_d_rs": [1257843, 1257843], "aby_baseot_d_rs": [67159124, 67159116], "total_d_rs": [1305091, 1341140], "nobase_d_rs": [18446744073643680683, 18446744073643733567]}, "batch": "NetworkDebugging_LAN"}