{"setup": "desktop-app", "repeat": 48, "parameters": {"client_neles": 1024, "server_neles": 1024, "epsilon": 1.27, "server_ip": "192.168.0.2", "port": 7777, "threads": 1, "threshold": 0, "n_fun": 3, "payload_bl": 2, "fun_type": 0, "overlap": 25, "nmegabins": 4, "poly_size": 947, "bit_len": 60}, "s_output": {"result": 0, "hashing_t": 4.06516, "oprf_t": 781.933, "poly_t": 99.9997, "poly_trans_t": 0.029555, "aby_online_t": 13.711, "aby_setup_t": 175.819, "aby_total_t": 189.53, "aby_baseot_t": 3240.54, "total_t": 5175.85, "nobase_t": 1649.91, "poly_d_rs": [0, 30304], "oprf_d_rs": [83297, 16944], "aby_online_d_rs": [19241, 29000], "aby_setup_d_rs": [1238602, 1228843], "aby_total_d_rs": [1257843, 1257843], "aby_baseot_d_rs": [67159124, 67159124], "total_d_rs": [1341140, 1305091], "nobase_d_rs": [18446744073643733559, 18446744073643680683]}, "c_output": {"result": 0, "hashing_t": 1.198, "oprf_t": 769.893, "poly_t": 32.809, "poly_trans_t": 88.728, "aby_online_t": 14.306, "aby_setup_t": 175.597, "aby_total_t": 189.903, "aby_baseot_t": 3245.22, "total_t": 5174.76, "nobase_t": 1192.87, "poly_d_rs": [30304, 0], "oprf_d_rs": [16944, 83297], "aby_online_d_rs": [29000, 28999], "aby_setup_d_rs": [1228843, 1228835], "aby_total_d_rs": [1257843, 1257834], "aby_baseot_d_rs": [67159124, 67159116], "total_d_rs": [1305091, 1341131], "nobase_d_rs": [18446744073643680683, 18446744073643733558]}, "batch": "NetworkDebugging_LAN"}