{"setup": "desktop-app", "repeat": 29, "parameters": {"client_neles": 1024, "server_neles": 1024, "epsilon": 1.27, "server_ip": "192.168.0.2", "port": 7777, "threads": 1, "threshold": 0, "n_fun": 3, "payload_bl": 2, "fun_type": 0, "overlap": 25, "nmegabins": 4, "poly_size": 947, "bit_len": 60}, "s_output": {"result": 0, "hashing_t": 2.18735, "oprf_t": 740.376, "poly_t": 104.284, "poly_trans_t": 0.029251, "aby_online_t": 15.565, "aby_setup_t": 144.438, "aby_total_t": 160.003, "aby_baseot_t": 3010.99, "total_t": 4899.52, "nobase_t": 1590.68, "poly_d_rs": [0, 30304], "oprf_d_rs": [83297, 16944], "aby_online_d_rs": [28991, 29000], "aby_setup_d_rs": [1228852, 1228843], "aby_total_d_rs": [1257843, 1257843], "aby_baseot_d_rs": [67159124, 67159124], "total_d_rs": [1341140, 1305091], "nobase_d_rs": [18446744073643733559, 18446744073643680683]}, "c_output": {"result": 0, "hashing_t": 1.615, "oprf_t": 726.064, "poly_t": 23.108, "poly_trans_t": 89.143, "aby_online_t": 16.022, "aby_setup_t": 144.458, "aby_total_t": 160.48, "aby_baseot_t": 3014.48, "total_t": 4897.35, "nobase_t": 1185.03, "poly_d_rs": [30304, 0], "oprf_d_rs": [16944, 83297], "aby_online_d_rs": [29000, 28991], "aby_setup_d_rs": [1228843, 1228843], "aby_total_d_rs": [1257843, 1257834], "aby_baseot_d_rs": [67159124, 67159116], "total_d_rs": [1305091, 1341131], "nobase_d_rs": [18446744073643680683, 18446744073643733558]}, "batch": "NetworkDebugging_LAN"}