{"setup": "desktop-app", "repeat": 36, "parameters": {"client_neles": 1024, "server_neles": 1024, "epsilon": 1.27, "server_ip": "192.168.0.2", "port": 7777, "threads": 1, "threshold": 0, "n_fun": 3, "payload_bl": 2, "fun_type": 0, "overlap": 25, "nmegabins": 4, "poly_size": 947, "bit_len": 60}, "s_output": {"result": 0, "hashing_t": 5.35667, "oprf_t": 767.986, "poly_t": 88.3501, "poly_trans_t": 0.03195, "aby_online_t": 12.83, "aby_setup_t": 152.56, "aby_total_t": 165.39, "aby_baseot_t": 3113.09, "total_t": 5017.64, "nobase_t": 1620.17, "poly_d_rs": [0, 30304], "oprf_d_rs": [83297, 16944], "aby_online_d_rs": [29000, 29000], "aby_setup_d_rs": [1228843, 1228843], "aby_total_d_rs": [1257843, 1257843], "aby_baseot_d_rs": [67159124, 67159124], "total_d_rs": [1341140, 1305091], "nobase_d_rs": [18446744073643733559, 18446744073643680683]}, "c_output": {"result": 0, "hashing_t": 1.416, "oprf_t": 757.965, "poly_t": 29.939, "poly_trans_t": 75.757, "aby_online_t": 14.474, "aby_setup_t": 152.834, "aby_total_t": 167.308, "aby_baseot_t": 3117.63, "total_t": 5018.42, "nobase_t": 1173.55, "poly_d_rs": [30304, 0], "oprf_d_rs": [16944, 83297], "aby_online_d_rs": [29000, 29000], "aby_setup_d_rs": [1228843, 1228843], "aby_total_d_rs": [1257843, 1257843], "aby_baseot_d_rs": [67159124, 67159115], "total_d_rs": [1305091, 1341140], "nobase_d_rs": [18446744073643680683, 18446744073643733568]}, "batch": "NetworkDebugging_LAN"}