{"setup": "desktop-app", "repeat": 39, "parameters": {"client_neles": 1024, "server_neles": 1024, "epsilon": 1.27, "server_ip": "192.168.0.2", "port": 7777, "threads": 1, "threshold": 0, "n_fun": 3, "payload_bl": 2, "fun_type": 0, "overlap": 25, "nmegabins": 4, "poly_size": 947, "bit_len": 60}, "s_output": {"result": 0, "hashing_t": 1.30612, "oprf_t": 706.355, "poly_t": 83.9123, "poly_trans_t": 0.036578, "aby_online_t": 12.068, "aby_setup_t": 150.266, "aby_total_t": 162.334, "aby_baseot_t": 3053.74, "total_t": 4885.56, "nobase_t": 1546.52, "poly_d_rs": [0, 30304], "oprf_d_rs": [83297, 16944], "aby_online_d_rs": [28991, 29000], "aby_setup_d_rs": [1228852, 1228843], "aby_total_d_rs": [1257843, 1257843], "aby_baseot_d_rs": [67159124, 67159124], "total_d_rs": [1341140, 1305091], "nobase_d_rs": [18446744073643733559, 18446744073643680683]}, "c_output": {"result": 0, "hashing_t": 1.432, "oprf_t": 693.05, "poly_t": 28.119, "poly_trans_t": 73.088, "aby_online_t": 12.344, "aby_setup_t": 150.128, "aby_total_t": 162.472, "aby_baseot_t": 3058.2, "total_t": 4884.69, "nobase_t": 1162.13, "poly_d_rs": [30304, 0], "oprf_d_rs": [16944, 83297], "aby_online_d_rs": [29000, 28991], "aby_setup_d_rs": [1228843, 1228843], "aby_total_d_rs": [1257843, 1257834], "aby_baseot_d_rs": [67159124, 67159116], "total_d_rs": [1305091, 1341131], "nobase_d_rs": [18446744073643680683, 18446744073643733558]}, "batch": "NetworkDebugging_LAN"}