{"setup": "desktop-app", "repeat": 13, "parameters": {"client_neles": 1024, "server_neles": 1024, "epsilon": 1.27, "server_ip": "192.168.0.2", "port": 7777, "threads": 1, "threshold": 0, "n_fun": 3, "payload_bl": 2, "fun_type": 0, "overlap": 25, "nmegabins": 4, "poly_size": 947, "bit_len": 60}, "s_output": {"result": 0, "hashing_t": 4.18457, "oprf_t": 762.692, "poly_t": 88.3947, "poly_trans_t": 0.046863, "aby_online_t": 15.682, "aby_setup_t": 154.84, "aby_total_t": 170.522, "aby_baseot_t": 3030.48, "total_t": 4932.19, "nobase_t": 1592.79, "poly_d_rs": [0, 30304], "oprf_d_rs": [83297, 16944], "aby_online_d_rs": [28991, 29000], "aby_setup_d_rs": [1228852, 1228843], "aby_total_d_rs": [1257843, 1257843], "aby_baseot_d_rs": [67159124, 67159124], "total_d_rs": [1341140, 1305091], "nobase_d_rs": [18446744073643733559, 18446744073643680683]}, "c_output": {"result": 0, "hashing_t": 6.717, "oprf_t": 743.286, "poly_t": 26.475, "poly_trans_t": 63.559, "aby_online_t": 16.027, "aby_setup_t": 155.106, "aby_total_t": 171.133, "aby_baseot_t": 3034.54, "total_t": 4930.5, "nobase_t": 1195.31, "poly_d_rs": [30304, 0], "oprf_d_rs": [16944, 83297], "aby_online_d_rs": [29000, 28991], "aby_setup_d_rs": [1228843, 1228843], "aby_total_d_rs": [1257843, 1257834], "aby_baseot_d_rs": [67159124, 67159124], "total_d_rs": [1305091, 1341131], "nobase_d_rs": [18446744073643680683, 18446744073643733550]}, "batch": "NetworkDebugging_LAN"}