{"setup": "desktop-app", "repeat": 20, "parameters": {"client_neles": 1024, "server_neles": 1024, "epsilon": 1.27, "server_ip": "192.168.0.2", "port": 7777, "threads": 1, "threshold": 0, "n_fun": 3, "payload_bl": 2, "fun_type": 0, "overlap": 25, "nmegabins": 4, "poly_size": 947, "bit_len": 60}, "s_output": {"result": 0, "hashing_t": 2.75261, "oprf_t": 777.201, "poly_t": 102.785, "poly_trans_t": 0.030062, "aby_online_t": 13.445, "aby_setup_t": 145.74, "aby_total_t": 159.185, "aby_baseot_t": 3030.39, "total_t": 4910.3, "nobase_t": 1546.06, "poly_d_rs": [0, 30304], "oprf_d_rs": [83297, 16944], "aby_online_d_rs": [28991, 28991], "aby_setup_d_rs": [1228852, 1228843], "aby_total_d_rs": [1257843, 1257834], "aby_baseot_d_rs": [67159124, 67159124], "total_d_rs": [1341140, 1305082], "nobase_d_rs": [18446744073643733559, 18446744073643680674]}, "c_output": {"result": 0, "hashing_t": 3.661, "oprf_t": 763.924, "poly_t": 17.659, "poly_trans_t": 85.198, "aby_online_t": 16.814, "aby_setup_t": 145.246, "aby_total_t": 162.06, "aby_baseot_t": 3035.26, "total_t": 4912.41, "nobase_t": 1145.78, "poly_d_rs": [30304, 0], "oprf_d_rs": [16944, 83297], "aby_online_d_rs": [29000, 29009], "aby_setup_d_rs": [1228843, 1228834], "aby_total_d_rs": [1257843, 1257843], "aby_baseot_d_rs": [67159124, 67159116], "total_d_rs": [1305091, 1341140], "nobase_d_rs": [18446744073643680683, 18446744073643733567]}, "batch": "NetworkDebugging_LAN"}