{"setup": "desktop-app", "repeat": 49, "parameters": {"client_neles": 1024, "server_neles": 1024, "epsilon": 1.27, "server_ip": "192.168.0.2", "port": 7777, "threads": 1, "threshold": 0, "n_fun": 3, "payload_bl": 2, "fun_type": 0, "overlap": 25, "nmegabins": 4, "poly_size": 947, "bit_len": 60}, "s_output": {"result": 0, "hashing_t": 1.74542, "oprf_t": 735.381, "poly_t": 83.4999, "poly_trans_t": 0.031755, "aby_online_t": 17.818, "aby_setup_t": 133.882, "aby_total_t": 151.7, "aby_baseot_t": 3129.44, "total_t": 4986.11, "nobase_t": 1510.86, "poly_d_rs": [0, 30304], "oprf_d_rs": [83297, 16944], "aby_online_d_rs": [28991, 29000], "aby_setup_d_rs": [1228852, 1228843], "aby_total_d_rs": [1257843, 1257843], "aby_baseot_d_rs": [67159124, 67159124], "total_d_rs": [1341140, 1305091], "nobase_d_rs": [18446744073643733559, 18446744073643680683]}, "c_output": {"result": 0, "hashing_t": 1.382, "oprf_t": 722.768, "poly_t": 24.579, "poly_trans_t": 69.431, "aby_online_t": 18.099, "aby_setup_t": 134.097, "aby_total_t": 152.196, "aby_baseot_t": 3133.8, "total_t": 4983.77, "nobase_t": 1158.36, "poly_d_rs": [30304, 0], "oprf_d_rs": [16944, 83297], "aby_online_d_rs": [29000, 28991], "aby_setup_d_rs": [1228843, 1228843], "aby_total_d_rs": [1257843, 1257834], "aby_baseot_d_rs": [67159124, 67159116], "total_d_rs": [1305091, 1341131], "nobase_d_rs": [18446744073643680683, 18446744073643733558]}, "batch": "NetworkDebugging_LAN"}