{"setup": "desktop-app", "repeat": 45, "parameters": {"client_neles": 1024, "server_neles": 1024, "epsilon": 1.27, "server_ip": "192.168.0.2", "port": 7777, "threads": 1, "threshold": 0, "n_fun": 3, "payload_bl": 2, "fun_type": 0, "overlap": 25, "nmegabins": 4, "poly_size": 947, "bit_len": 60}, "s_output": {"result": 0, "hashing_t": 3.68191, "oprf_t": 758.48, "poly_t": 97.4096, "poly_trans_t": 0.023391, "aby_online_t": 14.801, "aby_setup_t": 153.21, "aby_total_t": 168.011, "aby_baseot_t": 2999.52, "total_t": 4897.45, "nobase_t": 1609.42, "poly_d_rs": [0, 30304], "oprf_d_rs": [83297, 16944], "aby_online_d_rs": [28991, 29000], "aby_setup_d_rs": [1228852, 1228843], "aby_total_d_rs": [1257843, 1257843], "aby_baseot_d_rs": [67159124, 67159124], "total_d_rs": [1341140, 1305091], "nobase_d_rs": [18446744073643733559, 18446744073643680683]}, "c_output": {"result": 0, "hashing_t": 1.284, "oprf_t": 739.554, "poly_t": 28.756, "poly_trans_t": 75.551, "aby_online_t": 15.11, "aby_setup_t": 152.942, "aby_total_t": 168.052, "aby_baseot_t": 3000.07, "total_t": 4897.11, "nobase_t": 1172.69, "poly_d_rs": [30304, 0], "oprf_d_rs": [16944, 83297], "aby_online_d_rs": [29000, 28991], "aby_setup_d_rs": [1228843, 1228843], "aby_total_d_rs": [1257843, 1257834], "aby_baseot_d_rs": [67159124, 67159116], "total_d_rs": [1305091, 1341131], "nobase_d_rs": [18446744073643680683, 18446744073643733558]}, "batch": "NetworkDebugging_LAN"}