{"setup": "desktop-app", "repeat": 34, "parameters": {"client_neles": 1024, "server_neles": 1024, "epsilon": 1.27, "server_ip": "192.168.0.2", "port": 7777, "threads": 1, "threshold": 0, "n_fun": 3, "payload_bl": 2, "fun_type": 0, "overlap": 25, "nmegabins": 4, "poly_size": 947, "bit_len": 60}, "s_output": {"result": 0, "hashing_t": 1.11645, "oprf_t": 733.849, "poly_t": 101.644, "poly_trans_t": 0.036394, "aby_online_t": 13.395, "aby_setup_t": 133.335, "aby_total_t": 146.73, "aby_baseot_t": 3152.26, "total_t": 5016.37, "nobase_t": 1566.06, "poly_d_rs": [0, 30304], "oprf_d_rs": [83297, 16944], "aby_online_d_rs": [28991, 29000], "aby_setup_d_rs": [1228852, 1228843], "aby_total_d_rs": [1257843, 1257843], "aby_baseot_d_rs": [67159124, 67159124], "total_d_rs": [1341140, 1305091], "nobase_d_rs": [18446744073643733559, 18446744073643680683]}, "c_output": {"result": 0, "hashing_t": 2.546, "oprf_t": 720.046, "poly_t": 31.1, "poly_trans_t": 86.689, "aby_online_t": 14.027, "aby_setup_t": 132.825, "aby_total_t": 146.852, "aby_baseot_t": 3156.77, "total_t": 5015.64, "nobase_t": 1169.17, "poly_d_rs": [30304, 0], "oprf_d_rs": [16944, 83297], "aby_online_d_rs": [29000, 28991], "aby_setup_d_rs": [1228843, 1228843], "aby_total_d_rs": [1257843, 1257834], "aby_baseot_d_rs": [67159124, 67159116], "total_d_rs": [1305091, 1341131], "nobase_d_rs": [18446744073643680683, 18446744073643733558]}, "batch": "NetworkDebugging_LAN"}