{"setup": "desktop-app", "repeat": 24, "parameters": {"client_neles": 1024, "server_neles": 1024, "epsilon": 1.27, "server_ip": "192.168.0.2", "port": 7777, "threads": 1, "threshold": 0, "n_fun": 3, "payload_bl": 2, "fun_type": 0, "overlap": 25, "nmegabins": 4, "poly_size": 947, "bit_len": 60}, "s_output": {"result": 0, "hashing_t": 3.58351, "oprf_t": 700.261, "poly_t": 113.285, "poly_trans_t": 0.030238, "aby_online_t": 14.167, "aby_setup_t": 151.94, "aby_total_t": 166.107, "aby_baseot_t": 3537.32, "total_t": 5405.27, "nobase_t": 1580.46, "poly_d_rs": [0, 30304], "oprf_d_rs": [83297, 16944], "aby_online_d_rs": [28991, 29000], "aby_setup_d_rs": [1228852, 1228843], "aby_total_d_rs": [1257843, 1257843], "aby_baseot_d_rs": [67159124, 67159124], "total_d_rs": [1341140, 1305091], "nobase_d_rs": [18446744073643733559, 18446744073643680683]}, "c_output": {"result": 0, "hashing_t": 1.082, "oprf_t": 684.095, "poly_t": 34.709, "poly_trans_t": 83.975, "aby_online_t": 14.532, "aby_setup_t": 151.739, "aby_total_t": 166.271, "aby_baseot_t": 3541.57, "total_t": 5404.66, "nobase_t": 1211.74, "poly_d_rs": [30304, 0], "oprf_d_rs": [16944, 83297], "aby_online_d_rs": [29000, 28991], "aby_setup_d_rs": [1228843, 1228843], "aby_total_d_rs": [1257843, 1257834], "aby_baseot_d_rs": [67159124, 67159116], "total_d_rs": [1305091, 1341131], "nobase_d_rs": [18446744073643680683, 18446744073643733558]}, "batch": "NetworkDebugging_LAN"}