{"setup": "desktop-app", "repeat": 10, "parameters": {"client_neles": 1024, "server_neles": 1024, "epsilon": 1.27, "server_ip": "192.168.0.2", "port": 7777, "threads": 1, "threshold": 0, "n_fun": 3, "payload_bl": 2, "fun_type": 0, "overlap": 25, "nmegabins": 4, "poly_size": 947, "bit_len": 60}, "s_output": {"result": 0, "hashing_t": 4.23012, "oprf_t": 786.298, "poly_t": 109.314, "poly_trans_t": 0.037061, "aby_online_t": 18.635, "aby_setup_t": 157.813, "aby_total_t": 176.448, "aby_baseot_t": 3006.19, "total_t": 4971.7, "nobase_t": 1626.86, "poly_d_rs": [0, 30304], "oprf_d_rs": [83297, 16944], "aby_online_d_rs": [19241, 29000], "aby_setup_d_rs": [1238602, 1228843], "aby_total_d_rs": [1257843, 1257843], "aby_baseot_d_rs": [67159124, 67159124], "total_d_rs": [1341140, 1305091], "nobase_d_rs": [18446744073643733559, 18446744073643680683]}, "c_output": {"result": 0, "hashing_t": 2.583, "oprf_t": 781.099, "poly_t": 33.304, "poly_trans_t": 92.171, "aby_online_t": 19.015, "aby_setup_t": 157.295, "aby_total_t": 176.31, "aby_baseot_t": 3009.28, "total_t": 4970.39, "nobase_t": 1214.87, "poly_d_rs": [30304, 0], "oprf_d_rs": [16944, 83297], "aby_online_d_rs": [29000, 29000], "aby_setup_d_rs": [1228843, 1228834], "aby_total_d_rs": [1257843, 1257834], "aby_baseot_d_rs": [67159124, 67159124], "total_d_rs": [1305091, 1341131], "nobase_d_rs": [18446744073643680683, 18446744073643733550]}, "batch": "NetworkDebugging_LAN"}