{"setup": "desktop-app", "repeat": 23, "parameters": {"client_neles": 1024, "server_neles": 1024, "epsilon": 1.27, "server_ip": "192.168.0.2", "port": 7777, "threads": 1, "threshold": 0, "n_fun": 3, "payload_bl": 2, "fun_type": 0, "overlap": 25, "nmegabins": 4, "poly_size": 947, "bit_len": 60}, "s_output": {"result": 0, "hashing_t": 2.60299, "oprf_t": 737.586, "poly_t": 98.854, "poly_trans_t": 0.031186, "aby_online_t": 13.19, "aby_setup_t": 140.359, "aby_total_t": 153.549, "aby_baseot_t": 3117.13, "total_t": 4965.47, "nobase_t": 1543.9, "poly_d_rs": [0, 30304], "oprf_d_rs": [83297, 16944], "aby_online_d_rs": [28991, 29000], "aby_setup_d_rs": [1228852, 1228843], "aby_total_d_rs": [1257843, 1257843], "aby_baseot_d_rs": [67159124, 67159124], "total_d_rs": [1341140, 1305091], "nobase_d_rs": [18446744073643733559, 18446744073643680683]}, "c_output": {"result": 0, "hashing_t": 1.208, "oprf_t": 724.944, "poly_t": 24.01, "poly_trans_t": 85.514, "aby_online_t": 13.691, "aby_setup_t": 140.163, "aby_total_t": 153.854, "aby_baseot_t": 3117.8, "total_t": 4964.92, "nobase_t": 1160.24, "poly_d_rs": [30304, 0], "oprf_d_rs": [16944, 83297], "aby_online_d_rs": [29000, 28991], "aby_setup_d_rs": [1228843, 1228843], "aby_total_d_rs": [1257843, 1257834], "aby_baseot_d_rs": [67159124, 67159116], "total_d_rs": [1305091, 1341131], "nobase_d_rs": [18446744073643680683, 18446744073643733558]}, "batch": "NetworkDebugging_LAN"}