{"setup": "desktop-app", "repeat": 16, "parameters": {"client_neles": 1024, "server_neles": 1024, "epsilon": 1.27, "server_ip": "192.168.0.2", "port": 7777, "threads": 1, "threshold": 0, "n_fun": 3, "payload_bl": 2, "fun_type": 0, "overlap": 25, "nmegabins": 4, "poly_size": 947, "bit_len": 60}, "s_output": {"result": 0, "hashing_t": 4.23893, "oprf_t": 760.741, "poly_t": 89.2691, "poly_trans_t": 0.03002, "aby_online_t": 15.486, "aby_setup_t": 128.85, "aby_total_t": 144.336, "aby_baseot_t": 2976.39, "total_t": 4848.65, "nobase_t": 1560.01, "poly_d_rs": [0, 30304], "oprf_d_rs": [83297, 16944], "aby_online_d_rs": [29000, 29000], "aby_setup_d_rs": [1228843, 1228843], "aby_total_d_rs": [1257843, 1257843], "aby_baseot_d_rs": [67159124, 67159124], "total_d_rs": [1341140, 1305091], "nobase_d_rs": [18446744073643733559, 18446744073643680683]}, "c_output": {"result": 0, "hashing_t": 1.402, "oprf_t": 748.746, "poly_t": 30.616, "poly_trans_t": 75.882, "aby_online_t": 15.564, "aby_setup_t": 128.816, "aby_total_t": 144.38, "aby_baseot_t": 2977.37, "total_t": 4846.5, "nobase_t": 1150.74, "poly_d_rs": [30304, 0], "oprf_d_rs": [16944, 83297], "aby_online_d_rs": [29000, 28991], "aby_setup_d_rs": [1228843, 1228843], "aby_total_d_rs": [1257843, 1257834], "aby_baseot_d_rs": [67159124, 67159116], "total_d_rs": [1305091, 1341131], "nobase_d_rs": [18446744073643680683, 18446744073643733558]}, "batch": "NetworkDebugging_LAN"}