{"setup": "desktop-app", "repeat": 47, "parameters": {"client_neles": 1024, "server_neles": 1024, "epsilon": 1.27, "server_ip": "192.168.0.2", "port": 7777, "threads": 1, "threshold": 0, "n_fun": 3, "payload_bl": 2, "fun_type": 0, "overlap": 25, "nmegabins": 4, "poly_size": 947, "bit_len": 60}, "s_output": {"result": 0, "hashing_t": 4.19232, "oprf_t": 722.86, "poly_t": 106.359, "poly_trans_t": 0.029251, "aby_online_t": 18.672, "aby_setup_t": 118.017, "aby_total_t": 136.689, "aby_baseot_t": 3033.33, "total_t": 4874.6, "nobase_t": 1544.56, "poly_d_rs": [0, 30304], "oprf_d_rs": [83297, 16944], "aby_online_d_rs": [29000, 29000], "aby_setup_d_rs": [1228843, 1228843], "aby_total_d_rs": [1257843, 1257843], "aby_baseot_d_rs": [67159124, 67159124], "total_d_rs": [1341140, 1305091], "nobase_d_rs": [18446744073643733559, 18446744073643680683]}, "c_output": {"result": 0, "hashing_t": 3.623, "oprf_t": 715.227, "poly_t": 22.535, "poly_trans_t": 89.275, "aby_online_t": 17.066, "aby_setup_t": 122.953, "aby_total_t": 140.019, "aby_baseot_t": 3037.28, "total_t": 4876.42, "nobase_t": 1160.82, "poly_d_rs": [30304, 0], "oprf_d_rs": [16944, 83297], "aby_online_d_rs": [19250, 29000], "aby_setup_d_rs": [1238602, 1228852], "aby_total_d_rs": [1257852, 1257852], "aby_baseot_d_rs": [67159124, 67159115], "total_d_rs": [1305100, 1341149], "nobase_d_rs": [18446744073643680692, 18446744073643733577]}, "batch": "NetworkDebugging_LAN"}