{"setup": "desktop-app", "repeat": 42, "parameters": {"client_neles": 1024, "server_neles": 1024, "epsilon": 1.27, "server_ip": "192.168.0.2", "port": 7777, "threads": 1, "threshold": 0, "n_fun": 3, "payload_bl": 2, "fun_type": 0, "overlap": 25, "nmegabins": 4, "poly_size": 947, "bit_len": 60}, "s_output": {"result": 0, "hashing_t": 1.68179, "oprf_t": 710.854, "poly_t": 90.3909, "poly_trans_t": 0.041612, "aby_online_t": 12.376, "aby_setup_t": 152.624, "aby_total_t": 165.0, "aby_baseot_t": 2757.29, "total_t": 4584.91, "nobase_t": 1535.73, "poly_d_rs": [0, 30304], "oprf_d_rs": [83297, 16944], "aby_online_d_rs": [19241, 29000], "aby_setup_d_rs": [1238602, 1228843], "aby_total_d_rs": [1257843, 1257843], "aby_baseot_d_rs": [67159124, 67159124], "total_d_rs": [1341140, 1305091], "nobase_d_rs": [18446744073643733559, 18446744073643680683]}, "c_output": {"result": 0, "hashing_t": 1.368, "oprf_t": 696.283, "poly_t": 20.227, "poly_trans_t": 79.649, "aby_online_t": 13.902, "aby_setup_t": 152.003, "aby_total_t": 165.905, "aby_baseot_t": 2761.83, "total_t": 4585.19, "nobase_t": 1153.83, "poly_d_rs": [30304, 0], "oprf_d_rs": [16944, 83297], "aby_online_d_rs": [29000, 29000], "aby_setup_d_rs": [1228843, 1228843], "aby_total_d_rs": [1257843, 1257843], "aby_baseot_d_rs": [67159124, 67159116], "total_d_rs": [1305091, 1341140], "nobase_d_rs": [18446744073643680683, 18446744073643733567]}, "batch": "NetworkDebugging_LAN"}