{"setup": "desktop-app", "repeat": 41, "parameters": {"client_neles": 1024, "server_neles": 1024, "epsilon": 1.27, "server_ip": "192.168.0.2", "port": 7777, "threads": 1, "threshold": 0, "n_fun": 3, "payload_bl": 2, "fun_type": 0, "overlap": 25, "nmegabins": 4, "poly_size": 947, "bit_len": 60}, "s_output": {"result": 0, "hashing_t": 1.05712, "oprf_t": 715.459, "poly_t": 87.1434, "poly_trans_t": 0.026193, "aby_online_t": 15.414, "aby_setup_t": 128.814, "aby_total_t": 144.228, "aby_baseot_t": 2876.24, "total_t": 4706.08, "nobase_t": 1494.53, "poly_d_rs": [0, 30304], "oprf_d_rs": [83297, 16944], "aby_online_d_rs": [28991, 29000], "aby_setup_d_rs": [1228852, 1228843], "aby_total_d_rs": [1257843, 1257843], "aby_baseot_d_rs": [67159124, 67159124], "total_d_rs": [1341140, 1305091], "nobase_d_rs": [18446744073643733559, 18446744073643680683]}, "c_output": {"result": 0, "hashing_t": 2.025, "oprf_t": 697.437, "poly_t": 31.041, "poly_trans_t": 75.012, "aby_online_t": 15.958, "aby_setup_t": 128.141, "aby_total_t": 144.099, "aby_baseot_t": 2881.17, "total_t": 4701.93, "nobase_t": 1138.99, "poly_d_rs": [30304, 0], "oprf_d_rs": [16944, 83297], "aby_online_d_rs": [29000, 28991], "aby_setup_d_rs": [1228843, 1228843], "aby_total_d_rs": [1257843, 1257834], "aby_baseot_d_rs": [67159124, 67159115], "total_d_rs": [1305091, 1341131], "nobase_d_rs": [18446744073643680683, 18446744073643733559]}, "batch": "NetworkDebugging_LAN"}