{"setup": "desktop-app", "repeat": 3, "parameters": {"client_neles": 1024, "server_neles": 1024, "epsilon": 1.27, "server_ip": "192.168.0.2", "port": 7777, "threads": 1, "threshold": 0, "n_fun": 3, "payload_bl": 2, "fun_type": 0, "overlap": 25, "nmegabins": 4, "poly_size": 947, "bit_len": 60}, "s_output": {"result": 0, "hashing_t": 4.20889, "oprf_t": 737.712, "poly_t": 100.949, "poly_trans_t": 0.03014, "aby_online_t": 17.297, "aby_setup_t": 152.193, "aby_total_t": 169.49, "aby_baseot_t": 3036.33, "total_t": 4907.03, "nobase_t": 1576.03, "poly_d_rs": [0, 30304], "oprf_d_rs": [83297, 16944], "aby_online_d_rs": [19241, 29000], "aby_setup_d_rs": [1238602, 1228843], "aby_total_d_rs": [1257843, 1257843], "aby_baseot_d_rs": [67159124, 67159124], "total_d_rs": [1341140, 1305091], "nobase_d_rs": [18446744073643733559, 18446744073643680683]}, "c_output": {"result": 0, "hashing_t": 2.614, "oprf_t": 728.179, "poly_t": 27.496, "poly_trans_t": 89.129, "aby_online_t": 17.879, "aby_setup_t": 151.862, "aby_total_t": 169.741, "aby_baseot_t": 3040.71, "total_t": 4906.6, "nobase_t": 1169.63, "poly_d_rs": [30304, 0], "oprf_d_rs": [16944, 83297], "aby_online_d_rs": [29000, 28991], "aby_setup_d_rs": [1228843, 1228843], "aby_total_d_rs": [1257843, 1257834], "aby_baseot_d_rs": [67159124, 67159116], "total_d_rs": [1305091, 1341131], "nobase_d_rs": [18446744073643680683, 18446744073643733558]}, "batch": "NetworkDebugging_LAN"}