{"setup": "desktop-app", "repeat": 38, "parameters": {"client_neles": 1024, "server_neles": 1024, "epsilon": 1.27, "server_ip": "192.168.0.2", "port": 7777, "threads": 1, "threshold": 0, "n_fun": 3, "payload_bl": 2, "fun_type": 0, "overlap": 25, "nmegabins": 4, "poly_size": 947, "bit_len": 60}, "s_output": {"result": 0, "hashing_t": 4.28617, "oprf_t": 734.759, "poly_t": 95.7069, "poly_trans_t": 0.029317, "aby_online_t": 11.851, "aby_setup_t": 149.011, "aby_total_t": 160.862, "aby_baseot_t": 2981.4, "total_t": 4847.6, "nobase_t": 1564.94, "poly_d_rs": [0, 30304], "oprf_d_rs": [83297, 16944], "aby_online_d_rs": [28991, 29000], "aby_setup_d_rs": [1228852, 1228843], "aby_total_d_rs": [1257843, 1257843], "aby_baseot_d_rs": [67159124, 67159124], "total_d_rs": [1341140, 1305091], "nobase_d_rs": [18446744073643733559, 18446744073643680683]}, "c_output": {"result": 0, "hashing_t": 1.051, "oprf_t": 727.439, "poly_t": 27.421, "poly_trans_t": 76.361, "aby_online_t": 13.225, "aby_setup_t": 148.931, "aby_total_t": 162.156, "aby_baseot_t": 2982.32, "total_t": 4847.09, "nobase_t": 1172.84, "poly_d_rs": [30304, 0], "oprf_d_rs": [16944, 83297], "aby_online_d_rs": [29000, 29000], "aby_setup_d_rs": [1228843, 1228843], "aby_total_d_rs": [1257843, 1257843], "aby_baseot_d_rs": [67159124, 67159116], "total_d_rs": [1305091, 1341140], "nobase_d_rs": [18446744073643680683, 18446744073643733567]}, "batch": "NetworkDebugging_LAN"}