{"setup": "desktop-app", "repeat": 18, "parameters": {"client_neles": 1024, "server_neles": 1024, "epsilon": 1.27, "server_ip": "192.168.0.2", "port": 7777, "threads": 1, "threshold": 0, "n_fun": 3, "payload_bl": 2, "fun_type": 0, "overlap": 25, "nmegabins": 4, "poly_size": 947, "bit_len": 60}, "s_output": {"result": 0, "hashing_t": 1.10715, "oprf_t": 732.776, "poly_t": 99.0018, "poly_trans_t": 0.025559, "aby_online_t": 11.611, "aby_setup_t": 105.826, "aby_total_t": 117.437, "aby_baseot_t": 2967.74, "total_t": 4799.48, "nobase_t": 1552.87, "poly_d_rs": [0, 30304], "oprf_d_rs": [83297, 16944], "aby_online_d_rs": [28991, 29000], "aby_setup_d_rs": [1228852, 1228843], "aby_total_d_rs": [1257843, 1257843], "aby_baseot_d_rs": [67159124, 67159124], "total_d_rs": [1341140, 1305091], "nobase_d_rs": [18446744073643733559, 18446744073643680683]}, "c_output": {"result": 0, "hashing_t": 1.347, "oprf_t": 709.572, "poly_t": 19.824, "poly_trans_t": 73.911, "aby_online_t": 12.02, "aby_setup_t": 105.647, "aby_total_t": 117.667, "aby_baseot_t": 2971.91, "total_t": 4798.56, "nobase_t": 1149.74, "poly_d_rs": [30304, 0], "oprf_d_rs": [16944, 83297], "aby_online_d_rs": [29000, 28991], "aby_setup_d_rs": [1228843, 1228843], "aby_total_d_rs": [1257843, 1257834], "aby_baseot_d_rs": [67159124, 67159116], "total_d_rs": [1305091, 1341131], "nobase_d_rs": [18446744073643680683, 18446744073643733558]}, "batch": "NetworkDebugging_LAN"}