{"setup": "desktop-app", "repeat": 44, "parameters": {"client_neles": 1024, "server_neles": 1024, "epsilon": 1.27, "server_ip": "192.168.0.2", "port": 7777, "threads": 1, "threshold": 0, "n_fun": 3, "payload_bl": 2, "fun_type": 0, "overlap": 25, "nmegabins": 4, "poly_size": 947, "bit_len": 60}, "s_output": {"result": 0, "hashing_t": 4.14002, "oprf_t": 753.412, "poly_t": 99.721, "poly_trans_t": 0.039704, "aby_online_t": 11.878, "aby_setup_t": 134.878, "aby_total_t": 146.756, "aby_baseot_t": 3022.51, "total_t": 4910.82, "nobase_t": 1586.91, "poly_d_rs": [0, 30304], "oprf_d_rs": [83297, 16944], "aby_online_d_rs": [28991, 29000], "aby_setup_d_rs": [1228852, 1228843], "aby_total_d_rs": [1257843, 1257843], "aby_baseot_d_rs": [67159124, 67159124], "total_d_rs": [1341140, 1305091], "nobase_d_rs": [18446744073643733559, 18446744073643680683]}, "c_output": {"result": 0, "hashing_t": 0.946, "oprf_t": 742.606, "poly_t": 23.924, "poly_trans_t": 89.005, "aby_online_t": 13.366, "aby_setup_t": 134.426, "aby_total_t": 147.792, "aby_baseot_t": 3026.5, "total_t": 4911.45, "nobase_t": 1172.14, "poly_d_rs": [30304, 0], "oprf_d_rs": [16944, 83297], "aby_online_d_rs": [29000, 29000], "aby_setup_d_rs": [1228843, 1228843], "aby_total_d_rs": [1257843, 1257843], "aby_baseot_d_rs": [67159124, 67159115], "total_d_rs": [1305091, 1341140], "nobase_d_rs": [18446744073643680683, 18446744073643733568]}, "batch": "NetworkDebugging_LAN"}