{"setup": "desktop-app", "repeat": 46, "parameters": {"client_neles": 1024, "server_neles": 1024, "epsilon": 1.27, "server_ip": "192.168.0.2", "port": 7777, "threads": 1, "threshold": 0, "n_fun": 3, "payload_bl": 2, "fun_type": 0, "overlap": 25, "nmegabins": 4, "poly_size": 947, "bit_len": 60}, "s_output": {"result": 0, "hashing_t": 1.22666, "oprf_t": 687.096, "poly_t": 95.1918, "poly_trans_t": 0.035556, "aby_online_t": 17.185, "aby_setup_t": 153.635, "aby_total_t": 170.82, "aby_baseot_t": 3250.78, "total_t": 5090.12, "nobase_t": 1561.8, "poly_d_rs": [0, 30304], "oprf_d_rs": [83297, 16944], "aby_online_d_rs": [28991, 29000], "aby_setup_d_rs": [1228852, 1228843], "aby_total_d_rs": [1257843, 1257843], "aby_baseot_d_rs": [67159124, 67159124], "total_d_rs": [1341140, 1305091], "nobase_d_rs": [18446744073643733559, 18446744073643680683]}, "c_output": {"result": 0, "hashing_t": 1.151, "oprf_t": 668.422, "poly_t": 32.532, "poly_trans_t": 69.661, "aby_online_t": 17.067, "aby_setup_t": 153.302, "aby_total_t": 170.369, "aby_baseot_t": 3255.28, "total_t": 5086.58, "nobase_t": 1198.75, "poly_d_rs": [30304, 0], "oprf_d_rs": [16944, 83297], "aby_online_d_rs": [29000, 28991], "aby_setup_d_rs": [1228843, 1228843], "aby_total_d_rs": [1257843, 1257834], "aby_baseot_d_rs": [67159124, 67159116], "total_d_rs": [1305091, 1341131], "nobase_d_rs": [18446744073643680683, 18446744073643733558]}, "batch": "NetworkDebugging_LAN"}