{"setup": "desktop-app", "repeat": 32, "parameters": {"client_neles": 1024, "server_neles": 1024, "epsilon": 1.27, "server_ip": "192.168.0.2", "port": 7777, "threads": 1, "threshold": 0, "n_fun": 3, "payload_bl": 2, "fun_type": 0, "overlap": 25, "nmegabins": 4, "poly_size": 947, "bit_len": 60}, "s_output": {"result": 0, "hashing_t": 1.18756, "oprf_t": 702.613, "poly_t": 88.0719, "poly_trans_t": 0.031178, "aby_online_t": 12.877, "aby_setup_t": 152.896, "aby_total_t": 165.773, "aby_baseot_t": 3025.69, "total_t": 4866.2, "nobase_t": 1558.54, "poly_d_rs": [0, 30304], "oprf_d_rs": [83297, 16944], "aby_online_d_rs": [19241, 29000], "aby_setup_d_rs": [1238602, 1228843], "aby_total_d_rs": [1257843, 1257843], "aby_baseot_d_rs": [67159124, 67159124], "total_d_rs": [1341140, 1305091], "nobase_d_rs": [18446744073643733559, 18446744073643680683]}, "c_output": {"result": 0, "hashing_t": 1.135, "oprf_t": 693.316, "poly_t": 25.904, "poly_trans_t": 69.931, "aby_online_t": 13.423, "aby_setup_t": 152.327, "aby_total_t": 165.75, "aby_baseot_t": 3029.53, "total_t": 4865.07, "nobase_t": 1169.4, "poly_d_rs": [30304, 0], "oprf_d_rs": [16944, 83297], "aby_online_d_rs": [29000, 29000], "aby_setup_d_rs": [1228843, 1228843], "aby_total_d_rs": [1257843, 1257843], "aby_baseot_d_rs": [67159124, 67159116], "total_d_rs": [1305091, 1341140], "nobase_d_rs": [18446744073643680683, 18446744073643733567]}, "batch": "NetworkDebugging_LAN"}