{"setup": "desktop-app", "repeat": 43, "parameters": {"client_neles": 1024, "server_neles": 1024, "epsilon": 1.27, "server_ip": "192.168.0.2", "port": 7777, "threads": 1, "threshold": 0, "n_fun": 3, "payload_bl": 2, "fun_type": 0, "overlap": 25, "nmegabins": 4, "poly_size": 947, "bit_len": 60}, "s_output": {"result": 0, "hashing_t": 1.17506, "oprf_t": 720.57, "poly_t": 95.1205, "poly_trans_t": 0.030049, "aby_online_t": 10.806, "aby_setup_t": 147.665, "aby_total_t": 158.471, "aby_baseot_t": 2778.26, "total_t": 4630.33, "nobase_t": 1574.17, "poly_d_rs": [0, 30304], "oprf_d_rs": [83297, 16944], "aby_online_d_rs": [28991, 29000], "aby_setup_d_rs": [1228852, 1228843], "aby_total_d_rs": [1257843, 1257843], "aby_baseot_d_rs": [67159124, 67159124], "total_d_rs": [1341140, 1305091], "nobase_d_rs": [18446744073643733559, 18446744073643680683]}, "c_output": {"result": 0, "hashing_t": 1.735, "oprf_t": 705.301, "poly_t": 29.702, "poly_trans_t": 86.034, "aby_online_t": 12.199, "aby_setup_t": 147.286, "aby_total_t": 159.485, "aby_baseot_t": 2779.05, "total_t": 4630.47, "nobase_t": 1172.18, "poly_d_rs": [30304, 0], "oprf_d_rs": [16944, 83297], "aby_online_d_rs": [29000, 29000], "aby_setup_d_rs": [1228843, 1228843], "aby_total_d_rs": [1257843, 1257843], "aby_baseot_d_rs": [67159124, 67159116], "total_d_rs": [1305091, 1341140], "nobase_d_rs": [18446744073643680683, 18446744073643733567]}, "batch": "NetworkDebugging_LAN"}