{"setup": "desktop-app", "repeat": 0, "parameters": {"client_neles": 1024, "server_neles": 1024, "epsilon": 1.27, "server_ip": "192.168.0.2", "port": 7777, "threads": 1, "threshold": 0, "n_fun": 3, "payload_bl": 2, "fun_type": 0, "overlap": 25, "nmegabins": 4, "poly_size": 947, "bit_len": 60}, "s_output": {"result": 0, "hashing_t": 4.10709, "oprf_t": 714.796, "poly_t": 105.471, "poly_trans_t": 0.029702, "aby_online_t": 13.815, "aby_setup_t": 143.428, "aby_total_t": 157.243, "aby_baseot_t": 3057.09, "total_t": 4898.08, "nobase_t": 1550.08, "poly_d_rs": [0, 30304], "oprf_d_rs": [83297, 16944], "aby_online_d_rs": [28991, 29000], "aby_setup_d_rs": [1228852, 1228843], "aby_total_d_rs": [1257843, 1257843], "aby_baseot_d_rs": [67159124, 67159124], "total_d_rs": [1341140, 1305091], "nobase_d_rs": [18446744073643733559, 18446744073643680683]}, "c_output": {"result": 0, "hashing_t": 1.339, "oprf_t": 705.063, "poly_t": 26.45, "poly_trans_t": 92.912, "aby_online_t": 14.717, "aby_setup_t": 143.162, "aby_total_t": 157.879, "aby_baseot_t": 3061.57, "total_t": 4895.95, "nobase_t": 1160.35, "poly_d_rs": [30304, 0], "oprf_d_rs": [16944, 83297], "aby_online_d_rs": [29000, 29000], "aby_setup_d_rs": [1228843, 1228843], "aby_total_d_rs": [1257843, 1257843], "aby_baseot_d_rs": [67159124, 67159115], "total_d_rs": [1305091, 1341140], "nobase_d_rs": [18446744073643680683, 18446744073643733568]}, "batch": "NetworkDebugging_LAN"}