{"setup": "desktop-app", "repeat": 8, "parameters": {"client_neles": 1024, "server_neles": 1024, "epsilon": 1.27, "server_ip": "192.168.0.2", "port": 7777, "threads": 1, "threshold": 0, "n_fun": 3, "payload_bl": 2, "fun_type": 0, "overlap": 25, "nmegabins": 4, "poly_size": 947, "bit_len": 60}, "network": {"type": "WAN", "delay": 29, "loss": 0.1, "rateDown": 50, "rateUp": 50}, "s_output": {"rtt": 38.055, "throughput": 3.29148, "result": 0, "hashing_t": 4.21973, "oprf_t": 1029.94, "poly_t": 122.227, "poly_trans_t": 0.039938, "aby_online_t": 164.997, "aby_setup_t": 819.898, "aby_total_t": 984.895, "aby_baseot_t": 40103.9, "total_t": 43247.2, "nobase_t": 2711.48, "poly_d_rs": [0, 30304], "oprf_d_rs": [83297, 16944], "aby_online_d_rs": [28991, 28991], "aby_setup_d_rs": [1228843, 1228843], "aby_total_d_rs": [1257834, 1257834], "aby_baseot_d_rs": [67159133, 67159124], "total_d_rs": [1341131, 1305082], "nobase_d_rs": [18446744073643733541, 18446744073643680674]}, "c_output": {"result": 0, "hashing_t": 1.092, "oprf_t": 942.454, "poly_t": 28.508, "poly_trans_t": 116.894, "aby_online_t": 202.742, "aby_setup_t": 843.68, "aby_total_t": 1046.42, "aby_baseot_t": 40083.6, "total_t": 43282.5, "nobase_t": 2318.59, "poly_d_rs": [30304, 0], "oprf_d_rs": [16944, 83297], "aby_online_d_rs": [29001, 29000], "aby_setup_d_rs": [1228843, 1228843], "aby_total_d_rs": [1257844, 1257843], "aby_baseot_d_rs": [67159124, 67159124], "total_d_rs": [1305092, 1341140], "nobase_d_rs": [18446744073643680684, 18446744073643733559]}, "batch": "NetworkDebugging_NewRTTs_WAN5"}