{"setup": "desktop-app", "repeat": 1, "parameters": {"client_neles": 1024, "server_neles": 1024, "epsilon": 1.27, "server_ip": "192.168.0.2", "port": 7777, "threads": 1, "threshold": 0, "n_fun": 3, "payload_bl": 2, "fun_type": 0, "overlap": 25, "nmegabins": 4, "poly_size": 947, "bit_len": 60}, "network": {"type": "WAN", "delay": 29, "loss": 0.1, "rateDown": 50, "rateUp": 50}, "s_output": {"rtt": 39.2449, "throughput": 3.52019, "result": 0, "hashing_t": 1.30446, "oprf_t": 900.175, "poly_t": 119.759, "poly_trans_t": 0.044966, "aby_online_t": 166.082, "aby_setup_t": 1008.78, "aby_total_t": 1174.87, "aby_baseot_t": 37587.5, "total_t": 40781.3, "nobase_t": 2794.85, "poly_d_rs": [0, 30304], "oprf_d_rs": [83297, 16944], "aby_online_d_rs": [29000, 29000], "aby_setup_d_rs": [1228843, 1228843], "aby_total_d_rs": [1257843, 1257843], "aby_baseot_d_rs": [67159124, 67159124], "total_d_rs": [1341140, 1305091], "nobase_d_rs": [18446744073643733559, 18446744073643680683]}, "c_output": {"result": 0, "hashing_t": 2.615, "oprf_t": 812.368, "poly_t": 29.48, "poly_trans_t": 155.225, "aby_online_t": 188.29, "aby_setup_t": 1028.97, "aby_total_t": 1217.26, "aby_baseot_t": 37576.4, "total_t": 40802.3, "nobase_t": 2478.57, "poly_d_rs": [30304, 0], "oprf_d_rs": [16944, 83297], "aby_online_d_rs": [29000, 29000], "aby_setup_d_rs": [1228843, 1228843], "aby_total_d_rs": [1257843, 1257843], "aby_baseot_d_rs": [67159124, 67159124], "total_d_rs": [1305091, 1341140], "nobase_d_rs": [18446744073643680683, 18446744073643733559]}, "batch": "NetworkDebugging_NewRTTs_WAN5"}