{"setup": "desktop-app", "repeat": 7, "parameters": {"client_neles": 1024, "server_neles": 1024, "epsilon": 1.27, "server_ip": "192.168.0.2", "port": 7777, "threads": 1, "threshold": 0, "n_fun": 3, "payload_bl": 2, "fun_type": 0, "overlap": 25, "nmegabins": 4, "poly_size": 947, "bit_len": 60}, "network": {"type": "WAN", "delay": 29, "loss": 0.1, "rateDown": 50, "rateUp": 50}, "s_output": {"rtt": 39.5556, "throughput": 2.68529, "result": 0, "hashing_t": 4.497, "oprf_t": 1012.11, "poly_t": 147.322, "poly_trans_t": 0.038712, "aby_online_t": 158.783, "aby_setup_t": 980.922, "aby_total_t": 1139.7, "aby_baseot_t": 48878.8, "total_t": 52164.7, "nobase_t": 2835.65, "poly_d_rs": [0, 30304], "oprf_d_rs": [83297, 16944], "aby_online_d_rs": [28999, 28991], "aby_setup_d_rs": [1228844, 1228843], "aby_total_d_rs": [1257843, 1257834], "aby_baseot_d_rs": [67159124, 67159124], "total_d_rs": [1341140, 1305082], "nobase_d_rs": [18446744073643733559, 18446744073643680674]}, "c_output": {"result": 0, "hashing_t": 2.6, "oprf_t": 923.971, "poly_t": 24.429, "poly_trans_t": 133.079, "aby_online_t": 190.62, "aby_setup_t": 984.84, "aby_total_t": 1175.46, "aby_baseot_t": 48885.1, "total_t": 52197.2, "nobase_t": 2457.12, "poly_d_rs": [30304, 0], "oprf_d_rs": [16944, 83297], "aby_online_d_rs": [29000, 29000], "aby_setup_d_rs": [1228843, 1228843], "aby_total_d_rs": [1257843, 1257843], "aby_baseot_d_rs": [67159124, 67159124], "total_d_rs": [1305091, 1341140], "nobase_d_rs": [18446744073643680683, 18446744073643733559]}, "batch": "NetworkDebugging_NewRTTs_WAN5"}