{"setup": "desktop-app", "repeat": 3, "parameters": {"client_neles": 1024, "server_neles": 1024, "epsilon": 1.27, "server_ip": "192.168.0.2", "port": 7777, "threads": 1, "threshold": 0, "n_fun": 3, "payload_bl": 2, "fun_type": 0, "overlap": 25, "nmegabins": 4, "poly_size": 947, "bit_len": 60}, "network": {"type": "WAN", "delay": 29, "loss": 0.1, "rateDown": 50, "rateUp": 50}, "s_output": {"rtt": 38.7749, "throughput": 2.76185, "result": 0, "hashing_t": 1.07162, "oprf_t": 999.891, "poly_t": 176.98, "poly_trans_t": 0.026733, "aby_online_t": 155.982, "aby_setup_t": 779.179, "aby_total_t": 935.161, "aby_baseot_t": 47536.8, "total_t": 50665.3, "nobase_t": 2702.15, "poly_d_rs": [0, 30304], "oprf_d_rs": [83297, 16944], "aby_online_d_rs": [29000, 29000], "aby_setup_d_rs": [1228843, 1228843], "aby_total_d_rs": [1257843, 1257843], "aby_baseot_d_rs": [67159124, 67159124], "total_d_rs": [1341140, 1305091], "nobase_d_rs": [18446744073643733559, 18446744073643680683]}, "c_output": {"result": 0, "hashing_t": 2.586, "oprf_t": 905.537, "poly_t": 28.337, "poly_trans_t": 163.168, "aby_online_t": 192.198, "aby_setup_t": 782.146, "aby_total_t": 974.344, "aby_baseot_t": 47541.7, "total_t": 50695.5, "nobase_t": 2314.02, "poly_d_rs": [30304, 0], "oprf_d_rs": [16944, 83297], "aby_online_d_rs": [29009, 29000], "aby_setup_d_rs": [1228843, 1228843], "aby_total_d_rs": [1257852, 1257843], "aby_baseot_d_rs": [67159124, 67159124], "total_d_rs": [1305100, 1341140], "nobase_d_rs": [18446744073643680692, 18446744073643733559]}, "batch": "NetworkDebugging_NewRTTs_WAN5"}