{"setup": "desktop-app", "repeat": 5, "parameters": {"client_neles": 1024, "server_neles": 1024, "epsilon": 1.27, "server_ip": "192.168.0.2", "port": 7777, "threads": 1, "threshold": 0, "n_fun": 3, "payload_bl": 2, "fun_type": 0, "overlap": 25, "nmegabins": 4, "poly_size": 947, "bit_len": 60}, "network": {"type": "WAN", "delay": 29, "loss": 0.1, "rateDown": 50, "rateUp": 50}, "s_output": {"rtt": 39.9121, "throughput": 3.37306, "result": 0, "hashing_t": 4.34048, "oprf_t": 1010.43, "poly_t": 133.27, "poly_trans_t": 0.032766, "aby_online_t": 159.365, "aby_setup_t": 1436.38, "aby_total_t": 1595.74, "aby_baseot_t": 39163.7, "total_t": 42915.7, "nobase_t": 3327.78, "poly_d_rs": [0, 30304], "oprf_d_rs": [83297, 16944], "aby_online_d_rs": [29000, 28991], "aby_setup_d_rs": [1228843, 1228843], "aby_total_d_rs": [1257843, 1257834], "aby_baseot_d_rs": [67159124, 67159124], "total_d_rs": [1341140, 1305082], "nobase_d_rs": [18446744073643733559, 18446744073643680674]}, "c_output": {"result": 0, "hashing_t": 2.715, "oprf_t": 919.119, "poly_t": 27.954, "poly_trans_t": 125.253, "aby_online_t": 194.312, "aby_setup_t": 1440.35, "aby_total_t": 1634.66, "aby_baseot_t": 39168.1, "total_t": 42953.3, "nobase_t": 2928.95, "poly_d_rs": [30304, 0], "oprf_d_rs": [16944, 83297], "aby_online_d_rs": [29000, 29000], "aby_setup_d_rs": [1228843, 1228843], "aby_total_d_rs": [1257843, 1257843], "aby_baseot_d_rs": [67159124, 67159124], "total_d_rs": [1305091, 1341140], "nobase_d_rs": [18446744073643680683, 18446744073643733559]}, "batch": "NetworkDebugging_NewRTTs_WAN5"}