{"setup": "desktop-app", "repeat": 0, "parameters": {"client_neles": 1024, "server_neles": 1024, "epsilon": 1.27, "server_ip": "192.168.0.2", "port": 7777, "threads": 1, "threshold": 0, "n_fun": 3, "payload_bl": 2, "fun_type": 0, "overlap": 25, "nmegabins": 4, "poly_size": 947, "bit_len": 60}, "network": {"type": "WAN", "delay": 29, "loss": 0.1, "rateDown": 50, "rateUp": 50}, "s_output": {"rtt": 38.0015, "throughput": 3.83337, "result": 0, "hashing_t": 1.13265, "oprf_t": 938.541, "poly_t": 132.473, "poly_trans_t": 0.032273, "aby_online_t": 198.889, "aby_setup_t": 823.575, "aby_total_t": 1022.46, "aby_baseot_t": 34620.4, "total_t": 37733.0, "nobase_t": 2676.26, "poly_d_rs": [0, 30304], "oprf_d_rs": [83297, 16944], "aby_online_d_rs": [28999, 29000], "aby_setup_d_rs": [1228844, 1228843], "aby_total_d_rs": [1257843, 1257843], "aby_baseot_d_rs": [67159124, 67159124], "total_d_rs": [1341140, 1305091], "nobase_d_rs": [18446744073643733559, 18446744073643680683]}, "c_output": {"result": 0, "hashing_t": 2.397, "oprf_t": 848.837, "poly_t": 21.608, "poly_trans_t": 136.654, "aby_online_t": 192.557, "aby_setup_t": 843.696, "aby_total_t": 1036.25, "aby_baseot_t": 34611.0, "total_t": 37725.9, "nobase_t": 2347.86, "poly_d_rs": [30304, 0], "oprf_d_rs": [16944, 83297], "aby_online_d_rs": [29000, 29000], "aby_setup_d_rs": [1228843, 1228843], "aby_total_d_rs": [1257843, 1257843], "aby_baseot_d_rs": [67159124, 67159124], "total_d_rs": [1305091, 1341140], "nobase_d_rs": [18446744073643680683, 18446744073643733559]}, "batch": "NetworkDebugging_NewRTTs_WAN5"}