{"setup": "desktop-app", "repeat": 9, "parameters": {"client_neles": 1024, "server_neles": 1024, "epsilon": 1.27, "server_ip": "192.168.0.2", "port": 7777, "threads": 1, "threshold": 0, "n_fun": 3, "payload_bl": 2, "fun_type": 0, "overlap": 25, "nmegabins": 4, "poly_size": 947, "bit_len": 60}, "network": {"type": "WAN", "delay": 29, "loss": 0.1, "rateDown": 50, "rateUp": 50}, "s_output": {"rtt": 39.7268, "throughput": 2.7688, "result": 0, "hashing_t": 4.60116, "oprf_t": 1014.59, "poly_t": 129.784, "poly_trans_t": 0.034187, "aby_online_t": 163.464, "aby_setup_t": 974.974, "aby_total_t": 1138.44, "aby_baseot_t": 47484.5, "total_t": 50791.6, "nobase_t": 2877.16, "poly_d_rs": [0, 30304], "oprf_d_rs": [83297, 16944], "aby_online_d_rs": [28999, 28991], "aby_setup_d_rs": [1228844, 1228843], "aby_total_d_rs": [1257843, 1257834], "aby_baseot_d_rs": [67159124, 67159124], "total_d_rs": [1341140, 1305082], "nobase_d_rs": [18446744073643733559, 18446744073643680674]}, "c_output": {"result": 0, "hashing_t": 2.566, "oprf_t": 922.39, "poly_t": 33.117, "poly_trans_t": 129.83, "aby_online_t": 199.592, "aby_setup_t": 986.465, "aby_total_t": 1186.06, "aby_baseot_t": 47480.2, "total_t": 50828.3, "nobase_t": 2486.15, "poly_d_rs": [30304, 0], "oprf_d_rs": [16944, 83297], "aby_online_d_rs": [29000, 29000], "aby_setup_d_rs": [1228843, 1228843], "aby_total_d_rs": [1257843, 1257843], "aby_baseot_d_rs": [67159124, 67159124], "total_d_rs": [1305091, 1341140], "nobase_d_rs": [18446744073643680683, 18446744073643733559]}, "batch": "NetworkDebugging_NewRTTs_WAN5"}