{"setup": "desktop-app", "repeat": 2, "parameters": {"client_neles": 1024, "server_neles": 1024, "epsilon": 1.27, "server_ip": "192.168.0.2", "port": 7777, "threads": 1, "threshold": 0, "n_fun": 3, "payload_bl": 2, "fun_type": 0, "overlap": 25, "nmegabins": 4, "poly_size": 947, "bit_len": 60}, "network": {"type": "WAN", "delay": 29, "loss": 0.1, "rateDown": 50, "rateUp": 50}, "s_output": {"rtt": 38.4748, "throughput": 2.90517, "result": 0, "hashing_t": 1.15257, "oprf_t": 990.285, "poly_t": 148.281, "poly_trans_t": 0.025447, "aby_online_t": 160.418, "aby_setup_t": 1372.61, "aby_total_t": 1533.02, "aby_baseot_t": 45310.8, "total_t": 48985.3, "nobase_t": 3225.23, "poly_d_rs": [0, 30304], "oprf_d_rs": [83297, 16944], "aby_online_d_rs": [28991, 28991], "aby_setup_d_rs": [1228852, 1228843], "aby_total_d_rs": [1257843, 1257834], "aby_baseot_d_rs": [67159124, 67159124], "total_d_rs": [1341140, 1305082], "nobase_d_rs": [18446744073643733559, 18446744073643680674]}, "c_output": {"result": 0, "hashing_t": 1.039, "oprf_t": 897.324, "poly_t": 28.634, "poly_trans_t": 122.491, "aby_online_t": 191.247, "aby_setup_t": 1389.45, "aby_total_t": 1580.7, "aby_baseot_t": 45301.1, "total_t": 49017.5, "nobase_t": 2884.99, "poly_d_rs": [30304, 0], "oprf_d_rs": [16944, 83297], "aby_online_d_rs": [29000, 29009], "aby_setup_d_rs": [1228843, 1228834], "aby_total_d_rs": [1257843, 1257843], "aby_baseot_d_rs": [67159124, 67159124], "total_d_rs": [1305091, 1341140], "nobase_d_rs": [18446744073643680683, 18446744073643733559]}, "batch": "NetworkDebugging_NewRTTs_WAN5"}