{"setup": "desktop-app", "repeat": 4, "parameters": {"client_neles": 1024, "server_neles": 1024, "epsilon": 1.27, "server_ip": "192.168.0.2", "port": 7777, "threads": 1, "threshold": 0, "n_fun": 3, "payload_bl": 2, "fun_type": 0, "overlap": 25, "nmegabins": 4, "poly_size": 947, "bit_len": 60}, "network": {"type": "WAN", "delay": 29, "loss": 0.1, "rateDown": 50, "rateUp": 50}, "s_output": {"rtt": 40.0101, "throughput": 2.83092, "result": 0, "hashing_t": 1.01938, "oprf_t": 956.299, "poly_t": 172.496, "poly_trans_t": 0.025903, "aby_online_t": 160.885, "aby_setup_t": 985.196, "aby_total_t": 1146.08, "aby_baseot_t": 46443.3, "total_t": 49735.9, "nobase_t": 2878.88, "poly_d_rs": [0, 30304], "oprf_d_rs": [83297, 16944], "aby_online_d_rs": [29000, 29000], "aby_setup_d_rs": [1228843, 1228843], "aby_total_d_rs": [1257843, 1257843], "aby_baseot_d_rs": [67159124, 67159124], "total_d_rs": [1341140, 1305091], "nobase_d_rs": [18446744073643733559, 18446744073643680683]}, "c_output": {"result": 0, "hashing_t": 2.611, "oprf_t": 860.321, "poly_t": 24.729, "poly_trans_t": 167.582, "aby_online_t": 191.667, "aby_setup_t": 1001.32, "aby_total_t": 1192.99, "aby_baseot_t": 46437.7, "total_t": 49767.8, "nobase_t": 2530.66, "poly_d_rs": [30304, 0], "oprf_d_rs": [16944, 83297], "aby_online_d_rs": [29009, 29000], "aby_setup_d_rs": [1228843, 1228843], "aby_total_d_rs": [1257852, 1257843], "aby_baseot_d_rs": [67159124, 67159124], "total_d_rs": [1305100, 1341140], "nobase_d_rs": [18446744073643680692, 18446744073643733559]}, "batch": "NetworkDebugging_NewRTTs_WAN5"}