{"setup": "desktop-app", "repeat": 6, "parameters": {"client_neles": 1024, "server_neles": 1024, "epsilon": 1.27, "server_ip": "192.168.0.2", "port": 7777, "threads": 1, "threshold": 0, "n_fun": 3, "payload_bl": 2, "fun_type": 0, "overlap": 25, "nmegabins": 4, "poly_size": 947, "bit_len": 60}, "network": {"type": "WAN", "delay": 29, "loss": 0.1, "rateDown": 50, "rateUp": 50}, "s_output": {"rtt": 38.3741, "throughput": 2.99638, "result": 0, "hashing_t": 4.04513, "oprf_t": 1045.77, "poly_t": 154.05, "poly_trans_t": 0.037362, "aby_online_t": 158.601, "aby_setup_t": 1004.75, "aby_total_t": 1163.35, "aby_baseot_t": 43939.3, "total_t": 47289.6, "nobase_t": 2893.34, "poly_d_rs": [0, 30304], "oprf_d_rs": [83297, 16944], "aby_online_d_rs": [28991, 29000], "aby_setup_d_rs": [1228843, 1228843], "aby_total_d_rs": [1257834, 1257843], "aby_baseot_d_rs": [67159125, 67159124], "total_d_rs": [1341131, 1305091], "nobase_d_rs": [18446744073643733549, 18446744073643680683]}, "c_output": {"result": 0, "hashing_t": 1.333, "oprf_t": 960.144, "poly_t": 26.898, "poly_trans_t": 143.747, "aby_online_t": 196.577, "aby_setup_t": 1022.17, "aby_total_t": 1218.75, "aby_baseot_t": 43927.0, "total_t": 47319.7, "nobase_t": 2490.66, "poly_d_rs": [30304, 0], "oprf_d_rs": [16944, 83297], "aby_online_d_rs": [29000, 29000], "aby_setup_d_rs": [1228843, 1228843], "aby_total_d_rs": [1257843, 1257843], "aby_baseot_d_rs": [67159124, 67159124], "total_d_rs": [1305091, 1341140], "nobase_d_rs": [18446744073643680683, 18446744073643733559]}, "batch": "NetworkDebugging_NewRTTs_WAN5"}