{"setup": "desktop-app", "repeat": 1, "parameters": {"client_neles": 1024, "server_neles": 1024, "epsilon": 1.27, "server_ip": "192.168.0.2", "port": 7777, "threads": 1, "threshold": 0, "n_fun": 3, "payload_bl": 2, "fun_type": 0, "overlap": 25, "nmegabins": 4, "poly_size": 947, "bit_len": 60}, "network": {"type": "LTE", "delay": 70, "loss": null, "rateDown": null, "rateUp": null}, "s_output": {"rtt": 79.1262, "throughput": 13.8915, "result": 0, "hashing_t": 1.06599, "oprf_t": 1204.31, "poly_t": 158.885, "poly_trans_t": 0.038496, "aby_online_t": 332.453, "aby_setup_t": 654.93, "aby_total_t": 987.383, "aby_baseot_t": 11036.1, "total_t": 14534.0, "nobase_t": 2922.45, "poly_d_rs": [0, 30304], "oprf_d_rs": [83297, 16944], "aby_online_d_rs": [29001, 29000], "aby_setup_d_rs": [1228843, 1228843], "aby_total_d_rs": [1257844, 1257843], "aby_baseot_d_rs": [67159124, 67159124], "total_d_rs": [1341141, 1305091], "nobase_d_rs": [18446744073643733560, 18446744073643680683]}, "c_output": {"result": 0, "hashing_t": 1.885, "oprf_t": 1040.74, "poly_t": 30.505, "poly_trans_t": 201.858, "aby_online_t": 332.762, "aby_setup_t": 651.773, "aby_total_t": 984.535, "aby_baseot_t": 11041.6, "total_t": 14525.3, "nobase_t": 2528.94, "poly_d_rs": [30304, 0], "oprf_d_rs": [16944, 83297], "aby_online_d_rs": [29000, 29000], "aby_setup_d_rs": [1228843, 1228834], "aby_total_d_rs": [1257843, 1257834], "aby_baseot_d_rs": [67159124, 67159124], "total_d_rs": [1305091, 1341131], "nobase_d_rs": [18446744073643680683, 18446744073643733550]}, "batch": "NetworkDebugging_LTEonlyRTT70"}