{"setup": "desktop-app", "repeat": 35, "parameters": {"client_neles": 1024, "server_neles": 1024, "epsilon": 1.27, "server_ip": "192.168.0.2", "port": 7777, "threads": 1, "threshold": 0, "n_fun": 3, "payload_bl": 2, "fun_type": 0, "overlap": 25, "nmegabins": 4, "poly_size": 947, "bit_len": 60}, "network": {"type": "LTE", "delay": 70, "loss": null, "rateDown": null, "rateUp": null}, "s_output": {"rtt": 80.5891, "throughput": 13.5101, "result": 0, "hashing_t": 1.08628, "oprf_t": 1255.02, "poly_t": 162.397, "poly_trans_t": 0.042523, "aby_online_t": 319.975, "aby_setup_t": 617.285, "aby_total_t": 937.26, "aby_baseot_t": 11321.3, "total_t": 14847.0, "nobase_t": 2923.7, "poly_d_rs": [0, 30304], "oprf_d_rs": [83297, 16944], "aby_online_d_rs": [28999, 29000], "aby_setup_d_rs": [1228844, 1228843], "aby_total_d_rs": [1257843, 1257843], "aby_baseot_d_rs": [67159124, 67159124], "total_d_rs": [1341140, 1305091], "nobase_d_rs": [18446744073643733559, 18446744073643680683]}, "c_output": {"result": 0, "hashing_t": 9.108, "oprf_t": 1093.95, "poly_t": 32.11, "poly_trans_t": 213.222, "aby_online_t": 318.173, "aby_setup_t": 620.327, "aby_total_t": 938.5, "aby_baseot_t": 11324.0, "total_t": 14843.9, "nobase_t": 2541.14, "poly_d_rs": [30304, 0], "oprf_d_rs": [16944, 83297], "aby_online_d_rs": [29000, 28991], "aby_setup_d_rs": [1228843, 1228843], "aby_total_d_rs": [1257843, 1257834], "aby_baseot_d_rs": [67159124, 67159124], "total_d_rs": [1305091, 1341131], "nobase_d_rs": [18446744073643680683, 18446744073643733550]}, "batch": "NetworkDebugging_LTEonlyRTT70"}