{"setup": "desktop-app", "repeat": 43, "parameters": {"client_neles": 1024, "server_neles": 1024, "epsilon": 1.27, "server_ip": "192.168.0.2", "port": 7777, "threads": 1, "threshold": 0, "n_fun": 3, "payload_bl": 2, "fun_type": 0, "overlap": 25, "nmegabins": 4, "poly_size": 947, "bit_len": 60}, "network": {"type": "LTE", "delay": 70, "loss": null, "rateDown": null, "rateUp": null}, "s_output": {"rtt": 78.4032, "throughput": 12.7411, "result": 0, "hashing_t": 4.10195, "oprf_t": 1231.02, "poly_t": 174.489, "poly_trans_t": 0.025404, "aby_online_t": 325.726, "aby_setup_t": 595.295, "aby_total_t": 921.021, "aby_baseot_t": 11852.5, "total_t": 15322.7, "nobase_t": 2846.09, "poly_d_rs": [0, 30304], "oprf_d_rs": [83297, 16944], "aby_online_d_rs": [28991, 29000], "aby_setup_d_rs": [1228852, 1228843], "aby_total_d_rs": [1257843, 1257843], "aby_baseot_d_rs": [67159124, 67159124], "total_d_rs": [1341140, 1305091], "nobase_d_rs": [18446744073643733559, 18446744073643680683]}, "c_output": {"result": 0, "hashing_t": 2.605, "oprf_t": 1065.47, "poly_t": 24.066, "poly_trans_t": 222.229, "aby_online_t": 326.368, "aby_setup_t": 596.222, "aby_total_t": 922.59, "aby_baseot_t": 11855.5, "total_t": 15315.1, "nobase_t": 2499.04, "poly_d_rs": [30304, 0], "oprf_d_rs": [16944, 83297], "aby_online_d_rs": [29000, 29009], "aby_setup_d_rs": [1228843, 1228834], "aby_total_d_rs": [1257843, 1257843], "aby_baseot_d_rs": [67159124, 67159124], "total_d_rs": [1305091, 1341140], "nobase_d_rs": [18446744073643680683, 18446744073643733559]}, "batch": "NetworkDebugging_LTEonlyRTT70"}