{"setup": "desktop-app", "repeat": 11, "parameters": {"client_neles": 1024, "server_neles": 1024, "epsilon": 1.27, "server_ip": "192.168.0.2", "port": 7777, "threads": 1, "threshold": 0, "n_fun": 3, "payload_bl": 2, "fun_type": 0, "overlap": 25, "nmegabins": 4, "poly_size": 947, "bit_len": 60}, "network": {"type": "LTE", "delay": 70, "loss": null, "rateDown": null, "rateUp": null}, "s_output": {"rtt": 79.4541, "throughput": 14.2345, "result": 0, "hashing_t": 0.981647, "oprf_t": 1274.54, "poly_t": 170.946, "poly_trans_t": 0.049809, "aby_online_t": 328.082, "aby_setup_t": 609.055, "aby_total_t": 937.137, "aby_baseot_t": 10822.3, "total_t": 14377.9, "nobase_t": 2940.02, "poly_d_rs": [0, 30304], "oprf_d_rs": [83297, 16944], "aby_online_d_rs": [29000, 29000], "aby_setup_d_rs": [1228843, 1228843], "aby_total_d_rs": [1257843, 1257843], "aby_baseot_d_rs": [67159124, 67159124], "total_d_rs": [1341140, 1305091], "nobase_d_rs": [18446744073643733559, 18446744073643680683]}, "c_output": {"result": 0, "hashing_t": 2.7, "oprf_t": 1110.88, "poly_t": 29.491, "poly_trans_t": 208.802, "aby_online_t": 328.583, "aby_setup_t": 608.368, "aby_total_t": 936.951, "aby_baseot_t": 10823.6, "total_t": 14369.1, "nobase_t": 2543.11, "poly_d_rs": [30304, 0], "oprf_d_rs": [16944, 83297], "aby_online_d_rs": [29000, 29000], "aby_setup_d_rs": [1228843, 1228852], "aby_total_d_rs": [1257843, 1257852], "aby_baseot_d_rs": [67159124, 67159115], "total_d_rs": [1305091, 1341149], "nobase_d_rs": [18446744073643680683, 18446744073643733577]}, "batch": "NetworkDebugging_LTEonlyRTT70"}