{"setup": "desktop-app", "repeat": 19, "parameters": {"client_neles": 1024, "server_neles": 1024, "epsilon": 1.27, "server_ip": "192.168.0.2", "port": 7777, "threads": 1, "threshold": 0, "n_fun": 3, "payload_bl": 2, "fun_type": 0, "overlap": 25, "nmegabins": 4, "poly_size": 947, "bit_len": 60}, "network": {"type": "LTE", "delay": 70, "loss": null, "rateDown": null, "rateUp": null}, "s_output": {"rtt": 77.8359, "throughput": 13.5564, "result": 0, "hashing_t": 1.08122, "oprf_t": 1269.06, "poly_t": 186.799, "poly_trans_t": 0.021289, "aby_online_t": 320.917, "aby_setup_t": 590.619, "aby_total_t": 911.536, "aby_baseot_t": 11245.8, "total_t": 14774.8, "nobase_t": 2939.03, "poly_d_rs": [0, 30304], "oprf_d_rs": [83297, 16944], "aby_online_d_rs": [19241, 29000], "aby_setup_d_rs": [1238602, 1228843], "aby_total_d_rs": [1257843, 1257843], "aby_baseot_d_rs": [67159124, 67159124], "total_d_rs": [1341140, 1305091], "nobase_d_rs": [18446744073643733559, 18446744073643680683]}, "c_output": {"result": 0, "hashing_t": 2.752, "oprf_t": 1105.02, "poly_t": 28.018, "poly_trans_t": 234.472, "aby_online_t": 324.481, "aby_setup_t": 591.618, "aby_total_t": 916.099, "aby_baseot_t": 11246.5, "total_t": 14769.6, "nobase_t": 2535.46, "poly_d_rs": [30304, 0], "oprf_d_rs": [16944, 83297], "aby_online_d_rs": [29000, 28991], "aby_setup_d_rs": [1228843, 1228843], "aby_total_d_rs": [1257843, 1257834], "aby_baseot_d_rs": [67159124, 67159124], "total_d_rs": [1305091, 1341131], "nobase_d_rs": [18446744073643680683, 18446744073643733550]}, "batch": "NetworkDebugging_LTEonlyRTT70"}