{"setup": "desktop-app", "repeat": 9, "parameters": {"client_neles": 1024, "server_neles": 1024, "epsilon": 1.27, "server_ip": "192.168.0.2", "port": 7777, "threads": 1, "threshold": 0, "n_fun": 3, "payload_bl": 2, "fun_type": 0, "overlap": 25, "nmegabins": 4, "poly_size": 947, "bit_len": 60}, "network": {"type": "LTE", "delay": 70, "loss": null, "rateDown": null, "rateUp": null}, "s_output": {"rtt": 79.8364, "throughput": 12.0884, "result": 0, "hashing_t": 0.966686, "oprf_t": 1203.84, "poly_t": 152.455, "poly_trans_t": 0.037569, "aby_online_t": 335.673, "aby_setup_t": 582.31, "aby_total_t": 917.983, "aby_baseot_t": 12429.7, "total_t": 15852.5, "nobase_t": 2821.7, "poly_d_rs": [0, 30304], "oprf_d_rs": [83297, 16944], "aby_online_d_rs": [29000, 29000], "aby_setup_d_rs": [1228843, 1228843], "aby_total_d_rs": [1257843, 1257843], "aby_baseot_d_rs": [67159124, 67159124], "total_d_rs": [1341140, 1305091], "nobase_d_rs": [18446744073643733559, 18446744073643680683]}, "c_output": {"result": 0, "hashing_t": 2.595, "oprf_t": 1052.42, "poly_t": 31.505, "poly_trans_t": 201.465, "aby_online_t": 328.791, "aby_setup_t": 589.155, "aby_total_t": 917.946, "aby_baseot_t": 12429.8, "total_t": 15847.2, "nobase_t": 2461.83, "poly_d_rs": [30304, 0], "oprf_d_rs": [16944, 83297], "aby_online_d_rs": [29000, 28991], "aby_setup_d_rs": [1228843, 1228843], "aby_total_d_rs": [1257843, 1257834], "aby_baseot_d_rs": [67159124, 67159124], "total_d_rs": [1305091, 1341131], "nobase_d_rs": [18446744073643680683, 18446744073643733550]}, "batch": "NetworkDebugging_LTEonlyRTT70"}