{"setup": "desktop-app", "repeat": 0, "parameters": {"client_neles": 1024, "server_neles": 1024, "epsilon": 1.27, "server_ip": "192.168.0.2", "port": 7777, "threads": 1, "threshold": 0, "n_fun": 3, "payload_bl": 2, "fun_type": 0, "overlap": 25, "nmegabins": 4, "poly_size": 947, "bit_len": 60}, "network": {"type": "LTE", "delay": 70, "loss": null, "rateDown": null, "rateUp": null}, "s_output": {"rtt": 79.7231, "throughput": 14.0934, "result": 0, "hashing_t": 1.58181, "oprf_t": 1188.94, "poly_t": 191.987, "poly_trans_t": 0.025215, "aby_online_t": 322.554, "aby_setup_t": 590.868, "aby_total_t": 913.422, "aby_baseot_t": 10912.9, "total_t": 14370.7, "nobase_t": 2881.04, "poly_d_rs": [0, 30304], "oprf_d_rs": [83297, 16944], "aby_online_d_rs": [29000, 29000], "aby_setup_d_rs": [1228843, 1228843], "aby_total_d_rs": [1257843, 1257843], "aby_baseot_d_rs": [67159124, 67159124], "total_d_rs": [1341140, 1305091], "nobase_d_rs": [18446744073643733559, 18446744073643680683]}, "c_output": {"result": 0, "hashing_t": 2.657, "oprf_t": 1029.72, "poly_t": 30.024, "poly_trans_t": 230.315, "aby_online_t": 327.224, "aby_setup_t": 591.332, "aby_total_t": 918.556, "aby_baseot_t": 10915.1, "total_t": 14369.6, "nobase_t": 2538.64, "poly_d_rs": [30304, 0], "oprf_d_rs": [16944, 83297], "aby_online_d_rs": [29000, 28991], "aby_setup_d_rs": [1228843, 1228843], "aby_total_d_rs": [1257843, 1257834], "aby_baseot_d_rs": [67159124, 67159124], "total_d_rs": [1305091, 1341131], "nobase_d_rs": [18446744073643680683, 18446744073643733550]}, "batch": "NetworkDebugging_LTEonlyRTT70"}