{"setup": "desktop-app", "repeat": 47, "parameters": {"client_neles": 1024, "server_neles": 1024, "epsilon": 1.27, "server_ip": "192.168.0.2", "port": 7777, "threads": 1, "threshold": 0, "n_fun": 3, "payload_bl": 2, "fun_type": 0, "overlap": 25, "nmegabins": 4, "poly_size": 947, "bit_len": 60}, "network": {"type": "LTE", "delay": 70, "loss": null, "rateDown": null, "rateUp": null}, "s_output": {"rtt": 79.1409, "throughput": 11.8593, "result": 0, "hashing_t": 2.02526, "oprf_t": 1238.0, "poly_t": 184.188, "poly_trans_t": 0.024427, "aby_online_t": 328.769, "aby_setup_t": 597.459, "aby_total_t": 926.228, "aby_baseot_t": 12616.8, "total_t": 16123.5, "nobase_t": 2918.25, "poly_d_rs": [0, 30304], "oprf_d_rs": [83297, 16944], "aby_online_d_rs": [29000, 29000], "aby_setup_d_rs": [1228852, 1228843], "aby_total_d_rs": [1257852, 1257843], "aby_baseot_d_rs": [67159124, 67159124], "total_d_rs": [1341149, 1305091], "nobase_d_rs": [18446744073643733568, 18446744073643680683]}, "c_output": {"result": 0, "hashing_t": 2.623, "oprf_t": 1076.55, "poly_t": 24.059, "poly_trans_t": 224.891, "aby_online_t": 326.221, "aby_setup_t": 596.135, "aby_total_t": 922.356, "aby_baseot_t": 12619.6, "total_t": 16115.6, "nobase_t": 2535.26, "poly_d_rs": [30304, 0], "oprf_d_rs": [16944, 83297], "aby_online_d_rs": [29000, 28991], "aby_setup_d_rs": [1228843, 1228843], "aby_total_d_rs": [1257843, 1257834], "aby_baseot_d_rs": [67159124, 67159124], "total_d_rs": [1305091, 1341131], "nobase_d_rs": [18446744073643680683, 18446744073643733550]}, "batch": "NetworkDebugging_LTEonlyRTT70"}