{"setup": "desktop-app", "repeat": 3, "parameters": {"client_neles": 1024, "server_neles": 1024, "epsilon": 1.27, "server_ip": "192.168.0.2", "port": 7777, "threads": 1, "threshold": 0, "n_fun": 3, "payload_bl": 2, "fun_type": 0, "overlap": 25, "nmegabins": 4, "poly_size": 947, "bit_len": 60}, "network": {"type": "LTE", "delay": 70, "loss": null, "rateDown": null, "rateUp": null}, "s_output": {"rtt": 80.9641, "throughput": 13.3775, "result": 0, "hashing_t": 0.955656, "oprf_t": 1264.65, "poly_t": 140.937, "poly_trans_t": 0.036367, "aby_online_t": 306.568, "aby_setup_t": 594.307, "aby_total_t": 900.875, "aby_baseot_t": 11419.7, "total_t": 14865.5, "nobase_t": 2842.04, "poly_d_rs": [0, 30304], "oprf_d_rs": [83297, 16944], "aby_online_d_rs": [19241, 29000], "aby_setup_d_rs": [1238602, 1228843], "aby_total_d_rs": [1257843, 1257843], "aby_baseot_d_rs": [67159124, 67159124], "total_d_rs": [1341140, 1305091], "nobase_d_rs": [18446744073643733559, 18446744073643680683]}, "c_output": {"result": 0, "hashing_t": 2.675, "oprf_t": 1102.21, "poly_t": 27.135, "poly_trans_t": 201.689, "aby_online_t": 325.812, "aby_setup_t": 593.431, "aby_total_t": 919.243, "aby_baseot_t": 11423.2, "total_t": 14875.8, "nobase_t": 2456.21, "poly_d_rs": [30304, 0], "oprf_d_rs": [16944, 83297], "aby_online_d_rs": [29000, 29000], "aby_setup_d_rs": [1228843, 1228843], "aby_total_d_rs": [1257843, 1257843], "aby_baseot_d_rs": [67159124, 67159124], "total_d_rs": [1305091, 1341140], "nobase_d_rs": [18446744073643680683, 18446744073643733559]}, "batch": "NetworkDebugging_LTEonlyRTT70"}