{"setup": "desktop-app", "repeat": 10, "parameters": {"client_neles": 1024, "server_neles": 1024, "epsilon": 1.27, "server_ip": "192.168.0.2", "port": 7777, "threads": 1, "threshold": 0, "n_fun": 3, "payload_bl": 2, "fun_type": 0, "overlap": 25, "nmegabins": 4, "poly_size": 947, "bit_len": 60}, "network": {"type": "LTE", "delay": 70, "loss": null, "rateDown": null, "rateUp": null}, "s_output": {"rtt": 78.5573, "throughput": 13.0566, "result": 0, "hashing_t": 1.05211, "oprf_t": 1221.67, "poly_t": 138.71, "poly_trans_t": 0.032033, "aby_online_t": 316.822, "aby_setup_t": 557.661, "aby_total_t": 874.483, "aby_baseot_t": 11613.2, "total_t": 15014.3, "nobase_t": 2800.35, "poly_d_rs": [0, 30304], "oprf_d_rs": [83297, 16944], "aby_online_d_rs": [19241, 29000], "aby_setup_d_rs": [1238602, 1228843], "aby_total_d_rs": [1257843, 1257843], "aby_baseot_d_rs": [67159124, 67159124], "total_d_rs": [1341140, 1305091], "nobase_d_rs": [18446744073643733559, 18446744073643680683]}, "c_output": {"result": 0, "hashing_t": 2.637, "oprf_t": 1054.75, "poly_t": 30.925, "poly_trans_t": 203.436, "aby_online_t": 328.208, "aby_setup_t": 552.993, "aby_total_t": 881.201, "aby_baseot_t": 11622.7, "total_t": 15016.5, "nobase_t": 2439.4, "poly_d_rs": [30304, 0], "oprf_d_rs": [16944, 83297], "aby_online_d_rs": [29000, 29000], "aby_setup_d_rs": [1228843, 1228843], "aby_total_d_rs": [1257843, 1257843], "aby_baseot_d_rs": [67159124, 67159124], "total_d_rs": [1305091, 1341140], "nobase_d_rs": [18446744073643680683, 18446744073643733559]}, "batch": "NetworkDebugging_LTEonlyRTT70"}