{"setup": "desktop-app", "repeat": 28, "parameters": {"client_neles": 1024, "server_neles": 1024, "epsilon": 1.27, "server_ip": "192.168.0.2", "port": 7777, "threads": 1, "threshold": 0, "n_fun": 3, "payload_bl": 2, "fun_type": 0, "overlap": 25, "nmegabins": 4, "poly_size": 947, "bit_len": 60}, "network": {"type": "LTE", "delay": 70, "loss": null, "rateDown": null, "rateUp": null}, "s_output": {"rtt": 79.3501, "throughput": 12.9405, "result": 0, "hashing_t": 1.01803, "oprf_t": 1275.77, "poly_t": 267.522, "poly_trans_t": 0.024345, "aby_online_t": 330.919, "aby_setup_t": 588.164, "aby_total_t": 919.083, "aby_baseot_t": 11710.6, "total_t": 15340.3, "nobase_t": 3017.55, "poly_d_rs": [0, 30304], "oprf_d_rs": [83297, 16944], "aby_online_d_rs": [29000, 29000], "aby_setup_d_rs": [1228843, 1228843], "aby_total_d_rs": [1257843, 1257843], "aby_baseot_d_rs": [67159124, 67159124], "total_d_rs": [1341140, 1305091], "nobase_d_rs": [18446744073643733559, 18446744073643680683]}, "c_output": {"result": 0, "hashing_t": 2.627, "oprf_t": 1113.29, "poly_t": 31.534, "poly_trans_t": 235.827, "aby_online_t": 327.273, "aby_setup_t": 583.777, "aby_total_t": 911.05, "aby_baseot_t": 11723.1, "total_t": 15331.2, "nobase_t": 2603.66, "poly_d_rs": [30304, 0], "oprf_d_rs": [16944, 83297], "aby_online_d_rs": [29000, 28991], "aby_setup_d_rs": [1228843, 1228843], "aby_total_d_rs": [1257843, 1257834], "aby_baseot_d_rs": [67159124, 67159124], "total_d_rs": [1305091, 1341131], "nobase_d_rs": [18446744073643680683, 18446744073643733550]}, "batch": "NetworkDebugging_LTEonlyRTT70"}