{"setup": "desktop-app", "repeat": 18, "parameters": {"client_neles": 1024, "server_neles": 1024, "epsilon": 1.27, "server_ip": "192.168.0.2", "port": 7777, "threads": 1, "threshold": 0, "n_fun": 3, "payload_bl": 2, "fun_type": 0, "overlap": 25, "nmegabins": 4, "poly_size": 947, "bit_len": 60}, "network": {"type": "LTE", "delay": 70, "loss": null, "rateDown": null, "rateUp": null}, "s_output": {"rtt": 79.0174, "throughput": 13.0615, "result": 0, "hashing_t": 4.66873, "oprf_t": 1318.06, "poly_t": 197.731, "poly_trans_t": 0.030337, "aby_online_t": 331.109, "aby_setup_t": 592.734, "aby_total_t": 923.843, "aby_baseot_t": 11623.5, "total_t": 15222.3, "nobase_t": 2951.85, "poly_d_rs": [0, 30304], "oprf_d_rs": [83297, 16944], "aby_online_d_rs": [29000, 29000], "aby_setup_d_rs": [1228843, 1228843], "aby_total_d_rs": [1257843, 1257843], "aby_baseot_d_rs": [67159124, 67159124], "total_d_rs": [1341140, 1305091], "nobase_d_rs": [18446744073643733559, 18446744073643680683]}, "c_output": {"result": 0, "hashing_t": 1.38, "oprf_t": 1171.17, "poly_t": 27.403, "poly_trans_t": 232.254, "aby_online_t": 326.199, "aby_setup_t": 601.051, "aby_total_t": 927.25, "aby_baseot_t": 11625.9, "total_t": 15219.0, "nobase_t": 2535.03, "poly_d_rs": [30304, 0], "oprf_d_rs": [16944, 83297], "aby_online_d_rs": [29000, 29000], "aby_setup_d_rs": [1228843, 1228843], "aby_total_d_rs": [1257843, 1257843], "aby_baseot_d_rs": [67159124, 67159124], "total_d_rs": [1305091, 1341140], "nobase_d_rs": [18446744073643680683, 18446744073643733559]}, "batch": "NetworkDebugging_LTEonlyRTT70"}