{"setup": "desktop-app", "repeat": 24, "parameters": {"client_neles": 1024, "server_neles": 1024, "epsilon": 1.27, "server_ip": "192.168.0.2", "port": 7777, "threads": 1, "threshold": 0, "n_fun": 3, "payload_bl": 2, "fun_type": 0, "overlap": 25, "nmegabins": 4, "poly_size": 947, "bit_len": 60}, "network": {"type": "LTE", "delay": 70, "loss": null, "rateDown": null, "rateUp": null}, "s_output": {"rtt": 78.9019, "throughput": 13.4332, "result": 0, "hashing_t": 1.08326, "oprf_t": 1269.46, "poly_t": 197.196, "poly_trans_t": 0.024951, "aby_online_t": 320.056, "aby_setup_t": 598.054, "aby_total_t": 918.11, "aby_baseot_t": 11349.3, "total_t": 14883.4, "nobase_t": 2930.13, "poly_d_rs": [0, 30304], "oprf_d_rs": [83297, 16944], "aby_online_d_rs": [28991, 29000], "aby_setup_d_rs": [1228852, 1228843], "aby_total_d_rs": [1257843, 1257843], "aby_baseot_d_rs": [67159124, 67159124], "total_d_rs": [1341140, 1305091], "nobase_d_rs": [18446744073643733559, 18446744073643680683]}, "c_output": {"result": 0, "hashing_t": 2.627, "oprf_t": 1113.45, "poly_t": 23.452, "poly_trans_t": 239.368, "aby_online_t": 325.757, "aby_setup_t": 598.34, "aby_total_t": 924.097, "aby_baseot_t": 11355.8, "total_t": 14882.8, "nobase_t": 2532.05, "poly_d_rs": [30304, 0], "oprf_d_rs": [16944, 83297], "aby_online_d_rs": [29000, 29000], "aby_setup_d_rs": [1228843, 1228852], "aby_total_d_rs": [1257843, 1257852], "aby_baseot_d_rs": [67159124, 67159115], "total_d_rs": [1305091, 1341149], "nobase_d_rs": [18446744073643680683, 18446744073643733577]}, "batch": "NetworkDebugging_LTEonlyRTT70"}