{"setup": "desktop-app", "repeat": 46, "parameters": {"client_neles": 1024, "server_neles": 1024, "epsilon": 1.27, "server_ip": "192.168.0.2", "port": 7777, "threads": 1, "threshold": 0, "n_fun": 3, "payload_bl": 2, "fun_type": 0, "overlap": 25, "nmegabins": 4, "poly_size": 947, "bit_len": 60}, "network": {"type": "LTE", "delay": 70, "loss": null, "rateDown": null, "rateUp": null}, "s_output": {"rtt": 79.4918, "throughput": 14.0243, "result": 0, "hashing_t": 4.11589, "oprf_t": 1298.23, "poly_t": 180.086, "poly_trans_t": 0.023372, "aby_online_t": 315.379, "aby_setup_t": 583.791, "aby_total_t": 899.17, "aby_baseot_t": 10950.1, "total_t": 14492.5, "nobase_t": 2884.48, "poly_d_rs": [0, 30304], "oprf_d_rs": [83297, 16944], "aby_online_d_rs": [29000, 29000], "aby_setup_d_rs": [1228843, 1228843], "aby_total_d_rs": [1257843, 1257843], "aby_baseot_d_rs": [67159124, 67159124], "total_d_rs": [1341140, 1305091], "nobase_d_rs": [18446744073643733559, 18446744073643680683]}, "c_output": {"result": 0, "hashing_t": 2.659, "oprf_t": 1140.06, "poly_t": 26.062, "poly_trans_t": 236.23, "aby_online_t": 329.325, "aby_setup_t": 581.306, "aby_total_t": 910.631, "aby_baseot_t": 10961.3, "total_t": 14503.7, "nobase_t": 2513.21, "poly_d_rs": [30304, 0], "oprf_d_rs": [16944, 83297], "aby_online_d_rs": [29000, 29000], "aby_setup_d_rs": [1228843, 1228852], "aby_total_d_rs": [1257843, 1257852], "aby_baseot_d_rs": [67159124, 67159115], "total_d_rs": [1305091, 1341149], "nobase_d_rs": [18446744073643680683, 18446744073643733577]}, "batch": "NetworkDebugging_LTEonlyRTT70"}