{"setup": "desktop-app", "repeat": 22, "parameters": {"client_neles": 1024, "server_neles": 1024, "epsilon": 1.27, "server_ip": "192.168.0.2", "port": 7777, "threads": 1, "threshold": 0, "n_fun": 3, "payload_bl": 2, "fun_type": 0, "overlap": 25, "nmegabins": 4, "poly_size": 947, "bit_len": 60}, "network": {"type": "LTE", "delay": 70, "loss": null, "rateDown": null, "rateUp": null}, "s_output": {"rtt": 79.6195, "throughput": 11.7675, "result": 0, "hashing_t": 0.97762, "oprf_t": 1215.98, "poly_t": 190.269, "poly_trans_t": 0.025174, "aby_online_t": 326.06, "aby_setup_t": 582.818, "aby_total_t": 908.878, "aby_baseot_t": 12715.2, "total_t": 16206.0, "nobase_t": 2898.65, "poly_d_rs": [0, 30304], "oprf_d_rs": [83297, 16944], "aby_online_d_rs": [29000, 29000], "aby_setup_d_rs": [1228843, 1228843], "aby_total_d_rs": [1257843, 1257843], "aby_baseot_d_rs": [67159124, 67159124], "total_d_rs": [1341140, 1305091], "nobase_d_rs": [18446744073643733559, 18446744073643680683]}, "c_output": {"result": 0, "hashing_t": 1.391, "oprf_t": 1060.15, "poly_t": 33.632, "poly_trans_t": 241.009, "aby_online_t": 326.315, "aby_setup_t": 586.748, "aby_total_t": 913.063, "aby_baseot_t": 12721.4, "total_t": 16204.7, "nobase_t": 2529.84, "poly_d_rs": [30304, 0], "oprf_d_rs": [16944, 83297], "aby_online_d_rs": [29000, 28991], "aby_setup_d_rs": [1228843, 1228843], "aby_total_d_rs": [1257843, 1257834], "aby_baseot_d_rs": [67159124, 67159124], "total_d_rs": [1305091, 1341131], "nobase_d_rs": [18446744073643680683, 18446744073643733550]}, "batch": "NetworkDebugging_LTEonlyRTT70"}