{"setup": "desktop-app", "repeat": 2, "parameters": {"client_neles": 1024, "server_neles": 1024, "epsilon": 1.27, "server_ip": "192.168.0.2", "port": 7777, "threads": 1, "threshold": 0, "n_fun": 3, "payload_bl": 2, "fun_type": 0, "overlap": 25, "nmegabins": 4, "poly_size": 947, "bit_len": 60}, "network": {"type": "LTE", "delay": 70, "loss": null, "rateDown": null, "rateUp": null}, "s_output": {"rtt": 78.8271, "throughput": 13.0765, "result": 0, "hashing_t": 1.10283, "oprf_t": 1240.75, "poly_t": 158.966, "poly_trans_t": 0.025154, "aby_online_t": 328.347, "aby_setup_t": 600.106, "aby_total_t": 928.453, "aby_baseot_t": 11605.1, "total_t": 15078.7, "nobase_t": 2873.85, "poly_d_rs": [0, 30304], "oprf_d_rs": [83297, 16944], "aby_online_d_rs": [29000, 29000], "aby_setup_d_rs": [1228843, 1228843], "aby_total_d_rs": [1257843, 1257843], "aby_baseot_d_rs": [67159124, 67159124], "total_d_rs": [1341140, 1305091], "nobase_d_rs": [18446744073643733559, 18446744073643680683]}, "c_output": {"result": 0, "hashing_t": 2.62, "oprf_t": 1083.14, "poly_t": 31.901, "poly_trans_t": 208.759, "aby_online_t": 330.458, "aby_setup_t": 601.555, "aby_total_t": 932.013, "aby_baseot_t": 11604.0, "total_t": 15075.6, "nobase_t": 2487.22, "poly_d_rs": [30304, 0], "oprf_d_rs": [16944, 83297], "aby_online_d_rs": [29000, 29000], "aby_setup_d_rs": [1228843, 1228843], "aby_total_d_rs": [1257843, 1257843], "aby_baseot_d_rs": [67159124, 67159124], "total_d_rs": [1305091, 1341140], "nobase_d_rs": [18446744073643680683, 18446744073643733559]}, "batch": "NetworkDebugging_LTEonlyRTT70"}