{"setup": "desktop-app", "repeat": 45, "parameters": {"client_neles": 1024, "server_neles": 1024, "epsilon": 1.27, "server_ip": "192.168.0.2", "port": 7777, "threads": 1, "threshold": 0, "n_fun": 3, "payload_bl": 2, "fun_type": 0, "overlap": 25, "nmegabins": 4, "poly_size": 947, "bit_len": 60}, "network": {"type": "LTE", "delay": 70, "loss": null, "rateDown": null, "rateUp": null}, "s_output": {"rtt": 79.2281, "throughput": 13.5507, "result": 0, "hashing_t": 6.61902, "oprf_t": 1337.68, "poly_t": 260.7, "poly_trans_t": 0.024469, "aby_online_t": 310.369, "aby_setup_t": 582.248, "aby_total_t": 892.617, "aby_baseot_t": 11274.0, "total_t": 14927.3, "nobase_t": 2966.99, "poly_d_rs": [0, 30304], "oprf_d_rs": [83297, 16944], "aby_online_d_rs": [29000, 29000], "aby_setup_d_rs": [1228843, 1228843], "aby_total_d_rs": [1257843, 1257843], "aby_baseot_d_rs": [67159124, 67159124], "total_d_rs": [1341140, 1305091], "nobase_d_rs": [18446744073643733559, 18446744073643680683]}, "c_output": {"result": 0, "hashing_t": 2.751, "oprf_t": 1178.45, "poly_t": 24.332, "poly_trans_t": 234.961, "aby_online_t": 331.599, "aby_setup_t": 583.067, "aby_total_t": 914.666, "aby_baseot_t": 11276.2, "total_t": 14944.2, "nobase_t": 2602.51, "poly_d_rs": [30304, 0], "oprf_d_rs": [16944, 83297], "aby_online_d_rs": [29000, 29000], "aby_setup_d_rs": [1228843, 1228843], "aby_total_d_rs": [1257843, 1257843], "aby_baseot_d_rs": [67159124, 67159124], "total_d_rs": [1305091, 1341140], "nobase_d_rs": [18446744073643680683, 18446744073643733559]}, "batch": "NetworkDebugging_LTEonlyRTT70"}