{"setup": "desktop-app", "repeat": 42, "parameters": {"client_neles": 1024, "server_neles": 1024, "epsilon": 1.27, "server_ip": "192.168.0.2", "port": 7777, "threads": 1, "threshold": 0, "n_fun": 3, "payload_bl": 2, "fun_type": 0, "overlap": 25, "nmegabins": 4, "poly_size": 947, "bit_len": 60}, "network": {"type": "LTE", "delay": 70, "loss": null, "rateDown": null, "rateUp": null}, "s_output": {"rtt": 78.6604, "throughput": 12.9437, "result": 0, "hashing_t": 0.960465, "oprf_t": 1246.49, "poly_t": 152.794, "poly_trans_t": 0.036209, "aby_online_t": 318.462, "aby_setup_t": 599.147, "aby_total_t": 917.609, "aby_baseot_t": 11703.6, "total_t": 15173.7, "nobase_t": 2886.3, "poly_d_rs": [0, 30304], "oprf_d_rs": [83297, 16944], "aby_online_d_rs": [19241, 29000], "aby_setup_d_rs": [1238602, 1228843], "aby_total_d_rs": [1257843, 1257843], "aby_baseot_d_rs": [67159124, 67159124], "total_d_rs": [1341140, 1305091], "nobase_d_rs": [18446744073643733559, 18446744073643680683]}, "c_output": {"result": 0, "hashing_t": 2.652, "oprf_t": 1077.22, "poly_t": 23.091, "poly_trans_t": 213.288, "aby_online_t": 330.55, "aby_setup_t": 600.439, "aby_total_t": 930.989, "aby_baseot_t": 11701.1, "total_t": 15176.5, "nobase_t": 2499.3, "poly_d_rs": [30304, 0], "oprf_d_rs": [16944, 83297], "aby_online_d_rs": [29000, 29000], "aby_setup_d_rs": [1228843, 1228852], "aby_total_d_rs": [1257843, 1257852], "aby_baseot_d_rs": [67159124, 67159115], "total_d_rs": [1305091, 1341149], "nobase_d_rs": [18446744073643680683, 18446744073643733577]}, "batch": "NetworkDebugging_LTEonlyRTT70"}