{"setup": "desktop-app", "repeat": 49, "parameters": {"client_neles": 1024, "server_neles": 1024, "epsilon": 1.27, "server_ip": "192.168.0.2", "port": 7777, "threads": 1, "threshold": 0, "n_fun": 3, "payload_bl": 2, "fun_type": 0, "overlap": 25, "nmegabins": 4, "poly_size": 947, "bit_len": 60}, "network": {"type": "LTE", "delay": 70, "loss": null, "rateDown": null, "rateUp": null}, "s_output": {"rtt": 78.4768, "throughput": 12.4082, "result": 0, "hashing_t": 1.77662, "oprf_t": 1228.75, "poly_t": 176.84, "poly_trans_t": 0.023842, "aby_online_t": 318.872, "aby_setup_t": 588.937, "aby_total_t": 907.809, "aby_baseot_t": 12137.1, "total_t": 15624.7, "nobase_t": 2895.97, "poly_d_rs": [0, 30304], "oprf_d_rs": [83297, 16944], "aby_online_d_rs": [29000, 29000], "aby_setup_d_rs": [1228843, 1228843], "aby_total_d_rs": [1257843, 1257843], "aby_baseot_d_rs": [67159124, 67159124], "total_d_rs": [1341140, 1305091], "nobase_d_rs": [18446744073643733559, 18446744073643680683]}, "c_output": {"result": 0, "hashing_t": 2.631, "oprf_t": 1076.87, "poly_t": 23.623, "poly_trans_t": 236.38, "aby_online_t": 322.534, "aby_setup_t": 593.582, "aby_total_t": 916.116, "aby_baseot_t": 12133.9, "total_t": 15625.7, "nobase_t": 2533.65, "poly_d_rs": [30304, 0], "oprf_d_rs": [16944, 83297], "aby_online_d_rs": [29000, 29000], "aby_setup_d_rs": [1228843, 1228843], "aby_total_d_rs": [1257843, 1257843], "aby_baseot_d_rs": [67159124, 67159124], "total_d_rs": [1305091, 1341140], "nobase_d_rs": [18446744073643680683, 18446744073643733559]}, "batch": "NetworkDebugging_LTEonlyRTT70"}