{"setup": "desktop-app", "repeat": 38, "parameters": {"client_neles": 1024, "server_neles": 1024, "epsilon": 1.27, "server_ip": "192.168.0.2", "port": 7777, "threads": 1, "threshold": 0, "n_fun": 3, "payload_bl": 2, "fun_type": 0, "overlap": 25, "nmegabins": 4, "poly_size": 947, "bit_len": 60}, "network": {"type": "LTE", "delay": 70, "loss": null, "rateDown": null, "rateUp": null}, "s_output": {"rtt": 78.6713, "throughput": 12.9711, "result": 0, "hashing_t": 2.03569, "oprf_t": 1361.24, "poly_t": 251.146, "poly_trans_t": 0.024337, "aby_online_t": 325.516, "aby_setup_t": 600.646, "aby_total_t": 926.162, "aby_baseot_t": 11685.6, "total_t": 15385.7, "nobase_t": 3018.12, "poly_d_rs": [0, 30304], "oprf_d_rs": [83297, 16944], "aby_online_d_rs": [28999, 29000], "aby_setup_d_rs": [1228844, 1228843], "aby_total_d_rs": [1257843, 1257843], "aby_baseot_d_rs": [67159124, 67159124], "total_d_rs": [1341140, 1305091], "nobase_d_rs": [18446744073643733559, 18446744073643680683]}, "c_output": {"result": 0, "hashing_t": 2.603, "oprf_t": 1195.7, "poly_t": 32.776, "poly_trans_t": 240.607, "aby_online_t": 321.635, "aby_setup_t": 603.93, "aby_total_t": 925.565, "aby_baseot_t": 11686.2, "total_t": 15380.9, "nobase_t": 2609.33, "poly_d_rs": [30304, 0], "oprf_d_rs": [16944, 83297], "aby_online_d_rs": [29000, 29000], "aby_setup_d_rs": [1228843, 1228834], "aby_total_d_rs": [1257843, 1257834], "aby_baseot_d_rs": [67159124, 67159124], "total_d_rs": [1305091, 1341131], "nobase_d_rs": [18446744073643680683, 18446744073643733550]}, "batch": "NetworkDebugging_LTEonlyRTT70"}