{"setup": "desktop-app", "repeat": 8, "parameters": {"client_neles": 1024, "server_neles": 1024, "epsilon": 1.27, "server_ip": "192.168.0.2", "port": 7777, "threads": 1, "threshold": 0, "n_fun": 3, "payload_bl": 2, "fun_type": 0, "overlap": 25, "nmegabins": 4, "poly_size": 947, "bit_len": 60}, "network": {"type": "LTE", "delay": 70, "loss": null, "rateDown": null, "rateUp": null}, "s_output": {"rtt": 80.2884, "throughput": 13.1928, "result": 0, "hashing_t": 1.02921, "oprf_t": 1202.47, "poly_t": 193.648, "poly_trans_t": 0.023907, "aby_online_t": 329.169, "aby_setup_t": 555.698, "aby_total_t": 884.867, "aby_baseot_t": 11544.2, "total_t": 14990.3, "nobase_t": 2856.44, "poly_d_rs": [0, 30304], "oprf_d_rs": [83297, 16944], "aby_online_d_rs": [28991, 29000], "aby_setup_d_rs": [1228852, 1228843], "aby_total_d_rs": [1257843, 1257843], "aby_baseot_d_rs": [67159124, 67159124], "total_d_rs": [1341140, 1305091], "nobase_d_rs": [18446744073643733559, 18446744073643680683]}, "c_output": {"result": 0, "hashing_t": 2.69, "oprf_t": 1042.99, "poly_t": 25.835, "poly_trans_t": 242.473, "aby_online_t": 328.09, "aby_setup_t": 560.153, "aby_total_t": 888.243, "aby_baseot_t": 11540.7, "total_t": 14987.2, "nobase_t": 2499.99, "poly_d_rs": [30304, 0], "oprf_d_rs": [16944, 83297], "aby_online_d_rs": [29000, 29000], "aby_setup_d_rs": [1228843, 1228843], "aby_total_d_rs": [1257843, 1257843], "aby_baseot_d_rs": [67159124, 67159124], "total_d_rs": [1305091, 1341140], "nobase_d_rs": [18446744073643680683, 18446744073643733559]}, "batch": "NetworkDebugging_LTEonlyRTT70"}