{"setup": "desktop-app", "repeat": 7, "parameters": {"client_neles": 1024, "server_neles": 1024, "epsilon": 1.27, "server_ip": "192.168.0.2", "port": 7777, "threads": 1, "threshold": 0, "n_fun": 3, "payload_bl": 2, "fun_type": 0, "overlap": 25, "nmegabins": 4, "poly_size": 947, "bit_len": 60}, "network": {"type": "LTE", "delay": 70, "loss": null, "rateDown": null, "rateUp": null}, "s_output": {"rtt": 78.9946, "throughput": 13.2009, "result": 0, "hashing_t": 4.05002, "oprf_t": 1294.34, "poly_t": 162.726, "poly_trans_t": 0.023807, "aby_online_t": 321.826, "aby_setup_t": 613.881, "aby_total_t": 935.707, "aby_baseot_t": 11513.2, "total_t": 15075.9, "nobase_t": 2929.01, "poly_d_rs": [0, 30304], "oprf_d_rs": [83297, 16944], "aby_online_d_rs": [28991, 29000], "aby_setup_d_rs": [1228852, 1228843], "aby_total_d_rs": [1257843, 1257843], "aby_baseot_d_rs": [67159124, 67159124], "total_d_rs": [1341140, 1305091], "nobase_d_rs": [18446744073643733559, 18446744073643680683]}, "c_output": {"result": 0, "hashing_t": 2.595, "oprf_t": 1148.43, "poly_t": 35.455, "poly_trans_t": 219.087, "aby_online_t": 321.916, "aby_setup_t": 613.442, "aby_total_t": 935.358, "aby_baseot_t": 11523.8, "total_t": 15074.8, "nobase_t": 2509.78, "poly_d_rs": [30304, 0], "oprf_d_rs": [16944, 83297], "aby_online_d_rs": [29000, 29000], "aby_setup_d_rs": [1228843, 1228843], "aby_total_d_rs": [1257843, 1257843], "aby_baseot_d_rs": [67159124, 67159124], "total_d_rs": [1305091, 1341140], "nobase_d_rs": [18446744073643680683, 18446744073643733559]}, "batch": "NetworkDebugging_LTEonlyRTT70"}