{"setup": "desktop-app", "repeat": 41, "parameters": {"client_neles": 1024, "server_neles": 1024, "epsilon": 1.27, "server_ip": "192.168.0.2", "port": 7777, "threads": 1, "threshold": 0, "n_fun": 3, "payload_bl": 2, "fun_type": 0, "overlap": 25, "nmegabins": 4, "poly_size": 947, "bit_len": 60}, "network": {"type": "LTE", "delay": 70, "loss": null, "rateDown": null, "rateUp": null}, "s_output": {"rtt": 79.5455, "throughput": 13.1697, "result": 0, "hashing_t": 3.65024, "oprf_t": 1314.3, "poly_t": 259.632, "poly_trans_t": 0.024714, "aby_online_t": 320.945, "aby_setup_t": 605.692, "aby_total_t": 926.637, "aby_baseot_t": 11548.3, "total_t": 15204.8, "nobase_t": 2997.65, "poly_d_rs": [0, 30304], "oprf_d_rs": [83297, 16944], "aby_online_d_rs": [28991, 29000], "aby_setup_d_rs": [1228852, 1228843], "aby_total_d_rs": [1257843, 1257843], "aby_baseot_d_rs": [67159124, 67159124], "total_d_rs": [1341140, 1305091], "nobase_d_rs": [18446744073643733559, 18446744073643680683]}, "c_output": {"result": 0, "hashing_t": 2.68, "oprf_t": 1149.1, "poly_t": 27.28, "poly_trans_t": 236.079, "aby_online_t": 321.926, "aby_setup_t": 605.036, "aby_total_t": 926.962, "aby_baseot_t": 11549.9, "total_t": 15198.1, "nobase_t": 2605.28, "poly_d_rs": [30304, 0], "oprf_d_rs": [16944, 83297], "aby_online_d_rs": [29000, 29000], "aby_setup_d_rs": [1228843, 1228843], "aby_total_d_rs": [1257843, 1257843], "aby_baseot_d_rs": [67159124, 67159124], "total_d_rs": [1305091, 1341140], "nobase_d_rs": [18446744073643680683, 18446744073643733559]}, "batch": "NetworkDebugging_LTEonlyRTT70"}