{"setup": "desktop-app", "repeat": 36, "parameters": {"client_neles": 1024, "server_neles": 1024, "epsilon": 1.27, "server_ip": "192.168.0.2", "port": 7777, "threads": 1, "threshold": 0, "n_fun": 3, "payload_bl": 2, "fun_type": 0, "overlap": 25, "nmegabins": 4, "poly_size": 947, "bit_len": 60}, "network": {"type": "LTE", "delay": 70, "loss": null, "rateDown": null, "rateUp": null}, "s_output": {"rtt": 79.6329, "throughput": 13.7746, "result": 0, "hashing_t": 0.966135, "oprf_t": 1265.36, "poly_t": 192.153, "poly_trans_t": 0.024658, "aby_online_t": 315.859, "aby_setup_t": 598.215, "aby_total_t": 914.074, "aby_baseot_t": 11124.6, "total_t": 14655.2, "nobase_t": 2935.53, "poly_d_rs": [0, 30304], "oprf_d_rs": [83297, 16944], "aby_online_d_rs": [28991, 29000], "aby_setup_d_rs": [1228852, 1228843], "aby_total_d_rs": [1257843, 1257843], "aby_baseot_d_rs": [67159124, 67159124], "total_d_rs": [1341140, 1305091], "nobase_d_rs": [18446744073643733559, 18446744073643680683]}, "c_output": {"result": 0, "hashing_t": 2.626, "oprf_t": 1112.93, "poly_t": 24.994, "poly_trans_t": 237.396, "aby_online_t": 329.656, "aby_setup_t": 596.012, "aby_total_t": 925.668, "aby_baseot_t": 11131.5, "total_t": 14665.4, "nobase_t": 2538.89, "poly_d_rs": [30304, 0], "oprf_d_rs": [16944, 83297], "aby_online_d_rs": [29000, 29000], "aby_setup_d_rs": [1228843, 1228843], "aby_total_d_rs": [1257843, 1257843], "aby_baseot_d_rs": [67159124, 67159124], "total_d_rs": [1305091, 1341140], "nobase_d_rs": [18446744073643680683, 18446744073643733559]}, "batch": "NetworkDebugging_LTEonlyRTT70"}