{"setup": "desktop-app", "repeat": 21, "parameters": {"client_neles": 1024, "server_neles": 1024, "epsilon": 1.27, "server_ip": "192.168.0.2", "port": 7777, "threads": 1, "threshold": 0, "n_fun": 3, "payload_bl": 2, "fun_type": 0, "overlap": 25, "nmegabins": 4, "poly_size": 947, "bit_len": 60}, "network": {"type": "LTE", "delay": 70, "loss": null, "rateDown": null, "rateUp": null}, "s_output": {"rtt": 79.4384, "throughput": 14.2153, "result": 0, "hashing_t": 1.03888, "oprf_t": 1222.21, "poly_t": 263.047, "poly_trans_t": 0.023389, "aby_online_t": 330.163, "aby_setup_t": 589.738, "aby_total_t": 919.901, "aby_baseot_t": 10835.8, "total_t": 14412.2, "nobase_t": 2985.05, "poly_d_rs": [0, 30304], "oprf_d_rs": [83297, 16944], "aby_online_d_rs": [29000, 29000], "aby_setup_d_rs": [1228843, 1228843], "aby_total_d_rs": [1257843, 1257843], "aby_baseot_d_rs": [67159124, 67159124], "total_d_rs": [1341140, 1305091], "nobase_d_rs": [18446744073643733559, 18446744073643680683]}, "c_output": {"result": 0, "hashing_t": 2.581, "oprf_t": 1065.18, "poly_t": 31.229, "poly_trans_t": 234.07, "aby_online_t": 327.831, "aby_setup_t": 594.48, "aby_total_t": 922.311, "aby_baseot_t": 10842.0, "total_t": 14413.7, "nobase_t": 2608.17, "poly_d_rs": [30304, 0], "oprf_d_rs": [16944, 83297], "aby_online_d_rs": [29000, 29000], "aby_setup_d_rs": [1228843, 1228843], "aby_total_d_rs": [1257843, 1257843], "aby_baseot_d_rs": [67159124, 67159124], "total_d_rs": [1305091, 1341140], "nobase_d_rs": [18446744073643680683, 18446744073643733559]}, "batch": "NetworkDebugging_LTEonlyRTT70"}