{"setup": "desktop-app", "repeat": 17, "parameters": {"client_neles": 1024, "server_neles": 1024, "epsilon": 1.27, "server_ip": "192.168.0.2", "port": 7777, "threads": 1, "threshold": 0, "n_fun": 3, "payload_bl": 2, "fun_type": 0, "overlap": 25, "nmegabins": 4, "poly_size": 947, "bit_len": 60}, "network": {"type": "LTE", "delay": 70, "loss": null, "rateDown": null, "rateUp": null}, "s_output": {"rtt": 79.3364, "throughput": 14.4184, "result": 0, "hashing_t": 0.954661, "oprf_t": 1227.87, "poly_t": 148.257, "poly_trans_t": 0.031038, "aby_online_t": 323.125, "aby_setup_t": 586.404, "aby_total_t": 909.529, "aby_baseot_t": 10701.3, "total_t": 14146.4, "nobase_t": 2852.61, "poly_d_rs": [0, 30304], "oprf_d_rs": [83297, 16944], "aby_online_d_rs": [29000, 29000], "aby_setup_d_rs": [1228843, 1228843], "aby_total_d_rs": [1257843, 1257843], "aby_baseot_d_rs": [67159124, 67159124], "total_d_rs": [1341140, 1305091], "nobase_d_rs": [18446744073643733559, 18446744073643680683]}, "c_output": {"result": 0, "hashing_t": 2.049, "oprf_t": 1064.71, "poly_t": 30.902, "poly_trans_t": 200.339, "aby_online_t": 322.902, "aby_setup_t": 583.843, "aby_total_t": 906.745, "aby_baseot_t": 10709.6, "total_t": 14138.4, "nobase_t": 2476.51, "poly_d_rs": [30304, 0], "oprf_d_rs": [16944, 83297], "aby_online_d_rs": [29000, 28991], "aby_setup_d_rs": [1228843, 1228843], "aby_total_d_rs": [1257843, 1257834], "aby_baseot_d_rs": [67159124, 67159124], "total_d_rs": [1305091, 1341131], "nobase_d_rs": [18446744073643680683, 18446744073643733550]}, "batch": "NetworkDebugging_LTEonlyRTT70"}