{"setup": "desktop-app", "repeat": 13, "parameters": {"client_neles": 1024, "server_neles": 1024, "epsilon": 1.27, "server_ip": "192.168.0.2", "port": 7777, "threads": 1, "threshold": 0, "n_fun": 3, "payload_bl": 2, "fun_type": 0, "overlap": 25, "nmegabins": 4, "poly_size": 947, "bit_len": 60}, "network": {"type": "LTE", "delay": 70, "loss": null, "rateDown": null, "rateUp": null}, "s_output": {"rtt": 80.5866, "throughput": 13.3751, "result": 0, "hashing_t": 1.46615, "oprf_t": 1272.21, "poly_t": 141.735, "poly_trans_t": 0.031299, "aby_online_t": 320.016, "aby_setup_t": 591.713, "aby_total_t": 911.729, "aby_baseot_t": 11419.5, "total_t": 14917.0, "nobase_t": 2861.64, "poly_d_rs": [0, 30304], "oprf_d_rs": [83297, 16944], "aby_online_d_rs": [28991, 29000], "aby_setup_d_rs": [1228852, 1228843], "aby_total_d_rs": [1257843, 1257843], "aby_baseot_d_rs": [67159124, 67159124], "total_d_rs": [1341140, 1305091], "nobase_d_rs": [18446744073643733559, 18446744073643680683]}, "c_output": {"result": 0, "hashing_t": 2.617, "oprf_t": 1115.64, "poly_t": 28.833, "poly_trans_t": 200.642, "aby_online_t": 321.961, "aby_setup_t": 593.252, "aby_total_t": 915.213, "aby_baseot_t": 11423.4, "total_t": 14914.7, "nobase_t": 2486.79, "poly_d_rs": [30304, 0], "oprf_d_rs": [16944, 83297], "aby_online_d_rs": [29000, 29000], "aby_setup_d_rs": [1228843, 1228852], "aby_total_d_rs": [1257843, 1257852], "aby_baseot_d_rs": [67159124, 67159115], "total_d_rs": [1305091, 1341149], "nobase_d_rs": [18446744073643680683, 18446744073643733577]}, "batch": "NetworkDebugging_LTEonlyRTT70"}