{"setup": "desktop-app", "repeat": 12, "parameters": {"client_neles": 1024, "server_neles": 1024, "epsilon": 1.27, "server_ip": "192.168.0.2", "port": 7777, "threads": 1, "threshold": 0, "n_fun": 3, "payload_bl": 2, "fun_type": 0, "overlap": 25, "nmegabins": 4, "poly_size": 947, "bit_len": 60}, "network": {"type": "LTE", "delay": 70, "loss": null, "rateDown": null, "rateUp": null}, "s_output": {"rtt": 80.7964, "throughput": 13.4647, "result": 0, "hashing_t": 1.56438, "oprf_t": 1236.54, "poly_t": 146.775, "poly_trans_t": 0.035441, "aby_online_t": 328.345, "aby_setup_t": 613.086, "aby_total_t": 941.431, "aby_baseot_t": 11363.5, "total_t": 14847.4, "nobase_t": 2884.22, "poly_d_rs": [0, 30304], "oprf_d_rs": [83297, 16944], "aby_online_d_rs": [28999, 29000], "aby_setup_d_rs": [1228844, 1228843], "aby_total_d_rs": [1257843, 1257843], "aby_baseot_d_rs": [67159124, 67159124], "total_d_rs": [1341140, 1305091], "nobase_d_rs": [18446744073643733559, 18446744073643680683]}, "c_output": {"result": 0, "hashing_t": 2.882, "oprf_t": 1072.13, "poly_t": 26.408, "poly_trans_t": 197.299, "aby_online_t": 328.514, "aby_setup_t": 616.428, "aby_total_t": 944.942, "aby_baseot_t": 11366.5, "total_t": 14841.5, "nobase_t": 2508.26, "poly_d_rs": [30304, 0], "oprf_d_rs": [16944, 83297], "aby_online_d_rs": [29000, 29000], "aby_setup_d_rs": [1228843, 1228852], "aby_total_d_rs": [1257843, 1257852], "aby_baseot_d_rs": [67159124, 67159115], "total_d_rs": [1305091, 1341149], "nobase_d_rs": [18446744073643680683, 18446744073643733577]}, "batch": "NetworkDebugging_LTEonlyRTT70"}