{"setup": "desktop-app", "repeat": 34, "parameters": {"client_neles": 1024, "server_neles": 1024, "epsilon": 1.27, "server_ip": "192.168.0.2", "port": 7777, "threads": 1, "threshold": 0, "n_fun": 3, "payload_bl": 2, "fun_type": 0, "overlap": 25, "nmegabins": 4, "poly_size": 947, "bit_len": 60}, "network": {"type": "LTE", "delay": 70, "loss": null, "rateDown": null, "rateUp": null}, "s_output": {"rtt": 79.2152, "throughput": 13.6938, "result": 0, "hashing_t": 2.02461, "oprf_t": 1343.21, "poly_t": 191.548, "poly_trans_t": 0.022611, "aby_online_t": 328.351, "aby_setup_t": 594.275, "aby_total_t": 922.626, "aby_baseot_t": 11180.5, "total_t": 14802.5, "nobase_t": 2933.47, "poly_d_rs": [0, 30304], "oprf_d_rs": [83297, 16944], "aby_online_d_rs": [29000, 29000], "aby_setup_d_rs": [1228843, 1228843], "aby_total_d_rs": [1257843, 1257843], "aby_baseot_d_rs": [67159124, 67159124], "total_d_rs": [1341140, 1305091], "nobase_d_rs": [18446744073643733559, 18446744073643680683]}, "c_output": {"result": 0, "hashing_t": 2.584, "oprf_t": 1187.59, "poly_t": 33.189, "poly_trans_t": 232.052, "aby_online_t": 324.475, "aby_setup_t": 602.005, "aby_total_t": 926.48, "aby_baseot_t": 11184.4, "total_t": 14799.7, "nobase_t": 2533.19, "poly_d_rs": [30304, 0], "oprf_d_rs": [16944, 83297], "aby_online_d_rs": [29000, 29009], "aby_setup_d_rs": [1228843, 1228834], "aby_total_d_rs": [1257843, 1257843], "aby_baseot_d_rs": [67159124, 67159124], "total_d_rs": [1305091, 1341140], "nobase_d_rs": [18446744073643680683, 18446744073643733559]}, "batch": "NetworkDebugging_LTEonlyRTT70"}