{"setup": "desktop-app", "repeat": 32, "parameters": {"client_neles": 1024, "server_neles": 1024, "epsilon": 1.27, "server_ip": "192.168.0.2", "port": 7777, "threads": 1, "threshold": 0, "n_fun": 3, "payload_bl": 2, "fun_type": 0, "overlap": 25, "nmegabins": 4, "poly_size": 947, "bit_len": 60}, "network": {"type": "LTE", "delay": 70, "loss": null, "rateDown": null, "rateUp": null}, "s_output": {"rtt": 79.5768, "throughput": 13.9166, "result": 0, "hashing_t": 1.02237, "oprf_t": 1245.56, "poly_t": 159.138, "poly_trans_t": 0.033457, "aby_online_t": 322.355, "aby_setup_t": 589.592, "aby_total_t": 911.947, "aby_baseot_t": 11036.2, "total_t": 14509.1, "nobase_t": 2856.46, "poly_d_rs": [0, 30304], "oprf_d_rs": [83297, 16944], "aby_online_d_rs": [28991, 29000], "aby_setup_d_rs": [1228852, 1228843], "aby_total_d_rs": [1257843, 1257843], "aby_baseot_d_rs": [67159124, 67159124], "total_d_rs": [1341140, 1305091], "nobase_d_rs": [18446744073643733559, 18446744073643680683]}, "c_output": {"result": 0, "hashing_t": 2.701, "oprf_t": 1091.91, "poly_t": 30.208, "poly_trans_t": 205.498, "aby_online_t": 326.471, "aby_setup_t": 593.8, "aby_total_t": 920.271, "aby_baseot_t": 11039.9, "total_t": 14514.5, "nobase_t": 2467.42, "poly_d_rs": [30304, 0], "oprf_d_rs": [16944, 83297], "aby_online_d_rs": [29000, 29000], "aby_setup_d_rs": [1228843, 1228843], "aby_total_d_rs": [1257843, 1257843], "aby_baseot_d_rs": [67159124, 67159124], "total_d_rs": [1305091, 1341140], "nobase_d_rs": [18446744073643680683, 18446744073643733559]}, "batch": "NetworkDebugging_LTEonlyRTT70"}