{"setup": "desktop-app", "repeat": 14, "parameters": {"client_neles": 1024, "server_neles": 1024, "epsilon": 1.27, "server_ip": "192.168.0.2", "port": 7777, "threads": 1, "threshold": 0, "n_fun": 3, "payload_bl": 2, "fun_type": 0, "overlap": 25, "nmegabins": 4, "poly_size": 947, "bit_len": 60}, "network": {"type": "LTE", "delay": 70, "loss": null, "rateDown": null, "rateUp": null}, "s_output": {"rtt": 80.1364, "throughput": 10.6844, "result": 0, "hashing_t": 3.02102, "oprf_t": 1252.68, "poly_t": 197.409, "poly_trans_t": 0.023242, "aby_online_t": 330.859, "aby_setup_t": 575.116, "aby_total_t": 905.975, "aby_baseot_t": 13827.3, "total_t": 17353.3, "nobase_t": 2919.21, "poly_d_rs": [0, 30304], "oprf_d_rs": [83297, 16944], "aby_online_d_rs": [29000, 29000], "aby_setup_d_rs": [1228844, 1228843], "aby_total_d_rs": [1257844, 1257843], "aby_baseot_d_rs": [67159124, 67159124], "total_d_rs": [1341141, 1305091], "nobase_d_rs": [18446744073643733560, 18446744073643680683]}, "c_output": {"result": 0, "hashing_t": 2.734, "oprf_t": 1093.99, "poly_t": 33.706, "poly_trans_t": 232.547, "aby_online_t": 327.042, "aby_setup_t": 579.372, "aby_total_t": 906.414, "aby_baseot_t": 13826.2, "total_t": 17345.6, "nobase_t": 2519.39, "poly_d_rs": [30304, 0], "oprf_d_rs": [16944, 83297], "aby_online_d_rs": [29000, 29000], "aby_setup_d_rs": [1228843, 1228843], "aby_total_d_rs": [1257843, 1257843], "aby_baseot_d_rs": [67159124, 67159124], "total_d_rs": [1305091, 1341140], "nobase_d_rs": [18446744073643680683, 18446744073643733559]}, "batch": "NetworkDebugging_LTEonlyRTT70"}