{"setup": "desktop-app", "repeat": 27, "parameters": {"client_neles": 1024, "server_neles": 1024, "epsilon": 1.27, "server_ip": "192.168.0.2", "port": 7777, "threads": 1, "threshold": 0, "n_fun": 3, "payload_bl": 2, "fun_type": 0, "overlap": 25, "nmegabins": 4, "poly_size": 947, "bit_len": 60}, "network": {"type": "LTE", "delay": 70, "loss": null, "rateDown": null, "rateUp": null}, "s_output": {"rtt": 80.1168, "throughput": 12.9589, "result": 0, "hashing_t": 4.10677, "oprf_t": 1219.0, "poly_t": 155.134, "poly_trans_t": 0.033102, "aby_online_t": 319.047, "aby_setup_t": 570.777, "aby_total_t": 889.824, "aby_baseot_t": 11708.5, "total_t": 15141.7, "nobase_t": 2845.85, "poly_d_rs": [0, 30304], "oprf_d_rs": [83297, 16944], "aby_online_d_rs": [29000, 29000], "aby_setup_d_rs": [1228843, 1228843], "aby_total_d_rs": [1257843, 1257843], "aby_baseot_d_rs": [67159124, 67159124], "total_d_rs": [1341140, 1305091], "nobase_d_rs": [18446744073643733559, 18446744073643680683]}, "c_output": {"result": 0, "hashing_t": 3.035, "oprf_t": 1059.52, "poly_t": 31.237, "poly_trans_t": 206.259, "aby_online_t": 336.07, "aby_setup_t": 570.09, "aby_total_t": 906.16, "aby_baseot_t": 11719.6, "total_t": 15154.2, "nobase_t": 2483.68, "poly_d_rs": [30304, 0], "oprf_d_rs": [16944, 83297], "aby_online_d_rs": [29000, 29000], "aby_setup_d_rs": [1228843, 1228843], "aby_total_d_rs": [1257843, 1257843], "aby_baseot_d_rs": [67159124, 67159124], "total_d_rs": [1305091, 1341140], "nobase_d_rs": [18446744073643680683, 18446744073643733559]}, "batch": "NetworkDebugging_LTEonlyRTT70"}