{"setup": "desktop-app", "repeat": 40, "parameters": {"client_neles": 1024, "server_neles": 1024, "epsilon": 1.27, "server_ip": "192.168.0.2", "port": 7777, "threads": 1, "threshold": 0, "n_fun": 3, "payload_bl": 2, "fun_type": 0, "overlap": 25, "nmegabins": 4, "poly_size": 947, "bit_len": 60}, "network": {"type": "LTE", "delay": 70, "loss": null, "rateDown": null, "rateUp": null}, "s_output": {"rtt": 78.0719, "throughput": 13.2124, "result": 0, "hashing_t": 1.48455, "oprf_t": 1253.59, "poly_t": 271.171, "poly_trans_t": 0.02215, "aby_online_t": 319.129, "aby_setup_t": 600.484, "aby_total_t": 919.613, "aby_baseot_t": 11494.9, "total_t": 15090.8, "nobase_t": 2976.02, "poly_d_rs": [0, 30304], "oprf_d_rs": [83297, 16944], "aby_online_d_rs": [19241, 29000], "aby_setup_d_rs": [1238602, 1228843], "aby_total_d_rs": [1257843, 1257843], "aby_baseot_d_rs": [67159124, 67159124], "total_d_rs": [1341140, 1305091], "nobase_d_rs": [18446744073643733559, 18446744073643680683]}, "c_output": {"result": 0, "hashing_t": 2.454, "oprf_t": 1082.67, "poly_t": 27.638, "poly_trans_t": 234.686, "aby_online_t": 330.042, "aby_setup_t": 603.973, "aby_total_t": 934.015, "aby_baseot_t": 11496.1, "total_t": 15095.0, "nobase_t": 2625.56, "poly_d_rs": [30304, 0], "oprf_d_rs": [16944, 83297], "aby_online_d_rs": [29000, 29000], "aby_setup_d_rs": [1228843, 1228843], "aby_total_d_rs": [1257843, 1257843], "aby_baseot_d_rs": [67159124, 67159124], "total_d_rs": [1305091, 1341140], "nobase_d_rs": [18446744073643680683, 18446744073643733559]}, "batch": "NetworkDebugging_LTEonlyRTT70"}