{"setup": "desktop-app", "repeat": 25, "parameters": {"client_neles": 1024, "server_neles": 1024, "epsilon": 1.27, "server_ip": "192.168.0.2", "port": 7777, "threads": 1, "threshold": 0, "n_fun": 3, "payload_bl": 2, "fun_type": 0, "overlap": 25, "nmegabins": 4, "poly_size": 947, "bit_len": 60}, "network": {"type": "LTE", "delay": 70, "loss": null, "rateDown": null, "rateUp": null}, "s_output": {"rtt": 78.5835, "throughput": 13.6143, "result": 0, "hashing_t": 1.49084, "oprf_t": 1280.91, "poly_t": 165.032, "poly_trans_t": 0.039716, "aby_online_t": 334.132, "aby_setup_t": 597.325, "aby_total_t": 931.457, "aby_baseot_t": 11218.2, "total_t": 14766.0, "nobase_t": 2899.94, "poly_d_rs": [0, 30304], "oprf_d_rs": [83297, 16944], "aby_online_d_rs": [28991, 29000], "aby_setup_d_rs": [1228852, 1228843], "aby_total_d_rs": [1257843, 1257843], "aby_baseot_d_rs": [67159124, 67159124], "total_d_rs": [1341140, 1305091], "nobase_d_rs": [18446744073643733559, 18446744073643680683]}, "c_output": {"result": 0, "hashing_t": 2.711, "oprf_t": 1122.56, "poly_t": 31.678, "poly_trans_t": 205.837, "aby_online_t": 332.221, "aby_setup_t": 598.015, "aby_total_t": 930.236, "aby_baseot_t": 11222.8, "total_t": 14753.9, "nobase_t": 2532.44, "poly_d_rs": [30304, 0], "oprf_d_rs": [16944, 83297], "aby_online_d_rs": [29000, 28991], "aby_setup_d_rs": [1228843, 1228852], "aby_total_d_rs": [1257843, 1257843], "aby_baseot_d_rs": [67159124, 67159115], "total_d_rs": [1305091, 1341140], "nobase_d_rs": [18446744073643680683, 18446744073643733568]}, "batch": "NetworkDebugging_LTEonlyRTT70"}