{"setup": "desktop-app", "repeat": 44, "parameters": {"client_neles": 1024, "server_neles": 1024, "epsilon": 1.27, "server_ip": "192.168.0.2", "port": 7777, "threads": 1, "threshold": 0, "n_fun": 3, "payload_bl": 2, "fun_type": 0, "overlap": 25, "nmegabins": 4, "poly_size": 947, "bit_len": 60}, "network": {"type": "LTE", "delay": 70, "loss": null, "rateDown": null, "rateUp": null}, "s_output": {"rtt": 78.659, "throughput": 12.8188, "result": 0, "hashing_t": 0.972031, "oprf_t": 1305.2, "poly_t": 260.705, "poly_trans_t": 0.034235, "aby_online_t": 316.858, "aby_setup_t": 603.833, "aby_total_t": 920.691, "aby_baseot_t": 11805.2, "total_t": 15446.3, "nobase_t": 2965.66, "poly_d_rs": [0, 30304], "oprf_d_rs": [83297, 16944], "aby_online_d_rs": [28999, 29000], "aby_setup_d_rs": [1228844, 1228843], "aby_total_d_rs": [1257843, 1257843], "aby_baseot_d_rs": [67159124, 67159124], "total_d_rs": [1341140, 1305091], "nobase_d_rs": [18446744073643733559, 18446744073643680683]}, "c_output": {"result": 0, "hashing_t": 2.644, "oprf_t": 1137.77, "poly_t": 27.171, "poly_trans_t": 236.803, "aby_online_t": 322.29, "aby_setup_t": 603.93, "aby_total_t": 926.22, "aby_baseot_t": 11812.9, "total_t": 15449.2, "nobase_t": 2600.42, "poly_d_rs": [30304, 0], "oprf_d_rs": [16944, 83297], "aby_online_d_rs": [29000, 29000], "aby_setup_d_rs": [1228843, 1228843], "aby_total_d_rs": [1257843, 1257843], "aby_baseot_d_rs": [67159124, 67159124], "total_d_rs": [1305091, 1341140], "nobase_d_rs": [18446744073643680683, 18446744073643733559]}, "batch": "NetworkDebugging_LTEonlyRTT70"}