{"setup": "desktop-app", "repeat": 31, "parameters": {"client_neles": 1024, "server_neles": 1024, "epsilon": 1.27, "server_ip": "192.168.0.2", "port": 7777, "threads": 1, "threshold": 0, "n_fun": 3, "payload_bl": 2, "fun_type": 0, "overlap": 25, "nmegabins": 4, "poly_size": 947, "bit_len": 60}, "network": {"type": "LTE", "delay": 70, "loss": null, "rateDown": null, "rateUp": null}, "s_output": {"rtt": 80.1578, "throughput": 12.6799, "result": 0, "hashing_t": 0.962387, "oprf_t": 1360.94, "poly_t": 204.169, "poly_trans_t": 0.036584, "aby_online_t": 376.265, "aby_setup_t": 581.732, "aby_total_t": 957.997, "aby_baseot_t": 11928.7, "total_t": 15603.9, "nobase_t": 2973.31, "poly_d_rs": [0, 30304], "oprf_d_rs": [83297, 16944], "aby_online_d_rs": [29000, 29000], "aby_setup_d_rs": [1228844, 1228843], "aby_total_d_rs": [1257844, 1257843], "aby_baseot_d_rs": [67159124, 67159124], "total_d_rs": [1341141, 1305091], "nobase_d_rs": [18446744073643733560, 18446744073643680683]}, "c_output": {"result": 0, "hashing_t": 2.617, "oprf_t": 1157.01, "poly_t": 30.411, "poly_trans_t": 199.291, "aby_online_t": 370.367, "aby_setup_t": 580.597, "aby_total_t": 950.964, "aby_baseot_t": 11933.9, "total_t": 15599.7, "nobase_t": 2603.62, "poly_d_rs": [30304, 0], "oprf_d_rs": [16944, 83297], "aby_online_d_rs": [29000, 28991], "aby_setup_d_rs": [1228843, 1228843], "aby_total_d_rs": [1257843, 1257834], "aby_baseot_d_rs": [67159124, 67159124], "total_d_rs": [1305091, 1341131], "nobase_d_rs": [18446744073643680683, 18446744073643733550]}, "batch": "NetworkDebugging_LTEonlyRTT70"}