{"setup": "desktop-app", "repeat": 15, "parameters": {"client_neles": 1024, "server_neles": 1024, "epsilon": 1.27, "server_ip": "192.168.0.2", "port": 7777, "threads": 1, "threshold": 0, "n_fun": 3, "payload_bl": 2, "fun_type": 0, "overlap": 25, "nmegabins": 4, "poly_size": 947, "bit_len": 60}, "network": {"type": "LTE", "delay": 70, "loss": null, "rateDown": null, "rateUp": null}, "s_output": {"rtt": 78.4026, "throughput": 13.9003, "result": 0, "hashing_t": 1.26577, "oprf_t": 1235.46, "poly_t": 154.397, "poly_trans_t": 0.031013, "aby_online_t": 330.627, "aby_setup_t": 612.348, "aby_total_t": 942.975, "aby_baseot_t": 11024.6, "total_t": 14525.1, "nobase_t": 2909.53, "poly_d_rs": [0, 30304], "oprf_d_rs": [83297, 16944], "aby_online_d_rs": [28991, 29000], "aby_setup_d_rs": [1228852, 1228843], "aby_total_d_rs": [1257843, 1257843], "aby_baseot_d_rs": [67159124, 67159124], "total_d_rs": [1341140, 1305091], "nobase_d_rs": [18446744073643733559, 18446744073643680683]}, "c_output": {"result": 0, "hashing_t": 2.643, "oprf_t": 1076.9, "poly_t": 30.251, "poly_trans_t": 199.843, "aby_online_t": 333.009, "aby_setup_t": 613.35, "aby_total_t": 946.359, "aby_baseot_t": 11033.0, "total_t": 14525.9, "nobase_t": 2529.13, "poly_d_rs": [30304, 0], "oprf_d_rs": [16944, 83297], "aby_online_d_rs": [29000, 29000], "aby_setup_d_rs": [1228843, 1228843], "aby_total_d_rs": [1257843, 1257843], "aby_baseot_d_rs": [67159124, 67159124], "total_d_rs": [1305091, 1341140], "nobase_d_rs": [18446744073643680683, 18446744073643733559]}, "batch": "NetworkDebugging_LTEonlyRTT70"}