{"setup": "desktop-app", "repeat": 29, "parameters": {"client_neles": 1024, "server_neles": 1024, "epsilon": 1.27, "server_ip": "192.168.0.2", "port": 7777, "threads": 1, "threshold": 0, "n_fun": 3, "payload_bl": 2, "fun_type": 0, "overlap": 25, "nmegabins": 4, "poly_size": 947, "bit_len": 60}, "network": {"type": "LTE", "delay": 70, "loss": null, "rateDown": null, "rateUp": null}, "s_output": {"rtt": 79.1149, "throughput": 13.1147, "result": 0, "hashing_t": 1.66068, "oprf_t": 1236.6, "poly_t": 147.786, "poly_trans_t": 0.031982, "aby_online_t": 341.065, "aby_setup_t": 613.408, "aby_total_t": 954.473, "aby_baseot_t": 11580.8, "total_t": 15078.9, "nobase_t": 2878.39, "poly_d_rs": [0, 30304], "oprf_d_rs": [83297, 16944], "aby_online_d_rs": [28999, 29000], "aby_setup_d_rs": [1228844, 1228843], "aby_total_d_rs": [1257843, 1257843], "aby_baseot_d_rs": [67159124, 67159124], "total_d_rs": [1341140, 1305091], "nobase_d_rs": [18446744073643733559, 18446744073643680683]}, "c_output": {"result": 0, "hashing_t": 2.703, "oprf_t": 1076.44, "poly_t": 25.098, "poly_trans_t": 202.323, "aby_online_t": 334.384, "aby_setup_t": 615.582, "aby_total_t": 949.966, "aby_baseot_t": 11586.7, "total_t": 15069.2, "nobase_t": 2515.38, "poly_d_rs": [30304, 0], "oprf_d_rs": [16944, 83297], "aby_online_d_rs": [29000, 28991], "aby_setup_d_rs": [1228843, 1228843], "aby_total_d_rs": [1257843, 1257834], "aby_baseot_d_rs": [67159124, 67159124], "total_d_rs": [1305091, 1341131], "nobase_d_rs": [18446744073643680683, 18446744073643733550]}, "batch": "NetworkDebugging_LTEonlyRTT70"}