{"setup": "desktop-app", "repeat": 6, "parameters": {"client_neles": 1024, "server_neles": 1024, "epsilon": 1.27, "server_ip": "192.168.0.2", "port": 7777, "threads": 1, "threshold": 0, "n_fun": 3, "payload_bl": 2, "fun_type": 0, "overlap": 25, "nmegabins": 4, "poly_size": 947, "bit_len": 60}, "network": {"type": "LTE", "delay": 70, "loss": null, "rateDown": null, "rateUp": null}, "s_output": {"rtt": 79.2079, "throughput": 13.1638, "result": 0, "hashing_t": 4.09846, "oprf_t": 1346.2, "poly_t": 186.079, "poly_trans_t": 0.023231, "aby_online_t": 318.758, "aby_setup_t": 598.923, "aby_total_t": 917.681, "aby_baseot_t": 11545.2, "total_t": 15154.0, "nobase_t": 2948.65, "poly_d_rs": [0, 30304], "oprf_d_rs": [83297, 16944], "aby_online_d_rs": [29000, 29000], "aby_setup_d_rs": [1228843, 1228843], "aby_total_d_rs": [1257843, 1257843], "aby_baseot_d_rs": [67159124, 67159124], "total_d_rs": [1341140, 1305091], "nobase_d_rs": [18446744073643733559, 18446744073643680683]}, "c_output": {"result": 0, "hashing_t": 2.897, "oprf_t": 1188.57, "poly_t": 29.344, "poly_trans_t": 225.337, "aby_online_t": 336.607, "aby_setup_t": 597.124, "aby_total_t": 933.731, "aby_baseot_t": 11549.9, "total_t": 15165.5, "nobase_t": 2547.28, "poly_d_rs": [30304, 0], "oprf_d_rs": [16944, 83297], "aby_online_d_rs": [29000, 29000], "aby_setup_d_rs": [1228843, 1228852], "aby_total_d_rs": [1257843, 1257852], "aby_baseot_d_rs": [67159124, 67159115], "total_d_rs": [1305091, 1341149], "nobase_d_rs": [18446744073643680683, 18446744073643733577]}, "batch": "NetworkDebugging_LTEonlyRTT70"}