{"setup": "desktop-app", "repeat": 5, "parameters": {"client_neles": 1024, "server_neles": 1024, "epsilon": 1.27, "server_ip": "192.168.0.2", "port": 7777, "threads": 1, "threshold": 0, "n_fun": 3, "payload_bl": 2, "fun_type": 0, "overlap": 25, "nmegabins": 4, "poly_size": 947, "bit_len": 60}, "network": {"type": "LTE", "delay": 70, "loss": null, "rateDown": null, "rateUp": null}, "s_output": {"rtt": 79.4006, "throughput": 12.9934, "result": 0, "hashing_t": 1.07852, "oprf_t": 1250.75, "poly_t": 177.833, "poly_trans_t": 0.024304, "aby_online_t": 322.831, "aby_setup_t": 592.512, "aby_total_t": 915.343, "aby_baseot_t": 11669.1, "total_t": 15192.8, "nobase_t": 2932.59, "poly_d_rs": [0, 30304], "oprf_d_rs": [83297, 16944], "aby_online_d_rs": [29000, 29000], "aby_setup_d_rs": [1228843, 1228843], "aby_total_d_rs": [1257843, 1257843], "aby_baseot_d_rs": [67159124, 67159124], "total_d_rs": [1341140, 1305091], "nobase_d_rs": [18446744073643733559, 18446744073643680683]}, "c_output": {"result": 0, "hashing_t": 2.714, "oprf_t": 1094.88, "poly_t": 29.607, "poly_trans_t": 229.252, "aby_online_t": 324.418, "aby_setup_t": 592.799, "aby_total_t": 917.217, "aby_baseot_t": 11681.9, "total_t": 15192.2, "nobase_t": 2524.27, "poly_d_rs": [30304, 0], "oprf_d_rs": [16944, 83297], "aby_online_d_rs": [29000, 29000], "aby_setup_d_rs": [1228843, 1228843], "aby_total_d_rs": [1257843, 1257843], "aby_baseot_d_rs": [67159124, 67159124], "total_d_rs": [1305091, 1341140], "nobase_d_rs": [18446744073643680683, 18446744073643733559]}, "batch": "NetworkDebugging_LTEonlyRTT70"}