{"setup": "desktop-app", "repeat": 39, "parameters": {"client_neles": 1024, "server_neles": 1024, "epsilon": 1.27, "server_ip": "192.168.0.2", "port": 7777, "threads": 1, "threshold": 0, "n_fun": 3, "payload_bl": 2, "fun_type": 0, "overlap": 25, "nmegabins": 4, "poly_size": 947, "bit_len": 60}, "network": {"type": "LTE", "delay": 70, "loss": null, "rateDown": null, "rateUp": null}, "s_output": {"rtt": 79.5108, "throughput": 12.937, "result": 0, "hashing_t": 4.09911, "oprf_t": 1212.56, "poly_t": 168.087, "poly_trans_t": 0.024926, "aby_online_t": 327.12, "aby_setup_t": 591.648, "aby_total_t": 918.768, "aby_baseot_t": 11719.9, "total_t": 15192.2, "nobase_t": 2882.26, "poly_d_rs": [0, 30304], "oprf_d_rs": [83297, 16944], "aby_online_d_rs": [28991, 29000], "aby_setup_d_rs": [1228852, 1228843], "aby_total_d_rs": [1257843, 1257843], "aby_baseot_d_rs": [67159124, 67159124], "total_d_rs": [1341140, 1305091], "nobase_d_rs": [18446744073643733559, 18446744073643680683]}, "c_output": {"result": 0, "hashing_t": 2.751, "oprf_t": 1062.32, "poly_t": 28.55, "poly_trans_t": 208.656, "aby_online_t": 328.091, "aby_setup_t": 592.641, "aby_total_t": 920.732, "aby_baseot_t": 11718.7, "total_t": 15186.7, "nobase_t": 2511.5, "poly_d_rs": [30304, 0], "oprf_d_rs": [16944, 83297], "aby_online_d_rs": [29000, 28991], "aby_setup_d_rs": [1228843, 1228852], "aby_total_d_rs": [1257843, 1257843], "aby_baseot_d_rs": [67159124, 67159115], "total_d_rs": [1305091, 1341140], "nobase_d_rs": [18446744073643680683, 18446744073643733568]}, "batch": "NetworkDebugging_LTEonlyRTT70"}