{"setup": "desktop-app", "repeat": 0, "parameters": {"client_neles": 1024, "server_neles": 1024, "epsilon": 1.27, "server_ip": "192.168.0.2", "port": 7777, "threads": 1, "threshold": 0, "n_fun": 3, "payload_bl": 2, "fun_type": 0, "overlap": 25, "nmegabins": 4, "poly_size": 947, "bit_len": 60}, "network": {"type": "WAN", "delay": 30, "loss": 0.1, "rateDown": 230, "rateUp": 230}, "s_output": {"rtt": 41.6855, "throughput": 3.30625, "result": 0, "hashing_t": 3.15299, "oprf_t": 989.801, "poly_t": 148.327, "poly_trans_t": 0.039427, "aby_online_t": 174.228, "aby_setup_t": 942.324, "aby_total_t": 1116.55, "aby_baseot_t": 39891.5, "total_t": 43163.7, "nobase_t": 2836.57, "poly_d_rs": [0, 30304], "oprf_d_rs": [83297, 16944], "aby_online_d_rs": [29000, 29000], "aby_setup_d_rs": [1228843, 1228843], "aby_total_d_rs": [1257843, 1257843], "aby_baseot_d_rs": [67159124, 67159124], "total_d_rs": [1341140, 1305091], "nobase_d_rs": [18446744073643733559, 18446744073643680683]}, "c_output": {"result": 0, "hashing_t": 1.376, "oprf_t": 908.502, "poly_t": 27.499, "poly_trans_t": 164.256, "aby_online_t": 201.647, "aby_setup_t": 943.133, "aby_total_t": 1144.78, "aby_baseot_t": 39902.5, "total_t": 43196.6, "nobase_t": 2447.05, "poly_d_rs": [30304, 0], "oprf_d_rs": [16944, 83297], "aby_online_d_rs": [29000, 29000], "aby_setup_d_rs": [1228843, 1228843], "aby_total_d_rs": [1257843, 1257843], "aby_baseot_d_rs": [67159124, 67159124], "total_d_rs": [1305091, 1341140], "nobase_d_rs": [18446744073643680683, 18446744073643733559]}, "batch": "NetworkDebugging_NewRTTs_WAN3"}