{"setup": "desktop-app", "repeat": 20, "parameters": {"client_neles": 1024, "server_neles": 1024, "epsilon": 1.27, "server_ip": "192.168.0.2", "port": 7777, "threads": 1, "threshold": 0, "n_fun": 3, "payload_bl": 2, "fun_type": 0, "overlap": 25, "nmegabins": 4, "poly_size": 947, "bit_len": 60}, "network": {"type": "WAN", "delay": 30, "loss": 0.1, "rateDown": 230, "rateUp": 230}, "s_output": {"rtt": 41.7709, "throughput": 2.82105, "result": 0, "hashing_t": 1.03546, "oprf_t": 993.965, "poly_t": 183.585, "poly_trans_t": 0.032928, "aby_online_t": 175.039, "aby_setup_t": 878.558, "aby_total_t": 1053.6, "aby_baseot_t": 46593.8, "total_t": 49840.5, "nobase_t": 2830.46, "poly_d_rs": [0, 30304], "oprf_d_rs": [83297, 16944], "aby_online_d_rs": [29000, 28991], "aby_setup_d_rs": [1228843, 1228843], "aby_total_d_rs": [1257843, 1257834], "aby_baseot_d_rs": [67159124, 67159124], "total_d_rs": [1341140, 1305082], "nobase_d_rs": [18446744073643733559, 18446744073643680674]}, "c_output": {"result": 0, "hashing_t": 2.649, "oprf_t": 903.595, "poly_t": 29.262, "poly_trans_t": 163.826, "aby_online_t": 209.241, "aby_setup_t": 881.058, "aby_total_t": 1090.3, "aby_baseot_t": 46599.3, "total_t": 49874.8, "nobase_t": 2432.68, "poly_d_rs": [30304, 0], "oprf_d_rs": [16944, 83297], "aby_online_d_rs": [29009, 29000], "aby_setup_d_rs": [1228843, 1228843], "aby_total_d_rs": [1257852, 1257843], "aby_baseot_d_rs": [67159124, 67159124], "total_d_rs": [1305100, 1341140], "nobase_d_rs": [18446744073643680692, 18446744073643733559]}, "batch": "NetworkDebugging_NewRTTs_WAN3"}