{"setup": "desktop-app", "repeat": 9, "parameters": {"client_neles": 1024, "server_neles": 1024, "epsilon": 1.27, "server_ip": "192.168.0.2", "port": 7777, "threads": 1, "threshold": 0, "n_fun": 3, "payload_bl": 2, "fun_type": 0, "overlap": 25, "nmegabins": 4, "poly_size": 947, "bit_len": 60}, "network": {"type": "WAN", "delay": 30, "loss": 0.1, "rateDown": 230, "rateUp": 230}, "s_output": {"rtt": 41.6747, "throughput": 11.0885, "result": 0, "hashing_t": 4.57835, "oprf_t": 959.818, "poly_t": 162.48, "poly_trans_t": 0.038843, "aby_online_t": 168.231, "aby_setup_t": 1229.77, "aby_total_t": 1398.0, "aby_baseot_t": 12730.3, "total_t": 16259.7, "nobase_t": 3091.11, "poly_d_rs": [0, 30304], "oprf_d_rs": [83297, 16944], "aby_online_d_rs": [28999, 29000], "aby_setup_d_rs": [1228844, 1228843], "aby_total_d_rs": [1257843, 1257843], "aby_baseot_d_rs": [67159124, 67159124], "total_d_rs": [1341140, 1305091], "nobase_d_rs": [18446744073643733559, 18446744073643680683]}, "c_output": {"result": 0, "hashing_t": 2.611, "oprf_t": 877.359, "poly_t": 25.465, "poly_trans_t": 148.586, "aby_online_t": 197.75, "aby_setup_t": 1230.28, "aby_total_t": 1428.03, "aby_baseot_t": 12732.4, "total_t": 16289.8, "nobase_t": 2755.87, "poly_d_rs": [30304, 0], "oprf_d_rs": [16944, 83297], "aby_online_d_rs": [29000, 29000], "aby_setup_d_rs": [1228843, 1228843], "aby_total_d_rs": [1257843, 1257843], "aby_baseot_d_rs": [67159124, 67159124], "total_d_rs": [1305091, 1341140], "nobase_d_rs": [18446744073643680683, 18446744073643733559]}, "batch": "NetworkDebugging_NewRTTs_WAN3"}