{"setup": "desktop-app", "repeat": 17, "parameters": {"client_neles": 1024, "server_neles": 1024, "epsilon": 1.27, "server_ip": "192.168.0.2", "port": 7777, "threads": 1, "threshold": 0, "n_fun": 3, "payload_bl": 2, "fun_type": 0, "overlap": 25, "nmegabins": 4, "poly_size": 947, "bit_len": 60}, "network": {"type": "WAN", "delay": 30, "loss": 0.1, "rateDown": 230, "rateUp": 230}, "s_output": {"rtt": 41.4372, "throughput": 2.9783, "result": 0, "hashing_t": 4.02894, "oprf_t": 1031.2, "poly_t": 119.456, "poly_trans_t": 0.033345, "aby_online_t": 167.638, "aby_setup_t": 1148.91, "aby_total_t": 1316.55, "aby_baseot_t": 44272.8, "total_t": 47750.5, "nobase_t": 3038.02, "poly_d_rs": [0, 30304], "oprf_d_rs": [83297, 16944], "aby_online_d_rs": [28991, 28991], "aby_setup_d_rs": [1228852, 1228843], "aby_total_d_rs": [1257843, 1257834], "aby_baseot_d_rs": [67159124, 67159124], "total_d_rs": [1341140, 1305082], "nobase_d_rs": [18446744073643733559, 18446744073643680674]}, "c_output": {"result": 0, "hashing_t": 1.407, "oprf_t": 956.056, "poly_t": 23.853, "poly_trans_t": 152.006, "aby_online_t": 209.771, "aby_setup_t": 1168.88, "aby_total_t": 1378.65, "aby_baseot_t": 44257.2, "total_t": 47794.7, "nobase_t": 2653.93, "poly_d_rs": [30304, 0], "oprf_d_rs": [16944, 83297], "aby_online_d_rs": [29009, 29000], "aby_setup_d_rs": [1228843, 1228852], "aby_total_d_rs": [1257852, 1257852], "aby_baseot_d_rs": [67159124, 67159115], "total_d_rs": [1305100, 1341149], "nobase_d_rs": [18446744073643680692, 18446744073643733577]}, "batch": "NetworkDebugging_NewRTTs_WAN3"}