{"setup": "desktop-app", "repeat": 8, "parameters": {"client_neles": 1024, "server_neles": 1024, "epsilon": 1.27, "server_ip": "192.168.0.2", "port": 7777, "threads": 1, "threshold": 0, "n_fun": 3, "payload_bl": 2, "fun_type": 0, "overlap": 25, "nmegabins": 4, "poly_size": 947, "bit_len": 60}, "network": {"type": "WAN", "delay": 30, "loss": 0.1, "rateDown": 230, "rateUp": 230}, "s_output": {"rtt": 45.4019, "throughput": 2.75617, "result": 0, "hashing_t": 4.07612, "oprf_t": 973.283, "poly_t": 111.444, "poly_trans_t": 0.03904, "aby_online_t": 165.377, "aby_setup_t": 921.921, "aby_total_t": 1087.3, "aby_baseot_t": 47724.2, "total_t": 50906.9, "nobase_t": 2744.5, "poly_d_rs": [0, 30304], "oprf_d_rs": [83297, 16944], "aby_online_d_rs": [29000, 29000], "aby_setup_d_rs": [1228843, 1228843], "aby_total_d_rs": [1257843, 1257843], "aby_baseot_d_rs": [67159124, 67159124], "total_d_rs": [1341140, 1305091], "nobase_d_rs": [18446744073643733559, 18446744073643680683]}, "c_output": {"result": 0, "hashing_t": 2.596, "oprf_t": 893.583, "poly_t": 28.885, "poly_trans_t": 138.485, "aby_online_t": 201.336, "aby_setup_t": 926.308, "aby_total_t": 1127.64, "aby_baseot_t": 47726.8, "total_t": 50943.6, "nobase_t": 2381.55, "poly_d_rs": [30304, 0], "oprf_d_rs": [16944, 83297], "aby_online_d_rs": [29000, 29000], "aby_setup_d_rs": [1228843, 1228843], "aby_total_d_rs": [1257843, 1257843], "aby_baseot_d_rs": [67159124, 67159124], "total_d_rs": [1305091, 1341140], "nobase_d_rs": [18446744073643680683, 18446744073643733559]}, "batch": "NetworkDebugging_NewRTTs_WAN3"}