{"setup": "desktop-app", "repeat": 7, "parameters": {"client_neles": 1024, "server_neles": 1024, "epsilon": 1.27, "server_ip": "192.168.0.2", "port": 7777, "threads": 1, "threshold": 0, "n_fun": 3, "payload_bl": 2, "fun_type": 0, "overlap": 25, "nmegabins": 4, "poly_size": 947, "bit_len": 60}, "network": {"type": "WAN", "delay": 30, "loss": 0.1, "rateDown": 230, "rateUp": 230}, "s_output": {"rtt": 41.0004, "throughput": 3.30349, "result": 0, "hashing_t": 4.03717, "oprf_t": 1029.45, "poly_t": 121.083, "poly_trans_t": 0.038959, "aby_online_t": 169.825, "aby_setup_t": 915.518, "aby_total_t": 1085.34, "aby_baseot_t": 39939.9, "total_t": 43222.0, "nobase_t": 2837.59, "poly_d_rs": [0, 30304], "oprf_d_rs": [83297, 16944], "aby_online_d_rs": [29000, 29000], "aby_setup_d_rs": [1228843, 1228843], "aby_total_d_rs": [1257843, 1257843], "aby_baseot_d_rs": [67159124, 67159124], "total_d_rs": [1341140, 1305091], "nobase_d_rs": [18446744073643733559, 18446744073643680683]}, "c_output": {"result": 0, "hashing_t": 5.375, "oprf_t": 944.08, "poly_t": 29.259, "poly_trans_t": 161.797, "aby_online_t": 201.479, "aby_setup_t": 922.996, "aby_total_t": 1124.47, "aby_baseot_t": 39944.6, "total_t": 43260.1, "nobase_t": 2446.82, "poly_d_rs": [30304, 0], "oprf_d_rs": [16944, 83297], "aby_online_d_rs": [29000, 29000], "aby_setup_d_rs": [1228843, 1228843], "aby_total_d_rs": [1257843, 1257843], "aby_baseot_d_rs": [67159124, 67159124], "total_d_rs": [1305091, 1341140], "nobase_d_rs": [18446744073643680683, 18446744073643733559]}, "batch": "NetworkDebugging_NewRTTs_WAN3"}