{"setup": "desktop-app", "repeat": 1, "parameters": {"client_neles": 1024, "server_neles": 1024, "epsilon": 1.27, "server_ip": "192.168.0.2", "port": 7777, "threads": 1, "threshold": 0, "n_fun": 3, "payload_bl": 2, "fun_type": 0, "overlap": 25, "nmegabins": 4, "poly_size": 947, "bit_len": 60}, "network": {"type": "WAN", "delay": 30, "loss": 0.1, "rateDown": 230, "rateUp": 230}, "s_output": {"rtt": 40.3456, "throughput": 3.19027, "result": 0, "hashing_t": 4.06159, "oprf_t": 935.177, "poly_t": 130.647, "poly_trans_t": 0.033373, "aby_online_t": 170.606, "aby_setup_t": 889.952, "aby_total_t": 1060.56, "aby_baseot_t": 41288.2, "total_t": 44442.1, "nobase_t": 2729.9, "poly_d_rs": [0, 30304], "oprf_d_rs": [83297, 16944], "aby_online_d_rs": [28999, 29000], "aby_setup_d_rs": [1228844, 1228843], "aby_total_d_rs": [1257843, 1257843], "aby_baseot_d_rs": [67159124, 67159124], "total_d_rs": [1341140, 1305091], "nobase_d_rs": [18446744073643733559, 18446744073643680683]}, "c_output": {"result": 0, "hashing_t": 2.711, "oprf_t": 857.09, "poly_t": 33.87, "poly_trans_t": 155.92, "aby_online_t": 194.892, "aby_setup_t": 895.191, "aby_total_t": 1090.08, "aby_baseot_t": 41289.9, "total_t": 44464.7, "nobase_t": 2392.26, "poly_d_rs": [30304, 0], "oprf_d_rs": [16944, 83297], "aby_online_d_rs": [29000, 29000], "aby_setup_d_rs": [1228843, 1228852], "aby_total_d_rs": [1257843, 1257852], "aby_baseot_d_rs": [67159124, 67159115], "total_d_rs": [1305091, 1341149], "nobase_d_rs": [18446744073643680683, 18446744073643733577]}, "batch": "NetworkDebugging_NewRTTs_WAN3"}