{"setup": "desktop-app", "repeat": 3, "parameters": {"client_neles": 1024, "server_neles": 1024, "epsilon": 1.27, "server_ip": "192.168.0.2", "port": 7777, "threads": 1, "threshold": 0, "n_fun": 3, "payload_bl": 2, "fun_type": 0, "overlap": 25, "nmegabins": 4, "poly_size": 947, "bit_len": 60}, "network": {"type": "WAN", "delay": 29, "loss": 0.1, "rateDown": 230, "rateUp": 230}, "s_output": {"rtt": 39.2808, "throughput": 3.40389, "result": 0, "hashing_t": 0.940822, "oprf_t": 978.74, "poly_t": 175.43, "poly_trans_t": 0.038091, "aby_online_t": 158.817, "aby_setup_t": 959.344, "aby_total_t": 1118.16, "aby_baseot_t": 38783.8, "total_t": 42071.7, "nobase_t": 2834.46, "poly_d_rs": [0, 30304], "oprf_d_rs": [83297, 16944], "aby_online_d_rs": [28991, 29000], "aby_setup_d_rs": [1228852, 1228843], "aby_total_d_rs": [1257843, 1257843], "aby_baseot_d_rs": [67159124, 67159124], "total_d_rs": [1341140, 1305091], "nobase_d_rs": [18446744073643733559, 18446744073643680683]}, "c_output": {"result": 0, "hashing_t": 2.607, "oprf_t": 897.391, "poly_t": 33.265, "poly_trans_t": 157.299, "aby_online_t": 194.479, "aby_setup_t": 955.826, "aby_total_t": 1150.31, "aby_baseot_t": 38789.6, "total_t": 42101.3, "nobase_t": 2474.69, "poly_d_rs": [30304, 0], "oprf_d_rs": [16944, 83297], "aby_online_d_rs": [29000, 29000], "aby_setup_d_rs": [1228843, 1228852], "aby_total_d_rs": [1257843, 1257852], "aby_baseot_d_rs": [67159124, 67159115], "total_d_rs": [1305091, 1341149], "nobase_d_rs": [18446744073643680683, 18446744073643733577]}, "batch": "NetworkDebugging_NewRTTs_WAN3"}