{"setup": "desktop-app", "repeat": 19, "parameters": {"client_neles": 1024, "server_neles": 1024, "epsilon": 1.27, "server_ip": "192.168.0.2", "port": 7777, "threads": 1, "threshold": 0, "n_fun": 3, "payload_bl": 2, "fun_type": 0, "overlap": 25, "nmegabins": 4, "poly_size": 947, "bit_len": 60}, "network": {"type": "WAN", "delay": 30, "loss": 0.1, "rateDown": 230, "rateUp": 230}, "s_output": {"rtt": 41.1356, "throughput": 3.12166, "result": 0, "hashing_t": 0.947994, "oprf_t": 918.961, "poly_t": 168.193, "poly_trans_t": 0.025146, "aby_online_t": 173.501, "aby_setup_t": 721.9, "aby_total_t": 895.401, "aby_baseot_t": 42282.1, "total_t": 45285.2, "nobase_t": 2598.7, "poly_d_rs": [0, 30304], "oprf_d_rs": [83297, 16944], "aby_online_d_rs": [28999, 29000], "aby_setup_d_rs": [1228844, 1228843], "aby_total_d_rs": [1257843, 1257843], "aby_baseot_d_rs": [67159124, 67159124], "total_d_rs": [1341140, 1305091], "nobase_d_rs": [18446744073643733559, 18446744073643680683]}, "c_output": {"result": 0, "hashing_t": 2.703, "oprf_t": 826.254, "poly_t": 32.844, "poly_trans_t": 166.858, "aby_online_t": 208.444, "aby_setup_t": 740.003, "aby_total_t": 948.447, "aby_baseot_t": 42266.3, "total_t": 45313.7, "nobase_t": 2285.63, "poly_d_rs": [30304, 0], "oprf_d_rs": [16944, 83297], "aby_online_d_rs": [29000, 29000], "aby_setup_d_rs": [1228843, 1228843], "aby_total_d_rs": [1257843, 1257843], "aby_baseot_d_rs": [67159124, 67159124], "total_d_rs": [1305091, 1341140], "nobase_d_rs": [18446744073643680683, 18446744073643733559]}, "batch": "NetworkDebugging_NewRTTs_WAN3"}