{"setup": "desktop-app", "repeat": 12, "parameters": {"client_neles": 1024, "server_neles": 1024, "epsilon": 1.27, "server_ip": "192.168.0.2", "port": 7777, "threads": 1, "threshold": 0, "n_fun": 3, "payload_bl": 2, "fun_type": 0, "overlap": 25, "nmegabins": 4, "poly_size": 947, "bit_len": 60}, "network": {"type": "WAN", "delay": 30, "loss": 0.1, "rateDown": 230, "rateUp": 230}, "s_output": {"rtt": 40.2582, "throughput": 3.35212, "result": 0, "hashing_t": 1.46555, "oprf_t": 966.458, "poly_t": 100.818, "poly_trans_t": 0.023727, "aby_online_t": 172.516, "aby_setup_t": 1483.73, "aby_total_t": 1656.25, "aby_baseot_t": 39346.4, "total_t": 43072.2, "nobase_t": 3280.53, "poly_d_rs": [0, 30304], "oprf_d_rs": [83297, 16944], "aby_online_d_rs": [28991, 28991], "aby_setup_d_rs": [1228852, 1228843], "aby_total_d_rs": [1257843, 1257834], "aby_baseot_d_rs": [67159124, 67159124], "total_d_rs": [1341140, 1305082], "nobase_d_rs": [18446744073643733559, 18446744073643680674]}, "c_output": {"result": 0, "hashing_t": 2.569, "oprf_t": 880.281, "poly_t": 25.912, "poly_trans_t": 138.63, "aby_online_t": 214.054, "aby_setup_t": 1481.03, "aby_total_t": 1695.08, "aby_baseot_t": 39347.9, "total_t": 43110.1, "nobase_t": 2955.31, "poly_d_rs": [30304, 0], "oprf_d_rs": [16944, 83297], "aby_online_d_rs": [29000, 29000], "aby_setup_d_rs": [1228843, 1228852], "aby_total_d_rs": [1257843, 1257852], "aby_baseot_d_rs": [67159124, 67159115], "total_d_rs": [1305091, 1341149], "nobase_d_rs": [18446744073643680683, 18446744073643733577]}, "batch": "NetworkDebugging_NewRTTs_WAN3"}