{"setup": "desktop-app", "repeat": 0, "parameters": {"client_neles": 1024, "server_neles": 1024, "epsilon": 1.27, "server_ip": "192.168.0.2", "port": 7777, "threads": 1, "threshold": 0, "n_fun": 3, "payload_bl": 2, "fun_type": 0, "overlap": 25, "nmegabins": 4, "poly_size": 947, "bit_len": 60}, "network": {"type": "WAN", "delay": 29, "loss": 0.1, "rateDown": 230, "rateUp": 230}, "s_output": {"rtt": 39.6946, "throughput": 4.20528, "result": 0, "hashing_t": 3.98707, "oprf_t": 967.706, "poly_t": 175.362, "poly_trans_t": 0.045186, "aby_online_t": 164.039, "aby_setup_t": 818.006, "aby_total_t": 982.045, "aby_baseot_t": 31615.5, "total_t": 34741.5, "nobase_t": 2684.83, "poly_d_rs": [0, 30304], "oprf_d_rs": [83297, 16944], "aby_online_d_rs": [29000, 29000], "aby_setup_d_rs": [1228843, 1228843], "aby_total_d_rs": [1257843, 1257843], "aby_baseot_d_rs": [67159124, 67159124], "total_d_rs": [1341140, 1305091], "nobase_d_rs": [18446744073643733559, 18446744073643680683]}, "c_output": {"result": 0, "hashing_t": 2.628, "oprf_t": 873.506, "poly_t": 16.462, "poly_trans_t": 163.858, "aby_online_t": 193.806, "aby_setup_t": 822.119, "aby_total_t": 1015.93, "aby_baseot_t": 31620.0, "total_t": 34770.8, "nobase_t": 2343.35, "poly_d_rs": [30304, 0], "oprf_d_rs": [16944, 83297], "aby_online_d_rs": [29000, 29000], "aby_setup_d_rs": [1228843, 1228852], "aby_total_d_rs": [1257843, 1257852], "aby_baseot_d_rs": [67159124, 67159115], "total_d_rs": [1305091, 1341149], "nobase_d_rs": [18446744073643680683, 18446744073643733577]}, "batch": "NetworkDebugging_NewRTTs_WAN3"}