{"setup": "desktop-app", "repeat": 13, "parameters": {"client_neles": 1024, "server_neles": 1024, "epsilon": 1.27, "server_ip": "192.168.0.2", "port": 7777, "threads": 1, "threshold": 0, "n_fun": 3, "payload_bl": 2, "fun_type": 0, "overlap": 25, "nmegabins": 4, "poly_size": 947, "bit_len": 60}, "network": {"type": "WAN", "delay": 30, "loss": 0.1, "rateDown": 230, "rateUp": 230}, "s_output": {"rtt": 40.4935, "throughput": 3.63562, "result": 0, "hashing_t": 4.03774, "oprf_t": 1031.18, "poly_t": 131.413, "poly_trans_t": 0.038668, "aby_online_t": 176.632, "aby_setup_t": 438.154, "aby_total_t": 614.786, "aby_baseot_t": 36385.1, "total_t": 39184.9, "nobase_t": 2380.35, "poly_d_rs": [0, 30304], "oprf_d_rs": [83297, 16944], "aby_online_d_rs": [29000, 29000], "aby_setup_d_rs": [1228843, 1228843], "aby_total_d_rs": [1257843, 1257843], "aby_baseot_d_rs": [67159124, 67159124], "total_d_rs": [1341140, 1305091], "nobase_d_rs": [18446744073643733559, 18446744073643680683]}, "c_output": {"result": 0, "hashing_t": 2.572, "oprf_t": 944.855, "poly_t": 24.308, "poly_trans_t": 127.59, "aby_online_t": 201.975, "aby_setup_t": 437.864, "aby_total_t": 639.839, "aby_baseot_t": 36392.2, "total_t": 39213.0, "nobase_t": 1948.58, "poly_d_rs": [30304, 0], "oprf_d_rs": [16944, 83297], "aby_online_d_rs": [29000, 29000], "aby_setup_d_rs": [1228843, 1228852], "aby_total_d_rs": [1257843, 1257852], "aby_baseot_d_rs": [67159124, 67159115], "total_d_rs": [1305091, 1341149], "nobase_d_rs": [18446744073643680683, 18446744073643733577]}, "batch": "NetworkDebugging_NewRTTs_WAN3"}