{"setup": "desktop-app", "repeat": 15, "parameters": {"client_neles": 1024, "server_neles": 1024, "epsilon": 1.27, "server_ip": "192.168.0.2", "port": 7777, "threads": 1, "threshold": 0, "n_fun": 3, "payload_bl": 2, "fun_type": 0, "overlap": 25, "nmegabins": 4, "poly_size": 947, "bit_len": 60}, "network": {"type": "WAN", "delay": 30, "loss": 0.1, "rateDown": 230, "rateUp": 230}, "s_output": {"rtt": 41.1066, "throughput": 3.0232, "result": 0, "hashing_t": 0.950626, "oprf_t": 984.448, "poly_t": 108.95, "poly_trans_t": 0.036769, "aby_online_t": 166.925, "aby_setup_t": 902.064, "aby_total_t": 1068.99, "aby_baseot_t": 43546.8, "total_t": 46731.0, "nobase_t": 2711.92, "poly_d_rs": [0, 30304], "oprf_d_rs": [83297, 16944], "aby_online_d_rs": [28999, 29000], "aby_setup_d_rs": [1228844, 1228843], "aby_total_d_rs": [1257843, 1257843], "aby_baseot_d_rs": [67159124, 67159124], "total_d_rs": [1341140, 1305091], "nobase_d_rs": [18446744073643733559, 18446744073643680683]}, "c_output": {"result": 0, "hashing_t": 2.573, "oprf_t": 913.328, "poly_t": 33.402, "poly_trans_t": 120.802, "aby_online_t": 198.783, "aby_setup_t": 903.697, "aby_total_t": 1102.48, "aby_baseot_t": 43557.0, "total_t": 46770.1, "nobase_t": 2370.42, "poly_d_rs": [30304, 0], "oprf_d_rs": [16944, 83297], "aby_online_d_rs": [29000, 29000], "aby_setup_d_rs": [1228843, 1228843], "aby_total_d_rs": [1257843, 1257843], "aby_baseot_d_rs": [67159124, 67159124], "total_d_rs": [1305091, 1341140], "nobase_d_rs": [18446744073643680683, 18446744073643733559]}, "batch": "NetworkDebugging_NewRTTs_WAN3"}