{"setup": "desktop-app", "repeat": 16, "parameters": {"client_neles": 1024, "server_neles": 1024, "epsilon": 1.27, "server_ip": "192.168.0.2", "port": 7777, "threads": 1, "threshold": 0, "n_fun": 3, "payload_bl": 2, "fun_type": 0, "overlap": 25, "nmegabins": 4, "poly_size": 947, "bit_len": 60}, "network": {"type": "WAN", "delay": 30, "loss": 0.1, "rateDown": 230, "rateUp": 230}, "s_output": {"rtt": 40.2547, "throughput": 3.16527, "result": 0, "hashing_t": 3.50599, "oprf_t": 980.046, "poly_t": 140.115, "poly_trans_t": 0.039209, "aby_online_t": 171.41, "aby_setup_t": 1027.71, "aby_total_t": 1199.12, "aby_baseot_t": 41637.3, "total_t": 44987.9, "nobase_t": 2926.77, "poly_d_rs": [0, 30304], "oprf_d_rs": [83297, 16944], "aby_online_d_rs": [28999, 29000], "aby_setup_d_rs": [1228844, 1228843], "aby_total_d_rs": [1257843, 1257843], "aby_baseot_d_rs": [67159124, 67159124], "total_d_rs": [1341140, 1305091], "nobase_d_rs": [18446744073643733559, 18446744073643680683]}, "c_output": {"result": 0, "hashing_t": 2.647, "oprf_t": 893.095, "poly_t": 27.8, "poly_trans_t": 129.995, "aby_online_t": 199.36, "aby_setup_t": 1026.89, "aby_total_t": 1226.25, "aby_baseot_t": 41645.7, "total_t": 45011.2, "nobase_t": 2544.15, "poly_d_rs": [30304, 0], "oprf_d_rs": [16944, 83297], "aby_online_d_rs": [29000, 29000], "aby_setup_d_rs": [1228843, 1228843], "aby_total_d_rs": [1257843, 1257843], "aby_baseot_d_rs": [67159124, 67159124], "total_d_rs": [1305091, 1341140], "nobase_d_rs": [18446744073643680683, 18446744073643733559]}, "batch": "NetworkDebugging_NewRTTs_WAN3"}