{"setup": "desktop-app", "repeat": 18, "parameters": {"client_neles": 1024, "server_neles": 1024, "epsilon": 1.27, "server_ip": "192.168.0.2", "port": 7777, "threads": 1, "threshold": 0, "n_fun": 3, "payload_bl": 2, "fun_type": 0, "overlap": 25, "nmegabins": 4, "poly_size": 947, "bit_len": 60}, "network": {"type": "WAN", "delay": 30, "loss": 0.1, "rateDown": 230, "rateUp": 230}, "s_output": {"rtt": 40.8338, "throughput": 3.45842, "result": 0, "hashing_t": 0.951633, "oprf_t": 1046.59, "poly_t": 170.004, "poly_trans_t": 0.0401, "aby_online_t": 166.908, "aby_setup_t": 901.784, "aby_total_t": 1068.69, "aby_baseot_t": 38216.0, "total_t": 41531.6, "nobase_t": 2853.54, "poly_d_rs": [0, 30304], "oprf_d_rs": [83297, 16944], "aby_online_d_rs": [28999, 29000], "aby_setup_d_rs": [1228844, 1228843], "aby_total_d_rs": [1257843, 1257843], "aby_baseot_d_rs": [67159124, 67159124], "total_d_rs": [1341140, 1305091], "nobase_d_rs": [18446744073643733559, 18446744073643680683]}, "c_output": {"result": 0, "hashing_t": 2.582, "oprf_t": 950.516, "poly_t": 33.486, "poly_trans_t": 161.793, "aby_online_t": 205.309, "aby_setup_t": 897.905, "aby_total_t": 1103.21, "aby_baseot_t": 38220.5, "total_t": 41567.7, "nobase_t": 2465.97, "poly_d_rs": [30304, 0], "oprf_d_rs": [16944, 83297], "aby_online_d_rs": [29000, 29000], "aby_setup_d_rs": [1228843, 1228843], "aby_total_d_rs": [1257843, 1257843], "aby_baseot_d_rs": [67159124, 67159124], "total_d_rs": [1305091, 1341140], "nobase_d_rs": [18446744073643680683, 18446744073643733559]}, "batch": "NetworkDebugging_NewRTTs_WAN3"}