{"setup": "desktop-app", "repeat": 6, "parameters": {"client_neles": 1024, "server_neles": 1024, "epsilon": 1.27, "server_ip": "192.168.0.2", "port": 7777, "threads": 1, "threshold": 0, "n_fun": 3, "payload_bl": 2, "fun_type": 0, "overlap": 25, "nmegabins": 4, "poly_size": 947, "bit_len": 60}, "network": {"type": "WAN", "delay": 30, "loss": 0.1, "rateDown": 230, "rateUp": 230}, "s_output": {"rtt": 41.2604, "throughput": 3.04029, "result": 0, "hashing_t": 0.994243, "oprf_t": 1012.48, "poly_t": 186.725, "poly_trans_t": 0.045392, "aby_online_t": 199.875, "aby_setup_t": 949.635, "aby_total_t": 1149.51, "aby_baseot_t": 43313.2, "total_t": 46683.6, "nobase_t": 2925.25, "poly_d_rs": [0, 30304], "oprf_d_rs": [83297, 16944], "aby_online_d_rs": [19241, 28991], "aby_setup_d_rs": [1238602, 1228843], "aby_total_d_rs": [1257843, 1257834], "aby_baseot_d_rs": [67159124, 67159124], "total_d_rs": [1341140, 1305082], "nobase_d_rs": [18446744073643733559, 18446744073643680674]}, "c_output": {"result": 0, "hashing_t": 2.428, "oprf_t": 923.619, "poly_t": 33.973, "poly_trans_t": 167.066, "aby_online_t": 244.442, "aby_setup_t": 941.752, "aby_total_t": 1186.19, "aby_baseot_t": 43324.4, "total_t": 46721.7, "nobase_t": 2540.74, "poly_d_rs": [30304, 0], "oprf_d_rs": [16944, 83297], "aby_online_d_rs": [29000, 29000], "aby_setup_d_rs": [1228843, 1228843], "aby_total_d_rs": [1257843, 1257843], "aby_baseot_d_rs": [67159124, 67159124], "total_d_rs": [1305091, 1341140], "nobase_d_rs": [18446744073643680683, 18446744073643733559]}, "batch": "NetworkDebugging_NewRTTs_WAN3"}