{"setup": "desktop-app", "repeat": 1, "parameters": {"client_neles": 1024, "server_neles": 1024, "epsilon": 1.27, "server_ip": "192.168.0.2", "port": 7777, "threads": 1, "threshold": 0, "n_fun": 3, "payload_bl": 2, "fun_type": 0, "overlap": 25, "nmegabins": 4, "poly_size": 947, "bit_len": 60}, "network": {"type": "WAN", "delay": 29, "loss": 0.1, "rateDown": 230, "rateUp": 230}, "s_output": {"rtt": 38.2316, "throughput": 3.63702, "result": 0, "hashing_t": 4.52526, "oprf_t": 962.143, "poly_t": 152.271, "poly_trans_t": 0.041552, "aby_online_t": 161.308, "aby_setup_t": 847.425, "aby_total_t": 1008.73, "aby_baseot_t": 36356.8, "total_t": 39482.3, "nobase_t": 2692.4, "poly_d_rs": [0, 30304], "oprf_d_rs": [83297, 16944], "aby_online_d_rs": [19241, 29000], "aby_setup_d_rs": [1238602, 1228843], "aby_total_d_rs": [1257843, 1257843], "aby_baseot_d_rs": [67159124, 67159124], "total_d_rs": [1341140, 1305091], "nobase_d_rs": [18446744073643733559, 18446744073643680683]}, "c_output": {"result": 0, "hashing_t": 8.022, "oprf_t": 861.54, "poly_t": 25.584, "poly_trans_t": 132.76, "aby_online_t": 195.3, "aby_setup_t": 843.565, "aby_total_t": 1038.87, "aby_baseot_t": 36361.7, "total_t": 39512.8, "nobase_t": 2354.21, "poly_d_rs": [30304, 0], "oprf_d_rs": [16944, 83297], "aby_online_d_rs": [29000, 29000], "aby_setup_d_rs": [1228843, 1228843], "aby_total_d_rs": [1257843, 1257843], "aby_baseot_d_rs": [67159124, 67159124], "total_d_rs": [1305091, 1341140], "nobase_d_rs": [18446744073643680683, 18446744073643733559]}, "batch": "NetworkDebugging_NewRTTs_WAN3"}