{"setup": "desktop-app", "repeat": 2, "parameters": {"client_neles": 1024, "server_neles": 1024, "epsilon": 1.27, "server_ip": "192.168.0.2", "port": 7777, "threads": 1, "threshold": 0, "n_fun": 3, "payload_bl": 2, "fun_type": 0, "overlap": 25, "nmegabins": 4, "poly_size": 947, "bit_len": 60}, "network": {"type": "WAN", "delay": 30, "loss": 0.1, "rateDown": 230, "rateUp": 230}, "s_output": {"rtt": 43.0497, "throughput": 3.2369, "result": 0, "hashing_t": 1.04635, "oprf_t": 933.617, "poly_t": 130.223, "poly_trans_t": 0.026127, "aby_online_t": 168.111, "aby_setup_t": 906.985, "aby_total_t": 1075.1, "aby_baseot_t": 40776.7, "total_t": 43957.0, "nobase_t": 2733.81, "poly_d_rs": [0, 30304], "oprf_d_rs": [83297, 16944], "aby_online_d_rs": [28999, 29000], "aby_setup_d_rs": [1228844, 1228843], "aby_total_d_rs": [1257843, 1257843], "aby_baseot_d_rs": [67159124, 67159124], "total_d_rs": [1341140, 1305091], "nobase_d_rs": [18446744073643733559, 18446744073643680683]}, "c_output": {"result": 0, "hashing_t": 1.429, "oprf_t": 841.937, "poly_t": 33.616, "poly_trans_t": 165.666, "aby_online_t": 192.135, "aby_setup_t": 907.914, "aby_total_t": 1100.05, "aby_baseot_t": 40786.3, "total_t": 43975.3, "nobase_t": 2410.29, "poly_d_rs": [30304, 0], "oprf_d_rs": [16944, 83297], "aby_online_d_rs": [29000, 29000], "aby_setup_d_rs": [1228843, 1228843], "aby_total_d_rs": [1257843, 1257843], "aby_baseot_d_rs": [67159124, 67159124], "total_d_rs": [1305091, 1341140], "nobase_d_rs": [18446744073643680683, 18446744073643733559]}, "batch": "NetworkDebugging_NewRTTs_WAN3"}