{"setup": "desktop-app", "repeat": 23, "parameters": {"client_neles": 1024, "server_neles": 1024, "epsilon": 1.27, "server_ip": "192.168.0.2", "port": 7777, "threads": 1, "threshold": 0, "n_fun": 3, "payload_bl": 2, "fun_type": 0, "overlap": 25, "nmegabins": 4, "poly_size": 947, "bit_len": 60}, "network": {"type": "WAN", "delay": 30, "loss": 0.1, "rateDown": 230, "rateUp": 230}, "s_output": {"rtt": 40.9569, "throughput": 3.25026, "result": 0, "hashing_t": 4.03262, "oprf_t": 978.367, "poly_t": 140.698, "poly_trans_t": 0.033601, "aby_online_t": 176.696, "aby_setup_t": 911.164, "aby_total_t": 1087.86, "aby_baseot_t": 40547.2, "total_t": 43773.7, "nobase_t": 2761.4, "poly_d_rs": [0, 30304], "oprf_d_rs": [83297, 16944], "aby_online_d_rs": [28999, 29000], "aby_setup_d_rs": [1228844, 1228843], "aby_total_d_rs": [1257843, 1257843], "aby_baseot_d_rs": [67159124, 67159124], "total_d_rs": [1341140, 1305091], "nobase_d_rs": [18446744073643733559, 18446744073643680683]}, "c_output": {"result": 0, "hashing_t": 2.574, "oprf_t": 890.906, "poly_t": 25.652, "poly_trans_t": 165.215, "aby_online_t": 203.879, "aby_setup_t": 906.845, "aby_total_t": 1110.72, "aby_baseot_t": 40557.2, "total_t": 43795.3, "nobase_t": 2413.11, "poly_d_rs": [30304, 0], "oprf_d_rs": [16944, 83297], "aby_online_d_rs": [29000, 29000], "aby_setup_d_rs": [1228843, 1228843], "aby_total_d_rs": [1257843, 1257843], "aby_baseot_d_rs": [67159124, 67159124], "total_d_rs": [1305091, 1341140], "nobase_d_rs": [18446744073643680683, 18446744073643733559]}, "batch": "NetworkDebugging_NewRTTs_WAN3"}