{"setup": "desktop-app", "repeat": 4, "parameters": {"client_neles": 1024, "server_neles": 1024, "epsilon": 1.27, "server_ip": "192.168.0.2", "port": 7777, "threads": 1, "threshold": 0, "n_fun": 3, "payload_bl": 2, "fun_type": 0, "overlap": 25, "nmegabins": 4, "poly_size": 947, "bit_len": 60}, "network": {"type": "WAN", "delay": 30, "loss": 0.1, "rateDown": 230, "rateUp": 230}, "s_output": {"rtt": 40.9014, "throughput": 3.28789, "result": 0, "hashing_t": 4.05606, "oprf_t": 1047.69, "poly_t": 147.702, "poly_trans_t": 0.03302, "aby_online_t": 167.028, "aby_setup_t": 918.441, "aby_total_t": 1085.47, "aby_baseot_t": 40194.4, "total_t": 43497.6, "nobase_t": 2854.48, "poly_d_rs": [0, 30304], "oprf_d_rs": [83297, 16944], "aby_online_d_rs": [28999, 29000], "aby_setup_d_rs": [1228835, 1228843], "aby_total_d_rs": [1257834, 1257843], "aby_baseot_d_rs": [67159133, 67159124], "total_d_rs": [1341131, 1305091], "nobase_d_rs": [18446744073643733541, 18446744073643680683]}, "c_output": {"result": 0, "hashing_t": 2.634, "oprf_t": 955.963, "poly_t": 29.39, "poly_trans_t": 128.432, "aby_online_t": 199.883, "aby_setup_t": 940.379, "aby_total_t": 1140.26, "aby_baseot_t": 40178.1, "total_t": 43529.0, "nobase_t": 2464.9, "poly_d_rs": [30304, 0], "oprf_d_rs": [16944, 83297], "aby_online_d_rs": [29000, 29000], "aby_setup_d_rs": [1228843, 1228852], "aby_total_d_rs": [1257843, 1257852], "aby_baseot_d_rs": [67159124, 67159115], "total_d_rs": [1305091, 1341149], "nobase_d_rs": [18446744073643680683, 18446744073643733577]}, "batch": "NetworkDebugging_NewRTTs_WAN3"}