{"setup": "desktop-app", "repeat": 14, "parameters": {"client_neles": 1024, "server_neles": 1024, "epsilon": 1.27, "server_ip": "192.168.0.2", "port": 7777, "threads": 1, "threshold": 0, "n_fun": 3, "payload_bl": 2, "fun_type": 0, "overlap": 25, "nmegabins": 4, "poly_size": 947, "bit_len": 60}, "network": {"type": "WAN", "delay": 30, "loss": 0.1, "rateDown": 230, "rateUp": 230}, "s_output": {"rtt": 40.4902, "throughput": 3.41444, "result": 0, "hashing_t": 0.970179, "oprf_t": 936.397, "poly_t": 95.5785, "poly_trans_t": 0.025758, "aby_online_t": 168.95, "aby_setup_t": 928.881, "aby_total_t": 1097.83, "aby_baseot_t": 38698.3, "total_t": 41857.3, "nobase_t": 2739.15, "poly_d_rs": [0, 30304], "oprf_d_rs": [83297, 16944], "aby_online_d_rs": [29000, 29000], "aby_setup_d_rs": [1228843, 1228843], "aby_total_d_rs": [1257843, 1257843], "aby_baseot_d_rs": [67159124, 67159124], "total_d_rs": [1341140, 1305091], "nobase_d_rs": [18446744073643733559, 18446744073643680683]}, "c_output": {"result": 0, "hashing_t": 2.573, "oprf_t": 847.273, "poly_t": 32.235, "poly_trans_t": 130.438, "aby_online_t": 199.441, "aby_setup_t": 927.794, "aby_total_t": 1127.23, "aby_baseot_t": 38709.0, "total_t": 41890.4, "nobase_t": 2399.67, "poly_d_rs": [30304, 0], "oprf_d_rs": [16944, 83297], "aby_online_d_rs": [29000, 29000], "aby_setup_d_rs": [1228843, 1228843], "aby_total_d_rs": [1257843, 1257843], "aby_baseot_d_rs": [67159124, 67159124], "total_d_rs": [1305091, 1341140], "nobase_d_rs": [18446744073643680683, 18446744073643733559]}, "batch": "NetworkDebugging_NewRTTs_WAN3"}