{"setup": "desktop-app", "repeat": 11, "parameters": {"client_neles": 1024, "server_neles": 1024, "epsilon": 1.27, "server_ip": "192.168.0.2", "port": 7777, "threads": 1, "threshold": 0, "n_fun": 3, "payload_bl": 2, "fun_type": 0, "overlap": 25, "nmegabins": 4, "poly_size": 947, "bit_len": 60}, "network": {"type": "WAN", "delay": 30, "loss": 0.1, "rateDown": 230, "rateUp": 230}, "s_output": {"rtt": 40.6715, "throughput": 3.36207, "result": 0, "hashing_t": 1.61778, "oprf_t": 983.337, "poly_t": 174.702, "poly_trans_t": 0.035172, "aby_online_t": 168.432, "aby_setup_t": 900.764, "aby_total_t": 1069.2, "aby_baseot_t": 39355.4, "total_t": 42607.3, "nobase_t": 2784.09, "poly_d_rs": [0, 30304], "oprf_d_rs": [83297, 16944], "aby_online_d_rs": [28991, 28991], "aby_setup_d_rs": [1228852, 1228843], "aby_total_d_rs": [1257843, 1257834], "aby_baseot_d_rs": [67159124, 67159124], "total_d_rs": [1341140, 1305082], "nobase_d_rs": [18446744073643733559, 18446744073643680674]}, "c_output": {"result": 0, "hashing_t": 2.67, "oprf_t": 898.048, "poly_t": 28.184, "poly_trans_t": 167.833, "aby_online_t": 210.172, "aby_setup_t": 915.795, "aby_total_t": 1125.97, "aby_baseot_t": 39342.4, "total_t": 42648.9, "nobase_t": 2476.58, "poly_d_rs": [30304, 0], "oprf_d_rs": [16944, 83297], "aby_online_d_rs": [29009, 29000], "aby_setup_d_rs": [1228843, 1228843], "aby_total_d_rs": [1257852, 1257843], "aby_baseot_d_rs": [67159124, 67159124], "total_d_rs": [1305100, 1341140], "nobase_d_rs": [18446744073643680692, 18446744073643733559]}, "batch": "NetworkDebugging_NewRTTs_WAN3"}