{"setup": "desktop-app", "repeat": 21, "parameters": {"client_neles": 1024, "server_neles": 1024, "epsilon": 1.27, "server_ip": "192.168.0.2", "port": 7777, "threads": 1, "threshold": 0, "n_fun": 3, "payload_bl": 2, "fun_type": 0, "overlap": 25, "nmegabins": 4, "poly_size": 947, "bit_len": 60}, "network": {"type": "WAN", "delay": 30, "loss": 0.1, "rateDown": 230, "rateUp": 230}, "s_output": {"rtt": 41.52, "throughput": 3.33724, "result": 0, "hashing_t": 4.01633, "oprf_t": 987.951, "poly_t": 101.572, "poly_trans_t": 0.033856, "aby_online_t": 170.739, "aby_setup_t": 884.607, "aby_total_t": 1055.35, "aby_baseot_t": 39567.6, "total_t": 42724.8, "nobase_t": 2696.33, "poly_d_rs": [0, 30304], "oprf_d_rs": [83297, 16944], "aby_online_d_rs": [29000, 29000], "aby_setup_d_rs": [1228843, 1228843], "aby_total_d_rs": [1257843, 1257843], "aby_baseot_d_rs": [67159124, 67159124], "total_d_rs": [1341140, 1305091], "nobase_d_rs": [18446744073643733559, 18446744073643680683]}, "c_output": {"result": 0, "hashing_t": 2.616, "oprf_t": 900.428, "poly_t": 29.776, "poly_trans_t": 130.809, "aby_online_t": 203.287, "aby_setup_t": 888.161, "aby_total_t": 1091.45, "aby_baseot_t": 39571.7, "total_t": 42757.0, "nobase_t": 2355.8, "poly_d_rs": [30304, 0], "oprf_d_rs": [16944, 83297], "aby_online_d_rs": [29000, 29000], "aby_setup_d_rs": [1228843, 1228843], "aby_total_d_rs": [1257843, 1257843], "aby_baseot_d_rs": [67159124, 67159124], "total_d_rs": [1305091, 1341140], "nobase_d_rs": [18446744073643680683, 18446744073643733559]}, "batch": "NetworkDebugging_NewRTTs_WAN3"}