{"setup": "desktop-app", "repeat": 2, "parameters": {"client_neles": 1024, "server_neles": 1024, "epsilon": 1.27, "server_ip": "192.168.0.2", "port": 7777, "threads": 1, "threshold": 0, "n_fun": 3, "payload_bl": 2, "fun_type": 0, "overlap": 25, "nmegabins": 4, "poly_size": 947, "bit_len": 60}, "network": {"type": "WAN", "delay": 29, "loss": 0.1, "rateDown": 230, "rateUp": 230}, "s_output": {"rtt": 38.9896, "throughput": 4.78705, "result": 0, "hashing_t": 1.06202, "oprf_t": 1021.56, "poly_t": 106.097, "poly_trans_t": 0.034499, "aby_online_t": 154.629, "aby_setup_t": 857.143, "aby_total_t": 1011.77, "aby_baseot_t": 27871.1, "total_t": 31001.4, "nobase_t": 2663.6, "poly_d_rs": [0, 30304], "oprf_d_rs": [83297, 16944], "aby_online_d_rs": [28991, 28991], "aby_setup_d_rs": [1228852, 1228843], "aby_total_d_rs": [1257843, 1257834], "aby_baseot_d_rs": [67159124, 67159124], "total_d_rs": [1341140, 1305082], "nobase_d_rs": [18446744073643733559, 18446744073643680674]}, "c_output": {"result": 0, "hashing_t": 1.563, "oprf_t": 953.078, "poly_t": 30.041, "poly_trans_t": 132.927, "aby_online_t": 191.472, "aby_setup_t": 860.408, "aby_total_t": 1051.88, "aby_baseot_t": 27871.3, "total_t": 31036.5, "nobase_t": 2280.92, "poly_d_rs": [30304, 0], "oprf_d_rs": [16944, 83297], "aby_online_d_rs": [29001, 29000], "aby_setup_d_rs": [1228843, 1228852], "aby_total_d_rs": [1257844, 1257852], "aby_baseot_d_rs": [67159124, 67159115], "total_d_rs": [1305092, 1341149], "nobase_d_rs": [18446744073643680684, 18446744073643733577]}, "batch": "NetworkDebugging_NewRTTs_WAN3"}