{"setup": "desktop-app", "repeat": 24, "parameters": {"client_neles": 1024, "server_neles": 1024, "epsilon": 1.27, "server_ip": "192.168.0.2", "port": 7777, "threads": 1, "threshold": 0, "n_fun": 3, "payload_bl": 2, "fun_type": 0, "overlap": 25, "nmegabins": 4, "poly_size": 947, "bit_len": 60}, "network": {"type": "WAN", "delay": 30, "loss": 0.1, "rateDown": 230, "rateUp": 230}, "s_output": {"rtt": 41.931, "throughput": 3.83968, "result": 0, "hashing_t": 4.63179, "oprf_t": 987.492, "poly_t": 135.292, "poly_trans_t": 0.039119, "aby_online_t": 170.339, "aby_setup_t": 1501.53, "aby_total_t": 1671.87, "aby_baseot_t": 34593.1, "total_t": 38427.4, "nobase_t": 3395.42, "poly_d_rs": [0, 30304], "oprf_d_rs": [83297, 16944], "aby_online_d_rs": [29000, 29000], "aby_setup_d_rs": [1228843, 1228843], "aby_total_d_rs": [1257843, 1257843], "aby_baseot_d_rs": [67159124, 67159124], "total_d_rs": [1341140, 1305091], "nobase_d_rs": [18446744073643733559, 18446744073643680683]}, "c_output": {"result": 0, "hashing_t": 2.586, "oprf_t": 886.339, "poly_t": 34.712, "poly_trans_t": 144.785, "aby_online_t": 193.555, "aby_setup_t": 1517.16, "aby_total_t": 1710.72, "aby_baseot_t": 34587.9, "total_t": 38450.6, "nobase_t": 3040.7, "poly_d_rs": [30304, 0], "oprf_d_rs": [16944, 83297], "aby_online_d_rs": [29000, 29000], "aby_setup_d_rs": [1228843, 1228843], "aby_total_d_rs": [1257843, 1257843], "aby_baseot_d_rs": [67159124, 67159124], "total_d_rs": [1305091, 1341140], "nobase_d_rs": [18446744073643680683, 18446744073643733559]}, "batch": "NetworkDebugging_NewRTTs_WAN3"}