{"setup": "desktop-app", "repeat": 10, "parameters": {"client_neles": 1024, "server_neles": 1024, "epsilon": 1.27, "server_ip": "192.168.0.2", "port": 7777, "threads": 1, "threshold": 0, "n_fun": 3, "payload_bl": 2, "fun_type": 0, "overlap": 25, "nmegabins": 4, "poly_size": 947, "bit_len": 60}, "network": {"type": "WAN", "delay": 30, "loss": 0.1, "rateDown": 230, "rateUp": 230}, "s_output": {"rtt": 40.7692, "throughput": 2.56374, "result": 0, "hashing_t": 4.59025, "oprf_t": 1046.64, "poly_t": 107.667, "poly_trans_t": 0.03738, "aby_online_t": 173.852, "aby_setup_t": 868.488, "aby_total_t": 1042.34, "aby_baseot_t": 51138.6, "total_t": 54343.1, "nobase_t": 2717.7, "poly_d_rs": [0, 30304], "oprf_d_rs": [83297, 16944], "aby_online_d_rs": [19241, 29000], "aby_setup_d_rs": [1238602, 1228843], "aby_total_d_rs": [1257843, 1257843], "aby_baseot_d_rs": [67159124, 67159124], "total_d_rs": [1341140, 1305091], "nobase_d_rs": [18446744073643733559, 18446744073643680683]}, "c_output": {"result": 0, "hashing_t": 1.061, "oprf_t": 963.91, "poly_t": 25.409, "poly_trans_t": 134.28, "aby_online_t": 217.266, "aby_setup_t": 866.609, "aby_total_t": 1083.88, "aby_baseot_t": 51144.1, "total_t": 54384.1, "nobase_t": 2340.9, "poly_d_rs": [30304, 0], "oprf_d_rs": [16944, 83297], "aby_online_d_rs": [29009, 29000], "aby_setup_d_rs": [1228843, 1228843], "aby_total_d_rs": [1257852, 1257843], "aby_baseot_d_rs": [67159124, 67159124], "total_d_rs": [1305100, 1341140], "nobase_d_rs": [18446744073643680692, 18446744073643733559]}, "batch": "NetworkDebugging_NewRTTs_WAN3"}