{"setup": "desktop-app", "repeat": 3, "parameters": {"client_neles": 1024, "server_neles": 1024, "epsilon": 1.27, "server_ip": "192.168.0.2", "port": 7777, "threads": 1, "threshold": 0, "n_fun": 3, "payload_bl": 2, "fun_type": 0, "overlap": 25, "nmegabins": 4, "poly_size": 947, "bit_len": 60}, "network": {"type": "WAN", "delay": 30, "loss": 0.1, "rateDown": 230, "rateUp": 230}, "s_output": {"rtt": 42.0738, "throughput": 3.5224, "result": 0, "hashing_t": 1.09405, "oprf_t": 1000.49, "poly_t": 105.456, "poly_trans_t": 0.036385, "aby_online_t": 240.138, "aby_setup_t": 394.661, "aby_total_t": 634.799, "aby_baseot_t": 37562.5, "total_t": 40329.5, "nobase_t": 2340.84, "poly_d_rs": [0, 30304], "oprf_d_rs": [83297, 16944], "aby_online_d_rs": [28991, 29000], "aby_setup_d_rs": [1228852, 1228843], "aby_total_d_rs": [1257843, 1257843], "aby_baseot_d_rs": [67159124, 67159124], "total_d_rs": [1341140, 1305091], "nobase_d_rs": [18446744073643733559, 18446744073643680683]}, "c_output": {"result": 0, "hashing_t": 2.592, "oprf_t": 908.434, "poly_t": 31.069, "poly_trans_t": 138.94, "aby_online_t": 277.401, "aby_setup_t": 392.803, "aby_total_t": 670.204, "aby_baseot_t": 37568.4, "total_t": 40358.3, "nobase_t": 1950.66, "poly_d_rs": [30304, 0], "oprf_d_rs": [16944, 83297], "aby_online_d_rs": [29000, 29000], "aby_setup_d_rs": [1228843, 1228843], "aby_total_d_rs": [1257843, 1257843], "aby_baseot_d_rs": [67159124, 67159124], "total_d_rs": [1305091, 1341140], "nobase_d_rs": [18446744073643680683, 18446744073643733559]}, "batch": "NetworkDebugging_NewRTTs_WAN3"}