{"setup": "desktop-app", "repeat": 2, "parameters": {"client_neles": 1024, "server_neles": 1024, "epsilon": 1.27, "server_ip": "192.168.0.2", "port": 7777, "threads": 1, "threshold": 0, "n_fun": 3, "payload_bl": 2, "fun_type": 0, "overlap": 25, "nmegabins": 4, "poly_size": 946, "bit_len": 51}, "s_output": {"result": 0, "hashing_t": 4.20012, "oprf_t": 735.188, "poly_t": 88.9687, "poly_trans_t": 0.028973, "aby_online_t": 14.983, "aby_setup_t": 159.735, "aby_total_t": 174.718, "aby_baseot_t": 516.037, "total_t": 1572.95, "nobase_t": 766.106, "poly_d_rs": [0, 30272], "oprf_d_rs": [83297, 16944], "aby_online_d_rs": [19565, 29487], "aby_setup_d_rs": [1259245, 1249323], "aby_total_d_rs": [1278810, 1278810], "aby_baseot_d_rs": [49956, 49956], "total_d_rs": [1362107, 1326026], "nobase_d_rs": [1312078, 1259170]}, "c_output": {"result": 0, "hashing_t": 1.337, "oprf_t": 728.896, "poly_t": 27.554, "poly_trans_t": 73.029, "aby_online_t": 16.099, "aby_setup_t": 159.288, "aby_total_t": 175.387, "aby_baseot_t": 517.149, "total_t": 1572.41, "nobase_t": 359.146, "poly_d_rs": [30272, 0], "oprf_d_rs": [16944, 83297], "aby_online_d_rs": [29487, 29478], "aby_setup_d_rs": [1249323, 1249323], "aby_total_d_rs": [1278810, 1278801], "aby_baseot_d_rs": [49956, 49948], "total_d_rs": [1326026, 1362098], "nobase_d_rs": [1259170, 1312077]}, "batch": "ServerScalingAnalyticsDA_2"}