{"setup": "desktop-app", "repeat": 4, "parameters": {"client_neles": 1024, "server_neles": 2048, "epsilon": 1.27, "server_ip": "192.168.0.2", "port": 7777, "threads": 1, "threshold": 0, "n_fun": 3, "payload_bl": 2, "fun_type": 0, "overlap": 25, "nmegabins": 8, "poly_size": 964, "bit_len": 51}, "s_output": {"result": 0, "hashing_t": 2.05711, "oprf_t": 733.729, "poly_t": 140.386, "poly_trans_t": 0.033635, "aby_online_t": 13.206, "aby_setup_t": 145.66, "aby_total_t": 158.866, "aby_baseot_t": 525.25, "total_t": 1615.64, "nobase_t": 813.705, "poly_d_rs": [0, 61696], "oprf_d_rs": [83297, 16944], "aby_online_d_rs": [19565, 29478], "aby_setup_d_rs": [1259245, 1249323], "aby_total_d_rs": [1278810, 1278801], "aby_baseot_d_rs": [49956, 49956], "total_d_rs": [1362107, 1357441], "nobase_d_rs": [1312078, 1290585]}, "c_output": {"result": 0, "hashing_t": 1.6, "oprf_t": 705.147, "poly_t": 27.904, "poly_trans_t": 129.831, "aby_online_t": 15.962, "aby_setup_t": 144.703, "aby_total_t": 160.665, "aby_baseot_t": 527.359, "total_t": 1615.85, "nobase_t": 419.014, "poly_d_rs": [61696, 0], "oprf_d_rs": [16944, 83297], "aby_online_d_rs": [29487, 29487], "aby_setup_d_rs": [1249323, 1249323], "aby_total_d_rs": [1278810, 1278810], "aby_baseot_d_rs": [49956, 49956], "total_d_rs": [1357450, 1362107], "nobase_d_rs": [1290594, 1312078]}, "batch": "ServerScalingAnalyticsDA_2"}