{"setup": "desktop-app", "repeat": 3, "parameters": {"client_neles": 1024, "server_neles": 1024, "epsilon": 1.27, "server_ip": "192.168.0.2", "port": 7777, "threads": 1, "threshold": 0, "n_fun": 3, "payload_bl": 2, "fun_type": 0, "overlap": 25, "nmegabins": 4, "poly_size": 946, "bit_len": 51}, "s_output": {"result": 0, "hashing_t": 4.02494, "oprf_t": 712.179, "poly_t": 101.033, "poly_trans_t": 0.028019, "aby_online_t": 13.012, "aby_setup_t": 136.724, "aby_total_t": 149.736, "aby_baseot_t": 533.69, "total_t": 1547.09, "nobase_t": 713.131, "poly_d_rs": [0, 30272], "oprf_d_rs": [83297, 16944], "aby_online_d_rs": [29478, 29487], "aby_setup_d_rs": [1249332, 1249323], "aby_total_d_rs": [1278810, 1278810], "aby_baseot_d_rs": [49956, 49956], "total_d_rs": [1362107, 1326026], "nobase_d_rs": [1312078, 1259170]}, "c_output": {"result": 0, "hashing_t": 1.749, "oprf_t": 702.881, "poly_t": 23.376, "poly_trans_t": 85.886, "aby_online_t": 14.919, "aby_setup_t": 136.778, "aby_total_t": 151.697, "aby_baseot_t": 534.519, "total_t": 1548.01, "nobase_t": 342.75, "poly_d_rs": [30272, 0], "oprf_d_rs": [16944, 83297], "aby_online_d_rs": [29487, 29487], "aby_setup_d_rs": [1249323, 1249323], "aby_total_d_rs": [1278810, 1278810], "aby_baseot_d_rs": [49956, 49948], "total_d_rs": [1326026, 1362107], "nobase_d_rs": [1259170, 1312086]}, "batch": "ServerScalingAnalyticsDA_2"}