{"setup": "desktop-app", "repeat": 4, "parameters": {"client_neles": 1024, "server_neles": 4096, "epsilon": 1.27, "server_ip": "192.168.0.2", "port": 7777, "threads": 1, "threshold": 0, "n_fun": 3, "payload_bl": 2, "fun_type": 0, "overlap": 25, "nmegabins": 16, "poly_size": 975, "bit_len": 51}, "s_output": {"result": 0, "hashing_t": 4.38424, "oprf_t": 745.853, "poly_t": 272.916, "poly_trans_t": 5.77923, "aby_online_t": 16.309, "aby_setup_t": 130.989, "aby_total_t": 147.298, "aby_baseot_t": 511.664, "total_t": 1747.08, "nobase_t": 958.455, "poly_d_rs": [0, 124800], "oprf_d_rs": [83297, 16944], "aby_online_d_rs": [29478, 29487], "aby_setup_d_rs": [1249332, 1249323], "aby_total_d_rs": [1278810, 1278810], "aby_baseot_d_rs": [49956, 49956], "total_d_rs": [1362107, 1420554], "nobase_d_rs": [1312078, 1353698]}, "c_output": {"result": 0, "hashing_t": 1.649, "oprf_t": 722.088, "poly_t": 22.358, "poly_trans_t": 271.927, "aby_online_t": 17.853, "aby_setup_t": 130.353, "aby_total_t": 148.206, "aby_baseot_t": 514.299, "total_t": 1747.0, "nobase_t": 547.773, "poly_d_rs": [124800, 0], "oprf_d_rs": [16944, 83297], "aby_online_d_rs": [29487, 29487], "aby_setup_d_rs": [1249323, 1249323], "aby_total_d_rs": [1278810, 1278810], "aby_baseot_d_rs": [49956, 49948], "total_d_rs": [1420554, 1362107], "nobase_d_rs": [1353698, 1312086]}, "batch": "ServerScalingAnalyticsDA_2"}