{"setup": "desktop-app", "repeat": 2, "parameters": {"client_neles": 1024, "server_neles": 2048, "epsilon": 1.27, "server_ip": "192.168.0.2", "port": 7777, "threads": 1, "threshold": 0, "n_fun": 3, "payload_bl": 2, "fun_type": 0, "overlap": 25, "nmegabins": 8, "poly_size": 964, "bit_len": 51}, "s_output": {"result": 0, "hashing_t": 2.25359, "oprf_t": 740.525, "poly_t": 135.876, "poly_trans_t": 0.030192, "aby_online_t": 15.679, "aby_setup_t": 140.569, "aby_total_t": 156.248, "aby_baseot_t": 530.664, "total_t": 1610.75, "nobase_t": 784.809, "poly_d_rs": [0, 61696], "oprf_d_rs": [83297, 16944], "aby_online_d_rs": [19565, 29487], "aby_setup_d_rs": [1259245, 1249323], "aby_total_d_rs": [1278810, 1278810], "aby_baseot_d_rs": [49956, 49956], "total_d_rs": [1362107, 1357450], "nobase_d_rs": [1312078, 1290594]}, "c_output": {"result": 0, "hashing_t": 1.408, "oprf_t": 707.805, "poly_t": 20.967, "poly_trans_t": 124.705, "aby_online_t": 17.746, "aby_setup_t": 139.085, "aby_total_t": 156.831, "aby_baseot_t": 532.152, "total_t": 1611.07, "nobase_t": 397.32, "poly_d_rs": [61696, 0], "oprf_d_rs": [16944, 83297], "aby_online_d_rs": [29487, 29487], "aby_setup_d_rs": [1249323, 1249323], "aby_total_d_rs": [1278810, 1278810], "aby_baseot_d_rs": [49956, 49956], "total_d_rs": [1357450, 1362107], "nobase_d_rs": [1290594, 1312078]}, "batch": "ServerScalingAnalyticsDA_2"}