{"setup": "desktop-app", "repeat": 4, "parameters": {"client_neles": 1024, "server_neles": 1024, "epsilon": 1.27, "server_ip": "192.168.0.2", "port": 7777, "threads": 1, "threshold": 0, "n_fun": 3, "payload_bl": 2, "fun_type": 0, "overlap": 25, "nmegabins": 4, "poly_size": 946, "bit_len": 51}, "s_output": {"result": 0, "hashing_t": 4.17513, "oprf_t": 962.805, "poly_t": 79.7978, "poly_trans_t": 0.036506, "aby_online_t": 14.861, "aby_setup_t": 105.039, "aby_total_t": 119.9, "aby_baseot_t": 518.324, "total_t": 1733.54, "nobase_t": 702.147, "poly_d_rs": [0, 30272], "oprf_d_rs": [83297, 16944], "aby_online_d_rs": [29478, 29487], "aby_setup_d_rs": [1249332, 1249323], "aby_total_d_rs": [1278810, 1278810], "aby_baseot_d_rs": [49956, 49956], "total_d_rs": [1362107, 1326026], "nobase_d_rs": [1312078, 1259170]}, "c_output": {"result": 0, "hashing_t": 1.759, "oprf_t": 954.903, "poly_t": 24.336, "poly_trans_t": 66.719, "aby_online_t": 15.136, "aby_setup_t": 104.892, "aby_total_t": 120.028, "aby_baseot_t": 522.362, "total_t": 1732.8, "nobase_t": 287.622, "poly_d_rs": [30272, 0], "oprf_d_rs": [16944, 83297], "aby_online_d_rs": [29487, 29478], "aby_setup_d_rs": [1249323, 1249323], "aby_total_d_rs": [1278810, 1278801], "aby_baseot_d_rs": [49956, 49948], "total_d_rs": [1326026, 1362098], "nobase_d_rs": [1259170, 1312077]}, "batch": "ServerScalingAnalyticsDA_2"}