{"setup": "desktop-desktop", "repeat": 3, "parameters": {"client_neles": 4096, "server_neles": 4096, "epsilon": 1.27, "server_ip": "127.0.0.1", "port": 7777, "threads": 1, "threshold": 0, "n_fun": 3, "payload_bl": 2, "fun_type": 0, "overlap": 25, "nmegabins": 16, "poly_size": 975, "bit_len": 53}, "s_output": {"result": 0, "hashing_t": 5.62816, "oprf_t": 330.811, "poly_t": 248.752, "poly_trans_t": 0.05218, "aby_online_t": 2.011, "aby_setup_t": 65.028, "aby_total_t": 67.039, "total_t": 929.483, "nobase_t": 404.922, "poly_d_rs": [0, 124800], "oprf_d_rs": [332961, 16944], "aby_online_d_rs": [117750, 117741], "aby_setup_d_rs": [4995165, 4995165], "aby_total_d_rs": [5112915, 5112906], "total_d_rs": [5445876, 5254650], "nobase_d_rs": [5395847, 5187794]}, "c_output": {"result": 0, "hashing_t": 2.56919, "oprf_t": 320.471, "poly_t": 31.1931, "poly_trans_t": 220.533, "aby_online_t": 2.038, "aby_setup_t": 65.218, "aby_total_t": 67.256, "total_t": 929.565, "nobase_t": 387.381, "poly_d_rs": [124800, 0], "oprf_d_rs": [16944, 332961], "aby_online_d_rs": [117750, 117750], "aby_setup_d_rs": [4995165, 4995165], "aby_total_d_rs": [5112915, 5112915], "total_d_rs": [5254659, 5445876], "nobase_d_rs": [5187803, 5395856]}, "batch": "ServerScalingAnalyticsDD_1"}