{"setup": "desktop-app", "repeat": 1, "parameters": {"client_neles": 4096, "server_neles": 4096, "bit_len": 53, "epsilon": 1.27, "server_ip": "192.168.0.2", "port": 7777, "threads": 1, "threshold": 0, "nmegabins": 16, "poly_size": 975, "n_fun": 3, "payload_bl": 2, "fun_type": 2, "overlap": 25}, "s_output": {"result": 1024, "hashing_t": 6.58751, "oprf_t": 829.688, "poly_t": 278.53, "poly_trans_t": 4.48092, "aby_online_t": 59.488, "aby_setup_t": 403.202, "aby_total_t": 462.69, "total_t": 2193.94, "nobase_t": 1328.13, "poly_d_rs": [0, 124800], "oprf_d_rs": [332961, 16944], "aby_online_d_rs": [119192, 119192], "aby_setup_d_rs": [5079133, 5079133], "aby_total_d_rs": [5198325, 5198325], "total_d_rs": [5531286, 5340069], "nobase_d_rs": [5481257, 5273213]}, "c_output": {"result": 1024, "hashing_t": 8.894, "oprf_t": 767.978, "poly_t": 62.065, "poly_trans_t": 262.607, "aby_online_t": 61.51, "aby_setup_t": 404.359, "aby_total_t": 465.869, "total_t": 2194.68, "nobase_t": 958.654, "poly_d_rs": [124800, 0], "oprf_d_rs": [16944, 332961], "aby_online_d_rs": [119192, 119192], "aby_setup_d_rs": [5079133, 5079133], "aby_total_d_rs": [5198325, 5198325], "total_d_rs": [5340069, 5531286], "nobase_d_rs": [5273213, 5481257]}, "batch": "PsiTypesDA_2"}