{"setup": "desktop-desktop", "repeat": 3, "parameters": {"client_neles": 4096, "server_neles": 524288, "epsilon": 1.27, "server_ip": "127.0.0.1", "port": 7777, "threads": 1, "threshold": 0, "n_fun": 3, "payload_bl": 2, "fun_type": 0, "overlap": 25, "nmegabins": 1996, "poly_size": 1024, "bit_len": 53}, "s_output": {"result": 0, "hashing_t": 794.506, "oprf_t": 2517.13, "poly_t": 31640.7, "poly_trans_t": 3.72749, "aby_online_t": 1.794, "aby_setup_t": 63.183, "aby_total_t": 64.977, "total_t": 35446.8, "nobase_t": 34746.9, "poly_d_rs": [0, 16351232], "oprf_d_rs": [332961, 16944], "aby_online_d_rs": [117750, 117750], "aby_setup_d_rs": [4995165, 4995165], "aby_total_d_rs": [5112915, 5112915], "total_d_rs": [5445876, 21481091], "nobase_d_rs": [5395847, 21414235]}, "c_output": {"result": 0, "hashing_t": 2.26511, "oprf_t": 1314.28, "poly_t": 41.1491, "poly_trans_t": 31595.9, "aby_online_t": 1.884, "aby_setup_t": 63.197, "aby_total_t": 65.081, "total_t": 35446.9, "nobase_t": 33937.9, "poly_d_rs": [16351232, 0], "oprf_d_rs": [16944, 332961], "aby_online_d_rs": [117750, 117750], "aby_setup_d_rs": [4995165, 4995165], "aby_total_d_rs": [5112915, 5112915], "total_d_rs": [21481091, 5445876], "nobase_d_rs": [21414235, 5395847]}, "batch": "ServerScalingAnalyticsDD_1"}