{"setup": "desktop-desktop", "repeat": 4, "parameters": {"client_neles": 4096, "server_neles": 4096, "bit_len": 53, "epsilon": 1.27, "server_ip": "192.168.0.2", "port": 7777, "threads": 1, "threshold": 0, "nmegabins": 16, "poly_size": 975, "n_fun": 3, "payload_bl": 2, "fun_type": 3, "overlap": 25}, "s_output": {"result": 1024, "hashing_t": 7.09329, "oprf_t": 359.012, "poly_t": 277.892, "poly_trans_t": 0.059402, "aby_online_t": 5.982, "aby_setup_t": 97.298, "aby_total_t": 103.28, "total_t": 1011.93, "nobase_t": 476.246, "poly_d_rs": [0, 124800], "oprf_d_rs": [332961, 16944], "aby_online_d_rs": [119243, 119243], "aby_setup_d_rs": [5085320, 5085320], "aby_total_d_rs": [5204563, 5204563], "total_d_rs": [5537524, 5346307], "nobase_d_rs": [5487495, 5279451]}, "c_output": {"result": 1024, "hashing_t": 2.67989, "oprf_t": 349.592, "poly_t": 33.4963, "poly_trans_t": 239.628, "aby_online_t": 5.86, "aby_setup_t": 97.344, "aby_total_t": 103.204, "total_t": 1012.02, "nobase_t": 458.536, "poly_d_rs": [124800, 0], "oprf_d_rs": [16944, 332961], "aby_online_d_rs": [119243, 119243], "aby_setup_d_rs": [5085320, 5085320], "aby_total_d_rs": [5204563, 5204563], "total_d_rs": [5346307, 5537524], "nobase_d_rs": [5279451, 5487495]}, "batch": "PsiTypesDD_2"}