{"setup": "desktop-desktop", "repeat": 0, "parameters": {"client_neles": 4096, "server_neles": 4096, "bit_len": 53, "epsilon": 1.27, "server_ip": "192.168.0.2", "port": 7777, "threads": 1, "threshold": 0, "nmegabins": 16, "poly_size": 975, "n_fun": 3, "payload_bl": 2, "fun_type": 3, "overlap": 25}, "s_output": {"result": 1024, "hashing_t": 17.999, "oprf_t": 600.757, "poly_t": 378.549, "poly_trans_t": 0.07659, "aby_online_t": 8.962, "aby_setup_t": 0.962, "aby_total_t": 91.227, "total_t": 1425.39, "nobase_t": 633.561, "poly_d_rs": [0, 124800], "oprf_d_rs": [332961, 16944], "aby_online_d_rs": [119243, 119243], "aby_setup_d_rs": [5085320, 5085320], "aby_total_d_rs": [5204563, 5204563], "total_d_rs": [5537524, 5346307]}, "c_output": {"result": 1024, "hashing_t": 8.23901, "oprf_t": 590.102, "poly_t": 50.0011, "poly_trans_t": 336.619, "aby_online_t": 9.014, "aby_setup_t": 0.014, "aby_total_t": 91.119, "total_t": 1425.58, "nobase_t": 603.013, "poly_d_rs": [124800, 0], "oprf_d_rs": [16944, 332961], "aby_online_d_rs": [119243, 119243], "aby_setup_d_rs": [5085320, 5085320], "aby_total_d_rs": [5204563, 5204563], "total_d_rs": [5346307, 5537524]}, "batch": "PsiTypesDD_1"}