{"setup": "desktop-desktop", "repeat": 3, "parameters": {"client_neles": 4096, "server_neles": 4096, "bit_len": 53, "epsilon": 1.27, "server_ip": "192.168.0.2", "port": 7777, "threads": 1, "threshold": 0, "nmegabins": 16, "poly_size": 975, "n_fun": 3, "payload_bl": 2, "fun_type": 6, "overlap": 25}, "s_output": {"result": 3152, "hashing_t": 7.1736, "oprf_t": 346.619, "poly_t": 537.344, "poly_trans_t": 0.117076, "aby_online_t": 37.718, "aby_setup_t": 217.776, "aby_total_t": 255.494, "total_t": 1772.97, "nobase_t": 1206.86, "poly_d_rs": [0, 249600], "oprf_d_rs": [332961, 16944], "aby_online_d_rs": [363545, 5563903], "aby_setup_d_rs": [20724014, 15481059], "aby_total_d_rs": [21087559, 21044962], "total_d_rs": [21420520, 21311506], "nobase_d_rs": [21370491, 21244650]}, "c_output": {"result": 3152, "hashing_t": 2.63591, "oprf_t": 316.023, "poly_t": 67.0703, "poly_trans_t": 512.806, "aby_online_t": 38.024, "aby_setup_t": 217.337, "aby_total_t": 255.361, "total_t": 1773.0, "nobase_t": 1227.37, "poly_d_rs": [249600, 0], "oprf_d_rs": [16944, 332961], "aby_online_d_rs": [5563903, 363545], "aby_setup_d_rs": [15481059, 20724014], "aby_total_d_rs": [21044962, 21087559], "total_d_rs": [21311506, 21420520], "nobase_d_rs": [21244650, 21370491]}, "batch": "PsiTypesDD_2"}