{"setup": "desktop-desktop", "repeat": 0, "parameters": {"client_neles": 4096, "server_neles": 4096, "bit_len": 53, "epsilon": 1.27, "server_ip": "127.0.0.1", "port": 7777, "threads": 1, "threshold": 0, "nmegabins": 16, "poly_size": 975, "n_fun": 3, "payload_bl": 2, "fun_type": 0, "overlap": 25}, "s_output": {"result": 0, "hashing_t": 6.59715, "oprf_t": 452.343, "poly_t": 365.963, "poly_trans_t": 0.072548, "aby_online_t": 2.669, "aby_setup_t": 0.669, "aby_total_t": 88.571, "total_t": 1250.27, "nobase_t": 583.952, "poly_d_rs": [0, 124800], "oprf_d_rs": [332961, 16944], "aby_online_d_rs": [117750, 117750], "aby_setup_d_rs": [4995165, 4995165], "aby_total_d_rs": [5112915, 5112915], "total_d_rs": [5445876, 5254659]}, "c_output": {"result": 0, "hashing_t": 3.33172, "oprf_t": 436.118, "poly_t": 48.1728, "poly_trans_t": 323.016, "aby_online_t": 2.849, "aby_setup_t": 0.849, "aby_total_t": 88.263, "total_t": 1250.35, "nobase_t": 560.677, "poly_d_rs": [124800, 0], "oprf_d_rs": [16944, 332961], "aby_online_d_rs": [117750, 117750], "aby_setup_d_rs": [4995165, 4995165], "aby_total_d_rs": [5112915, 5112915], "total_d_rs": [5254659, 5445876]}, "batch": "ScalingElementsDD_1"}