{"setup": "desktop-app", "repeat": 0, "parameters": {"client_neles": 4096, "server_neles": 4096, "bit_len": 53, "epsilon": 1.27, "server_ip": "192.168.0.2", "port": 7777, "threads": 1, "threshold": 0, "nmegabins": 16, "poly_size": 975, "n_fun": 3, "payload_bl": 2, "fun_type": 6, "overlap": 25}, "s_output": {"result": 3094, "hashing_t": 5.95114, "oprf_t": 902.193, "poly_t": 557.908, "poly_trans_t": 6.05938, "aby_online_t": 510.706, "aby_setup_t": 790.967, "aby_total_t": 1301.67, "total_t": 4168.19, "nobase_t": 3303.44, "poly_d_rs": [0, 249600], "oprf_d_rs": [332961, 16944], "aby_online_d_rs": [363545, 5563903], "aby_setup_d_rs": [20724014, 15481059], "aby_total_d_rs": [21087559, 21044962], "total_d_rs": [21420520, 21311506], "nobase_d_rs": [21370491, 21244650]}, "c_output": {"result": 3094, "hashing_t": 5.972, "oprf_t": 1484.15, "poly_t": 138.975, "poly_trans_t": 605.203, "aby_online_t": 515.127, "aby_setup_t": 788.071, "aby_total_t": 1303.2, "total_t": 4168.91, "nobase_t": 2944.86, "poly_d_rs": [249600, 0], "oprf_d_rs": [16944, 332961], "aby_online_d_rs": [5563903, 363545], "aby_setup_d_rs": [15481059, 20724014], "aby_total_d_rs": [21044962, 21087559], "total_d_rs": [21311506, 21420520], "nobase_d_rs": [21244650, 21370491]}, "batch": "PsiTypesDA_3"}