{"setup": "desktop-desktop", "repeat": 0, "parameters": {"client_neles": 4096, "server_neles": 4096, "bit_len": 53, "epsilon": 1.27, "server_ip": "192.168.0.2", "port": 7777, "threads": 1, "threshold": 0, "nmegabins": 16, "poly_size": 975, "n_fun": 3, "payload_bl": 2, "fun_type": 5, "overlap": 25}, "s_output": {"result": 1621, "hashing_t": 7.35082, "oprf_t": 346.458, "poly_t": 278.916, "poly_trans_t": 0.052019, "aby_online_t": 3.14, "aby_setup_t": 69.325, "aby_total_t": 72.465, "total_t": 1007.75, "nobase_t": 447.682, "poly_d_rs": [0, 124800], "oprf_d_rs": [332961, 16944], "aby_online_d_rs": [123005, 289892], "aby_setup_d_rs": [5331105, 5167209], "aby_total_d_rs": [5454110, 5457101], "total_d_rs": [5787071, 5598845], "nobase_d_rs": [5737042, 5531989]}, "c_output": {"result": 1621, "hashing_t": 2.69251, "oprf_t": 337.203, "poly_t": 33.4392, "poly_trans_t": 240.436, "aby_online_t": 3.071, "aby_setup_t": 69.455, "aby_total_t": 72.526, "total_t": 1007.84, "nobase_t": 426.91, "poly_d_rs": [124800, 0], "oprf_d_rs": [16944, 332961], "aby_online_d_rs": [289892, 123005], "aby_setup_d_rs": [5167209, 5331105], "aby_total_d_rs": [5457101, 5454110], "total_d_rs": [5598845, 5787071], "nobase_d_rs": [5531989, 5737042]}, "batch": "PsiTypesDD_2"}