{"setup": "desktop-desktop", "repeat": 4, "parameters": {"client_neles": 4096, "server_neles": 4096, "bit_len": 53, "epsilon": 1.27, "server_ip": "127.0.0.1", "port": 7777, "threads": 1, "threshold": 0, "nmegabins": 16, "poly_size": 975, "n_fun": 3, "payload_bl": 2, "fun_type": 0, "overlap": 25}, "s_output": {"result": 0, "hashing_t": 16.6517, "oprf_t": 577.552, "poly_t": 377.824, "poly_trans_t": 0.066294, "aby_online_t": 2.917, "aby_setup_t": 0.917, "aby_total_t": 89.584, "total_t": 1464.2, "nobase_t": 618.124, "poly_d_rs": [0, 124800], "oprf_d_rs": [332961, 16944], "aby_online_d_rs": [117750, 117750], "aby_setup_d_rs": [4995165, 4995165], "aby_total_d_rs": [5112915, 5112915], "total_d_rs": [5445876, 5254659]}, "c_output": {"result": 0, "hashing_t": 7.79732, "oprf_t": 566.371, "poly_t": 47.6604, "poly_trans_t": 335.257, "aby_online_t": 2.724, "aby_setup_t": 0.724, "aby_total_t": 89.65, "total_t": 1464.41, "nobase_t": 586.595, "poly_d_rs": [124800, 0], "oprf_d_rs": [16944, 332961], "aby_online_d_rs": [117750, 117750], "aby_setup_d_rs": [4995165, 4995165], "aby_total_d_rs": [5112915, 5112915], "total_d_rs": [5254659, 5445876]}, "batch": "ScalingElementsDD_1"}