{"setup": "desktop-desktop", "repeat": 1, "parameters": {"client_neles": 4096, "server_neles": 4096, "epsilon": 1.27, "server_ip": "127.0.0.1", "port": 7777, "threads": 1, "threshold": 0, "n_fun": 3, "payload_bl": 2, "fun_type": 0, "overlap": 25, "nmegabins": 16, "poly_size": 975, "bit_len": 53}, "s_output": {"result": 0, "hashing_t": 9.49603, "oprf_t": 336.694, "poly_t": 261.063, "poly_trans_t": 0.056667, "aby_online_t": 1.897, "aby_setup_t": 64.79, "aby_total_t": 66.687, "total_t": 974.237, "nobase_t": 424.152, "poly_d_rs": [0, 124800], "oprf_d_rs": [332961, 16944], "aby_online_d_rs": [117750, 117750], "aby_setup_d_rs": [4995165, 4995165], "aby_total_d_rs": [5112915, 5112915], "total_d_rs": [5445876, 5254659], "nobase_d_rs": [5395847, 5187803]}, "c_output": {"result": 0, "hashing_t": 5.681, "oprf_t": 325.433, "poly_t": 31.1644, "poly_trans_t": 224.219, "aby_online_t": 1.723, "aby_setup_t": 65.073, "aby_total_t": 66.796, "total_t": 974.403, "nobase_t": 407.68, "poly_d_rs": [124800, 0], "oprf_d_rs": [16944, 332961], "aby_online_d_rs": [117750, 117750], "aby_setup_d_rs": [4995165, 4995165], "aby_total_d_rs": [5112915, 5112915], "total_d_rs": [5254659, 5445876], "nobase_d_rs": [5187803, 5395856]}, "batch": "ServerScalingAnalyticsDD_1"}