{"setup": "desktop-desktop", "repeat": 3, "parameters": {"client_neles": 4096, "server_neles": 4096, "bit_len": 53, "epsilon": 1.27, "server_ip": "192.168.0.2", "port": 7777, "threads": 1, "threshold": 0, "nmegabins": 16, "poly_size": 975, "n_fun": 3, "payload_bl": 2, "fun_type": 4, "overlap": 25}, "s_output": {"result": 1621, "hashing_t": 7.22405, "oprf_t": 327.636, "poly_t": 268.482, "poly_trans_t": 0.062118, "aby_online_t": 3.217, "aby_setup_t": 78.989, "aby_total_t": 82.206, "total_t": 966.579, "nobase_t": 444.993, "poly_d_rs": [0, 124800], "oprf_d_rs": [332961, 16944], "aby_online_d_rs": [122988, 286819], "aby_setup_d_rs": [5329023, 5161062], "aby_total_d_rs": [5452011, 5447881], "total_d_rs": [5784972, 5589625], "nobase_d_rs": [5734943, 5522769]}, "c_output": {"result": 1621, "hashing_t": 2.59746, "oprf_t": 318.773, "poly_t": 33.433, "poly_trans_t": 229.95, "aby_online_t": 3.449, "aby_setup_t": 78.924, "aby_total_t": 82.373, "total_t": 966.751, "nobase_t": 424.948, "poly_d_rs": [124800, 0], "oprf_d_rs": [16944, 332961], "aby_online_d_rs": [286819, 122988], "aby_setup_d_rs": [5161062, 5329023], "aby_total_d_rs": [5447881, 5452011], "total_d_rs": [5589625, 5784972], "nobase_d_rs": [5522769, 5734943]}, "batch": "PsiTypesDD_2"}