{"setup": "desktop-desktop", "repeat": 4, "parameters": {"client_neles": 4096, "server_neles": 4096, "bit_len": 53, "epsilon": 1.27, "server_ip": "192.168.0.2", "port": 7777, "threads": 1, "threshold": 0, "nmegabins": 16, "poly_size": 975, "n_fun": 3, "payload_bl": 2, "fun_type": 7, "overlap": 25}, "s_output": {"result": 3152, "hashing_t": 18.3906, "oprf_t": 506.331, "poly_t": 769.287, "poly_trans_t": 0.17108, "aby_online_t": 51.456, "aby_setup_t": 0.456, "aby_total_t": 405.126, "total_t": 2770.66, "nobase_t": 1957.28, "poly_d_rs": [0, 249600], "oprf_d_rs": [332961, 16944], "aby_online_d_rs": [363562, 5566976], "aby_setup_d_rs": [20726096, 15487206], "aby_total_d_rs": [21089658, 21054182], "total_d_rs": [21422619, 21320726]}, "c_output": {"result": 3152, "hashing_t": 7.84756, "oprf_t": 460.686, "poly_t": 98.3067, "poly_trans_t": 737.446, "aby_online_t": 51.359, "aby_setup_t": 0.359, "aby_total_t": 404.69, "total_t": 2770.82, "nobase_t": 1986.51, "poly_d_rs": [249600, 0], "oprf_d_rs": [16944, 332961], "aby_online_d_rs": [5566976, 363562], "aby_setup_d_rs": [15487206, 20726096], "aby_total_d_rs": [21054182, 21089658], "total_d_rs": [21320726, 21422619]}, "batch": "PsiTypesDD_1"}