{"setup": "desktop-app", "repeat": 1, "parameters": {"client_neles": 4096, "server_neles": 4096, "bit_len": 53, "epsilon": 1.27, "server_ip": "192.168.0.2", "port": 7777, "threads": 1, "threshold": 0, "nmegabins": 16, "poly_size": 975, "n_fun": 3, "payload_bl": 2, "fun_type": 3, "overlap": 25}, "s_output": {"result": 1024, "hashing_t": 9.07543, "oprf_t": 818.452, "poly_t": 271.043, "poly_trans_t": 6.40806, "aby_online_t": 58.257, "aby_setup_t": 334.971, "aby_total_t": 393.228, "total_t": 2128.07, "nobase_t": 1297.16, "poly_d_rs": [0, 124800], "oprf_d_rs": [332961, 16944], "aby_online_d_rs": [119243, 119243], "aby_setup_d_rs": [5085320, 5085320], "aby_total_d_rs": [5204563, 5204563], "total_d_rs": [5537524, 5346307], "nobase_d_rs": [5487495, 5279451]}, "c_output": {"result": 1024, "hashing_t": 5.935, "oprf_t": 767.002, "poly_t": 66.279, "poly_trans_t": 252.581, "aby_online_t": 58.261, "aby_setup_t": 332.378, "aby_total_t": 390.639, "total_t": 2127.57, "nobase_t": 872.998, "poly_d_rs": [124800, 0], "oprf_d_rs": [16944, 332961], "aby_online_d_rs": [119243, 119243], "aby_setup_d_rs": [5085320, 5085320], "aby_total_d_rs": [5204563, 5204563], "total_d_rs": [5346307, 5537524], "nobase_d_rs": [5279451, 5487503]}, "batch": "PsiTypesDA_3"}