{"setup": "desktop-app", "repeat": 1, "parameters": {"client_neles": 4096, "server_neles": 4096, "bit_len": 53, "epsilon": 1.27, "server_ip": "192.168.0.2", "port": 7777, "threads": 1, "threshold": 0, "nmegabins": 16, "poly_size": 975, "n_fun": 3, "payload_bl": 2, "fun_type": 5, "overlap": 25}, "s_output": {"result": 1563, "hashing_t": 7.80229, "oprf_t": 789.731, "poly_t": 274.944, "poly_trans_t": 6.39412, "aby_online_t": 48.381, "aby_setup_t": 385.739, "aby_total_t": 434.12, "total_t": 2133.82, "nobase_t": 1280.32, "poly_d_rs": [0, 124800], "oprf_d_rs": [332961, 16944], "aby_online_d_rs": [123005, 289883], "aby_setup_d_rs": [5331105, 5167209], "aby_total_d_rs": [5454110, 5457092], "total_d_rs": [5787071, 5598836], "nobase_d_rs": [5737042, 5531980]}, "c_output": {"result": 1563, "hashing_t": 7.483, "oprf_t": 738.228, "poly_t": 66.487, "poly_trans_t": 254.604, "aby_online_t": 47.171, "aby_setup_t": 389.445, "aby_total_t": 436.616, "total_t": 2135.03, "nobase_t": 912.421, "poly_d_rs": [124800, 0], "oprf_d_rs": [16944, 332961], "aby_online_d_rs": [289892, 123005], "aby_setup_d_rs": [5167209, 5331105], "aby_total_d_rs": [5457101, 5454110], "total_d_rs": [5598845, 5787071], "nobase_d_rs": [5531989, 5737042]}, "batch": "PsiTypesDA_3"}