{"setup": "desktop-desktop", "repeat": 0, "parameters": {"client_neles": 4096, "server_neles": 4096, "bit_len": 53, "epsilon": 1.27, "server_ip": "192.168.0.2", "port": 7777, "threads": 1, "threshold": 0, "nmegabins": 16, "poly_size": 975, "n_fun": 3, "payload_bl": 2, "fun_type": 6, "overlap": 25}, "s_output": {"result": 3152, "hashing_t": 20.41, "oprf_t": 534.865, "poly_t": 794.293, "poly_trans_t": 0.149196, "aby_online_t": 47.662, "aby_setup_t": 0.662, "aby_total_t": 331.934, "total_t": 2798.07, "nobase_t": 1852.1, "poly_d_rs": [0, 249600], "oprf_d_rs": [332961, 16944], "aby_online_d_rs": [363545, 5563903], "aby_setup_d_rs": [20724014, 15481059], "aby_total_d_rs": [21087559, 21044962], "total_d_rs": [21420520, 21311506]}, "c_output": {"result": 3152, "hashing_t": 8.03869, "oprf_t": 488.919, "poly_t": 97.9491, "poly_trans_t": 772.664, "aby_online_t": 47.676, "aby_setup_t": 0.676, "aby_total_t": 332.029, "total_t": 2798.32, "nobase_t": 1882.21, "poly_d_rs": [249600, 0], "oprf_d_rs": [16944, 332961], "aby_online_d_rs": [5563903, 363545], "aby_setup_d_rs": [15481059, 20724014], "aby_total_d_rs": [21044962, 21087559], "total_d_rs": [21311506, 21420520]}, "batch": "PsiTypesDD_1"}