{"setup": "desktop-desktop", "repeat": 1, "parameters": {"client_neles": 4096, "server_neles": 131072, "epsilon": 1.27, "server_ip": "127.0.0.1", "port": 7777, "threads": 1, "threshold": 0, "n_fun": 3, "payload_bl": 2, "fun_type": 0, "overlap": 25, "nmegabins": 496, "poly_size": 1024, "bit_len": 53}, "s_output": {"result": 0, "hashing_t": 181.343, "oprf_t": 782.028, "poly_t": 7591.34, "poly_trans_t": 1.21084, "aby_online_t": 1.998, "aby_setup_t": 62.936, "aby_total_t": 64.934, "total_t": 8884.69, "nobase_t": 8331.11, "poly_d_rs": [0, 4063232], "oprf_d_rs": [332961, 16944], "aby_online_d_rs": [78083, 117741], "aby_setup_d_rs": [5034832, 4995165], "aby_total_d_rs": [5112915, 5112906], "total_d_rs": [5445876, 9193082], "nobase_d_rs": [5395847, 9126226]}, "c_output": {"result": 0, "hashing_t": 2.35344, "oprf_t": 545.884, "poly_t": 38.8049, "poly_trans_t": 7549.38, "aby_online_t": 2.592, "aby_setup_t": 62.112, "aby_total_t": 64.704, "total_t": 8884.85, "nobase_t": 8139.05, "poly_d_rs": [4063232, 0], "oprf_d_rs": [16944, 332961], "aby_online_d_rs": [117750, 117750], "aby_setup_d_rs": [4995165, 4995165], "aby_total_d_rs": [5112915, 5112915], "total_d_rs": [9193091, 5445876], "nobase_d_rs": [9126235, 5395847]}, "batch": "ServerScalingAnalyticsDD_1"}