{"setup": "desktop-desktop", "repeat": 1, "parameters": {"client_neles": 4096, "server_neles": 4096, "bit_len": 53, "epsilon": 1.27, "server_ip": "192.168.0.2", "port": 7777, "threads": 1, "threshold": 0, "nmegabins": 16, "poly_size": 975, "n_fun": 3, "payload_bl": 2, "fun_type": 7, "overlap": 25}, "s_output": {"result": 3152, "hashing_t": 20.3239, "oprf_t": 556.823, "poly_t": 836.068, "poly_trans_t": 0.151242, "aby_online_t": 59.103, "aby_setup_t": 0.103, "aby_total_t": 321.387, "total_t": 2753.35, "nobase_t": 1909.19, "poly_d_rs": [0, 249600], "oprf_d_rs": [332961, 16944], "aby_online_d_rs": [363562, 5566967], "aby_setup_d_rs": [20726096, 15487206], "aby_total_d_rs": [21089658, 21054173], "total_d_rs": [21422619, 21320717]}, "c_output": {"result": 3152, "hashing_t": 8.18481, "oprf_t": 512.103, "poly_t": 98.8898, "poly_trans_t": 814.33, "aby_online_t": 59.279, "aby_setup_t": 0.279, "aby_total_t": 321.245, "total_t": 2753.86, "nobase_t": 1938.23, "poly_d_rs": [249600, 0], "oprf_d_rs": [16944, 332961], "aby_online_d_rs": [5566976, 363562], "aby_setup_d_rs": [15487206, 20726096], "aby_total_d_rs": [21054182, 21089658], "total_d_rs": [21320726, 21422619]}, "batch": "PsiTypesDD_1"}