{"setup": "desktop-app", "repeat": 4, "parameters": {"client_neles": 4096, "server_neles": 4096, "bit_len": 53, "epsilon": 1.27, "server_ip": "192.168.0.2", "port": 7777, "threads": 1, "threshold": 0, "nmegabins": 16, "poly_size": 975, "n_fun": 3, "payload_bl": 2, "fun_type": 4, "overlap": 25}, "s_output": {"result": 1563, "hashing_t": 4.12599, "oprf_t": 794.428, "poly_t": 284.657, "poly_trans_t": 5.21272, "aby_online_t": 48.018, "aby_setup_t": 358.87, "aby_total_t": 406.888, "total_t": 2112.98, "nobase_t": 1322.65, "poly_d_rs": [0, 124800], "oprf_d_rs": [332961, 16944], "aby_online_d_rs": [82021, 286810], "aby_setup_d_rs": [5369990, 5161062], "aby_total_d_rs": [5452011, 5447872], "total_d_rs": [5784972, 5589616], "nobase_d_rs": [5734943, 5522760]}, "c_output": {"result": 1563, "hashing_t": 7.265, "oprf_t": 759.743, "poly_t": 68.418, "poly_trans_t": 272.168, "aby_online_t": 51.221, "aby_setup_t": 358.202, "aby_total_t": 409.423, "total_t": 2113.65, "nobase_t": 890.624, "poly_d_rs": [124800, 0], "oprf_d_rs": [16944, 332961], "aby_online_d_rs": [286819, 122988], "aby_setup_d_rs": [5161062, 5329023], "aby_total_d_rs": [5447881, 5452011], "total_d_rs": [5589625, 5784972], "nobase_d_rs": [5522769, 5734951]}, "batch": "PsiTypesDA_3"}