{"setup": "desktop-desktop", "repeat": 4, "parameters": {"client_neles": 4096, "server_neles": 4096, "bit_len": 53, "epsilon": 1.27, "server_ip": "192.168.0.2", "port": 7777, "threads": 1, "threshold": 0, "nmegabins": 16, "poly_size": 975, "n_fun": 3, "payload_bl": 2, "fun_type": 0, "overlap": 25}, "s_output": {"result": 0, "hashing_t": 5.76782, "oprf_t": 343.192, "poly_t": 287.235, "poly_trans_t": 0.051519, "aby_online_t": 1.857, "aby_setup_t": 76.629, "aby_total_t": 78.486, "total_t": 964.318, "nobase_t": 457.336, "poly_d_rs": [0, 124800], "oprf_d_rs": [332961, 16944], "aby_online_d_rs": [117750, 117742], "aby_setup_d_rs": [4995165, 4995165], "aby_total_d_rs": [5112915, 5112907], "total_d_rs": [5445876, 5254651], "nobase_d_rs": [5395847, 5187804]}, "c_output": {"result": 0, "hashing_t": 2.47255, "oprf_t": 332.489, "poly_t": 33.4527, "poly_trans_t": 248.651, "aby_online_t": 1.752, "aby_setup_t": 76.543, "aby_total_t": 78.295, "total_t": 964.418, "nobase_t": 439.485, "poly_d_rs": [124800, 0], "oprf_d_rs": [16944, 332961], "aby_online_d_rs": [117750, 117750], "aby_setup_d_rs": [4995165, 4995165], "aby_total_d_rs": [5112915, 5112915], "total_d_rs": [5254659, 5445876], "nobase_d_rs": [5187803, 5395847]}, "batch": "ScalingElementsDD_2"}