{"setup": "desktop-app", "repeat": 0, "parameters": {"client_neles": 4096, "server_neles": 4096, "bit_len": 53, "epsilon": 1.27, "server_ip": "192.168.0.2", "port": 7777, "threads": 1, "threshold": 0, "nmegabins": 16, "poly_size": 975, "n_fun": 3, "payload_bl": 2, "fun_type": 4, "overlap": 25}, "s_output": {"result": 1563, "hashing_t": 5.36681, "oprf_t": 793.132, "poly_t": 276.404, "poly_trans_t": 5.28463, "aby_online_t": 43.501, "aby_setup_t": 293.78, "aby_total_t": 337.281, "total_t": 2032.88, "nobase_t": 1230.79, "poly_d_rs": [0, 124800], "oprf_d_rs": [332961, 16944], "aby_online_d_rs": [82021, 286819], "aby_setup_d_rs": [5369990, 5161062], "aby_total_d_rs": [5452011, 5447881], "total_d_rs": [5784972, 5589625], "nobase_d_rs": [5734943, 5522769]}, "c_output": {"result": 1563, "hashing_t": 15.143, "oprf_t": 727.086, "poly_t": 72.378, "poly_trans_t": 253.747, "aby_online_t": 47.287, "aby_setup_t": 291.616, "aby_total_t": 338.903, "total_t": 2033.48, "nobase_t": 833.015, "poly_d_rs": [124800, 0], "oprf_d_rs": [16944, 332961], "aby_online_d_rs": [286819, 122988], "aby_setup_d_rs": [5161062, 5329023], "aby_total_d_rs": [5447881, 5452011], "total_d_rs": [5589625, 5784972], "nobase_d_rs": [5522769, 5734943]}, "batch": "PsiTypesDA_2"}