{"setup": "desktop-app", "repeat": 2, "parameters": {"client_neles": 4096, "server_neles": 4096, "bit_len": 53, "epsilon": 1.27, "server_ip": "192.168.0.2", "port": 7777, "threads": 1, "threshold": 0, "nmegabins": 16, "poly_size": 975, "n_fun": 3, "payload_bl": 2, "fun_type": 7, "overlap": 25}, "s_output": {"result": 3094, "hashing_t": 8.92241, "oprf_t": 877.781, "poly_t": 536.497, "poly_trans_t": 5.70741, "aby_online_t": 353.869, "aby_setup_t": 699.816, "aby_total_t": 1053.68, "total_t": 3830.74, "nobase_t": 2972.27, "poly_d_rs": [0, 249600], "oprf_d_rs": [332961, 16944], "aby_online_d_rs": [363562, 5566967], "aby_setup_d_rs": [20726096, 15487206], "aby_total_d_rs": [21089658, 21054173], "total_d_rs": [21422619, 21320717], "nobase_d_rs": [21372590, 21253861]}, "c_output": {"result": 3094, "hashing_t": 19.51, "oprf_t": 785.703, "poly_t": 124.667, "poly_trans_t": 577.974, "aby_online_t": 348.201, "aby_setup_t": 709.002, "aby_total_t": 1057.2, "total_t": 3831.59, "nobase_t": 2618.25, "poly_d_rs": [249600, 0], "oprf_d_rs": [16944, 332961], "aby_online_d_rs": [5566976, 363562], "aby_setup_d_rs": [15487206, 20726096], "aby_total_d_rs": [21054182, 21089658], "total_d_rs": [21320726, 21422619], "nobase_d_rs": [21253870, 21372590]}, "batch": "PsiTypesDD_2"}