{"setup": "desktop-desktop", "repeat": 2, "parameters": {"client_neles": 4096, "server_neles": 4096, "bit_len": 53, "epsilon": 1.27, "server_ip": "192.168.0.2", "port": 7777, "threads": 1, "threshold": 0, "nmegabins": 16, "poly_size": 975, "n_fun": 3, "payload_bl": 2, "fun_type": 2, "overlap": 25}, "s_output": {"result": 1024, "hashing_t": 13.8985, "oprf_t": 547.241, "poly_t": 392.249, "poly_trans_t": 0.080316, "aby_online_t": 9.799, "aby_setup_t": 0.799, "aby_total_t": 92.903, "total_t": 1515.07, "nobase_t": 659.917, "poly_d_rs": [0, 124800], "oprf_d_rs": [332961, 16944], "aby_online_d_rs": [119192, 119192], "aby_setup_d_rs": [5079133, 5079133], "aby_total_d_rs": [5198325, 5198325], "total_d_rs": [5531286, 5340069]}, "c_output": {"result": 1024, "hashing_t": 4.97107, "oprf_t": 531.807, "poly_t": 50.9006, "poly_trans_t": 343.672, "aby_online_t": 9.581, "aby_setup_t": 0.581, "aby_total_t": 92.659, "total_t": 1515.21, "nobase_t": 620.684, "poly_d_rs": [124800, 0], "oprf_d_rs": [16944, 332961], "aby_online_d_rs": [119192, 119192], "aby_setup_d_rs": [5079133, 5079133], "aby_total_d_rs": [5198325, 5198325], "total_d_rs": [5340069, 5531286]}, "batch": "PsiTypesDD_1"}