{"setup": "desktop-desktop", "repeat": 3, "parameters": {"client_neles": 4096, "server_neles": 4096, "bit_len": 53, "epsilon": 1.27, "server_ip": "192.168.0.2", "port": 7777, "threads": 1, "threshold": 0, "nmegabins": 16, "poly_size": 975, "n_fun": 3, "payload_bl": 2, "fun_type": 0, "overlap": 25}, "s_output": {"result": 0, "hashing_t": 18.9374, "oprf_t": 559.284, "poly_t": 379.409, "poly_trans_t": 0.085817, "aby_online_t": 2.905, "aby_setup_t": 0.905, "aby_total_t": 91.694, "total_t": 1474.57, "nobase_t": 624.467, "poly_d_rs": [0, 124800], "oprf_d_rs": [332961, 16944], "aby_online_d_rs": [117750, 117750], "aby_setup_d_rs": [4995165, 4995165], "aby_total_d_rs": [5112915, 5112915], "total_d_rs": [5445876, 5254659]}, "c_output": {"result": 0, "hashing_t": 9.22655, "oprf_t": 548.881, "poly_t": 48.2047, "poly_trans_t": 337.208, "aby_online_t": 2.668, "aby_setup_t": 0.668, "aby_total_t": 92.047, "total_t": 1474.79, "nobase_t": 593.451, "poly_d_rs": [124800, 0], "oprf_d_rs": [16944, 332961], "aby_online_d_rs": [117750, 117750], "aby_setup_d_rs": [4995165, 4995165], "aby_total_d_rs": [5112915, 5112915], "total_d_rs": [5254659, 5445876]}, "batch": "PsiTypesDD_1"}