{"setup": "desktop-app", "repeat": 2, "parameters": {"client_neles": 4096, "server_neles": 4096, "bit_len": 53, "epsilon": 1.27, "server_ip": "192.168.0.2", "port": 7777, "threads": 1, "threshold": 0, "nmegabins": 16, "poly_size": 975, "n_fun": 3, "payload_bl": 2, "fun_type": 4, "overlap": 25}, "s_output": {"result": 1563, "hashing_t": 3.97371, "oprf_t": 812.646, "poly_t": 281.338, "poly_trans_t": 4.96921, "aby_online_t": 50.171, "aby_setup_t": 317.609, "aby_total_t": 367.78, "total_t": 2071.94, "nobase_t": 1255.84, "poly_d_rs": [0, 124800], "oprf_d_rs": [332961, 16944], "aby_online_d_rs": [122988, 286810], "aby_setup_d_rs": [5329023, 5161062], "aby_total_d_rs": [5452011, 5447872], "total_d_rs": [5784972, 5589616], "nobase_d_rs": [5734943, 5522760]}, "c_output": {"result": 1563, "hashing_t": 10.424, "oprf_t": 770.571, "poly_t": 66.506, "poly_trans_t": 249.318, "aby_online_t": 52.63, "aby_setup_t": 316.496, "aby_total_t": 369.126, "total_t": 2071.94, "nobase_t": 835.661, "poly_d_rs": [124800, 0], "oprf_d_rs": [16944, 332961], "aby_online_d_rs": [286819, 122988], "aby_setup_d_rs": [5161062, 5329023], "aby_total_d_rs": [5447881, 5452011], "total_d_rs": [5589625, 5784972], "nobase_d_rs": [5522769, 5734951]}, "batch": "PsiTypesDA_2"}