{"setup": "desktop-desktop", "repeat": 2, "parameters": {"client_neles": 4096, "server_neles": 4096, "bit_len": 53, "epsilon": 1.27, "server_ip": "127.0.0.1", "port": 7777, "threads": 1, "threshold": 0, "nmegabins": 16, "poly_size": 975, "n_fun": 3, "payload_bl": 2, "fun_type": 0, "overlap": 25}, "s_output": {"result": 0, "hashing_t": 11.5589, "oprf_t": 532.388, "poly_t": 366.224, "poly_trans_t": 0.075238, "aby_online_t": 2.633, "aby_setup_t": 0.633, "aby_total_t": 90.815, "total_t": 1476.98, "nobase_t": 595.204, "poly_d_rs": [0, 124800], "oprf_d_rs": [332961, 16944], "aby_online_d_rs": [117750, 117750], "aby_setup_d_rs": [4995165, 4995165], "aby_total_d_rs": [5112915, 5112915], "total_d_rs": [5445876, 5254659]}, "c_output": {"result": 0, "hashing_t": 5.72346, "oprf_t": 518.852, "poly_t": 47.8674, "poly_trans_t": 323.203, "aby_online_t": 2.337, "aby_setup_t": 0.337, "aby_total_t": 90.902, "total_t": 1477.09, "nobase_t": 569.056, "poly_d_rs": [124800, 0], "oprf_d_rs": [16944, 332961], "aby_online_d_rs": [117750, 117750], "aby_setup_d_rs": [4995165, 4995165], "aby_total_d_rs": [5112915, 5112915], "total_d_rs": [5254659, 5445876]}, "batch": "ScalingElementsDD_1"}