{"setup": "desktop-app", "repeat": 0, "parameters": {"client_neles": 4096, "server_neles": 4096, "bit_len": 53, "epsilon": 1.27, "server_ip": "192.168.0.2", "port": 7777, "threads": 1, "threshold": 0, "nmegabins": 16, "poly_size": 975, "n_fun": 3, "payload_bl": 2, "fun_type": 5, "overlap": 25}, "s_output": {"result": 1563, "hashing_t": 3.78697, "oprf_t": 799.249, "poly_t": 282.0, "poly_trans_t": 5.55574, "aby_online_t": 46.867, "aby_setup_t": 312.75, "aby_total_t": 359.617, "total_t": 2051.99, "nobase_t": 1255.92, "poly_d_rs": [0, 124800], "oprf_d_rs": [332961, 16944], "aby_online_d_rs": [123005, 289883], "aby_setup_d_rs": [5331105, 5167209], "aby_total_d_rs": [5454110, 5457092], "total_d_rs": [5787071, 5598836], "nobase_d_rs": [5737042, 5531980]}, "c_output": {"result": 1563, "hashing_t": 3.432, "oprf_t": 764.229, "poly_t": 62.997, "poly_trans_t": 255.415, "aby_online_t": 45.46, "aby_setup_t": 315.546, "aby_total_t": 361.006, "total_t": 2051.63, "nobase_t": 819.365, "poly_d_rs": [124800, 0], "oprf_d_rs": [16944, 332961], "aby_online_d_rs": [289892, 123005], "aby_setup_d_rs": [5167209, 5331105], "aby_total_d_rs": [5457101, 5454110], "total_d_rs": [5598845, 5787071], "nobase_d_rs": [5531989, 5737050]}, "batch": "PsiTypesDA_2"}