{"setup": "desktop-app", "repeat": 1, "parameters": {"client_neles": 4096, "server_neles": 4096, "bit_len": 53, "epsilon": 1.27, "server_ip": "192.168.0.2", "port": 7777, "threads": 1, "threshold": 0, "nmegabins": 16, "poly_size": 975, "n_fun": 3, "payload_bl": 2, "fun_type": 8, "overlap": 25}, "s_output": {"result": 2369, "hashing_t": 9.24243, "oprf_t": 887.41, "poly_t": 543.198, "poly_trans_t": 5.65946, "aby_online_t": 591.223, "aby_setup_t": 6291.92, "aby_total_t": 6883.14, "total_t": 9733.26, "nobase_t": 8867.66, "poly_d_rs": [0, 249600], "oprf_d_rs": [332961, 16944], "aby_online_d_rs": [3366781, 6007589], "aby_setup_d_rs": [211628561, 208964063], "aby_total_d_rs": [214995342, 214971652], "total_d_rs": [215328303, 215238196], "nobase_d_rs": [215278274, 215171340]}, "c_output": {"result": 2369, "hashing_t": 6.907, "oprf_t": 785.75, "poly_t": 140.839, "poly_trans_t": 593.438, "aby_online_t": 596.738, "aby_setup_t": 6288.78, "aby_total_t": 6885.52, "total_t": 9735.27, "nobase_t": 8521.55, "poly_d_rs": [249600, 0], "oprf_d_rs": [16944, 332961], "aby_online_d_rs": [6007589, 3366781], "aby_setup_d_rs": [208964063, 211628561], "aby_total_d_rs": [214971652, 214995342], "total_d_rs": [215238196, 215328303], "nobase_d_rs": [215171340, 215278282]}, "batch": "PsiTypesDA_2"}