{"setup": "desktop-desktop", "repeat": 4, "parameters": {"client_neles": 4096, "server_neles": 4096, "bit_len": 53, "epsilon": 1.27, "server_ip": "192.168.0.2", "port": 7777, "threads": 1, "threshold": 0, "nmegabins": 16, "poly_size": 975, "n_fun": 3, "payload_bl": 2, "fun_type": 2, "overlap": 25}, "s_output": {"result": 1024, "hashing_t": 6.60608, "oprf_t": 323.206, "poly_t": 286.08, "poly_trans_t": 0.059549, "aby_online_t": 5.94, "aby_setup_t": 62.397, "aby_total_t": 68.337, "total_t": 1034.54, "nobase_t": 450.102, "poly_d_rs": [0, 124800], "oprf_d_rs": [332961, 16944], "aby_online_d_rs": [119192, 119192], "aby_setup_d_rs": [5079133, 5079133], "aby_total_d_rs": [5198325, 5198325], "total_d_rs": [5531286, 5340069], "nobase_d_rs": [5481257, 5273213]}, "c_output": {"result": 1024, "hashing_t": 2.6368, "oprf_t": 313.503, "poly_t": 33.4462, "poly_trans_t": 247.493, "aby_online_t": 5.734, "aby_setup_t": 62.558, "aby_total_t": 68.292, "total_t": 1034.63, "nobase_t": 431.924, "poly_d_rs": [124800, 0], "oprf_d_rs": [16944, 332961], "aby_online_d_rs": [119192, 119192], "aby_setup_d_rs": [5079133, 5079133], "aby_total_d_rs": [5198325, 5198325], "total_d_rs": [5340069, 5531286], "nobase_d_rs": [5273213, 5481257]}, "batch": "PsiTypesDD_3"}