{"setup": "desktop-desktop", "repeat": 3, "parameters": {"client_neles": 4096, "server_neles": 4096, "bit_len": 53, "epsilon": 1.27, "server_ip": "192.168.0.2", "port": 7777, "threads": 1, "threshold": 0, "nmegabins": 16, "poly_size": 975, "n_fun": 3, "payload_bl": 2, "fun_type": 0, "overlap": 25}, "s_output": {"result": 0, "hashing_t": 6.41761, "oprf_t": 324.074, "poly_t": 281.095, "poly_trans_t": 0.061027, "aby_online_t": 1.713, "aby_setup_t": 73.962, "aby_total_t": 75.675, "total_t": 931.682, "nobase_t": 448.269, "poly_d_rs": [0, 124800], "oprf_d_rs": [332961, 16944], "aby_online_d_rs": [117750, 117750], "aby_setup_d_rs": [4995165, 4995165], "aby_total_d_rs": [5112915, 5112915], "total_d_rs": [5445876, 5254659], "nobase_d_rs": [5395847, 5187803]}, "c_output": {"result": 0, "hashing_t": 3.83906, "oprf_t": 312.786, "poly_t": 33.4432, "poly_trans_t": 242.743, "aby_online_t": 1.648, "aby_setup_t": 73.861, "aby_total_t": 75.509, "total_t": 931.753, "nobase_t": 432.313, "poly_d_rs": [124800, 0], "oprf_d_rs": [16944, 332961], "aby_online_d_rs": [117750, 117741], "aby_setup_d_rs": [4995165, 4995165], "aby_total_d_rs": [5112915, 5112906], "total_d_rs": [5254659, 5445867], "nobase_d_rs": [5187803, 5395838]}, "batch": "PsiTypesDD_3"}