{"setup": "desktop-desktop", "repeat": 1, "parameters": {"client_neles": 4096, "server_neles": 4096, "bit_len": 53, "epsilon": 1.27, "server_ip": "192.168.0.2", "port": 7777, "threads": 1, "threshold": 0, "nmegabins": 16, "poly_size": 975, "n_fun": 3, "payload_bl": 2, "fun_type": 2, "overlap": 25}, "s_output": {"result": 1024, "hashing_t": 9.67996, "oprf_t": 552.658, "poly_t": 379.688, "poly_trans_t": 0.081833, "aby_online_t": 8.979, "aby_setup_t": 0.979, "aby_total_t": 108.19, "total_t": 1385.03, "nobase_t": 638.764, "poly_d_rs": [0, 124800], "oprf_d_rs": [332961, 16944], "aby_online_d_rs": [119192, 119192], "aby_setup_d_rs": [5079133, 5079133], "aby_total_d_rs": [5198325, 5198325], "total_d_rs": [5531286, 5340069]}, "c_output": {"result": 1024, "hashing_t": 4.47854, "oprf_t": 537.645, "poly_t": 47.4958, "poly_trans_t": 337.503, "aby_online_t": 9.148, "aby_setup_t": 0.148, "aby_total_t": 107.604, "total_t": 1385.14, "nobase_t": 609.248, "poly_d_rs": [124800, 0], "oprf_d_rs": [16944, 332961], "aby_online_d_rs": [119192, 119192], "aby_setup_d_rs": [5079133, 5079133], "aby_total_d_rs": [5198325, 5198325], "total_d_rs": [5340069, 5531286]}, "batch": "PsiTypesDD_1"}