{"setup": "desktop-desktop", "repeat": 3, "parameters": {"client_neles": 4096, "server_neles": 4096, "bit_len": 53, "epsilon": 1.27, "server_ip": "192.168.0.2", "port": 7777, "threads": 1, "threshold": 0, "nmegabins": 16, "poly_size": 975, "n_fun": 3, "payload_bl": 2, "fun_type": 2, "overlap": 25}, "s_output": {"result": 1024, "hashing_t": 5.44715, "oprf_t": 329.493, "poly_t": 267.694, "poly_trans_t": 0.054816, "aby_online_t": 7.887, "aby_setup_t": 62.195, "aby_total_t": 70.082, "total_t": 941.662, "nobase_t": 435.261, "poly_d_rs": [0, 124800], "oprf_d_rs": [332961, 16944], "aby_online_d_rs": [119192, 119192], "aby_setup_d_rs": [5079133, 5079133], "aby_total_d_rs": [5198325, 5198325], "total_d_rs": [5531286, 5340069], "nobase_d_rs": [5481257, 5273222]}, "c_output": {"result": 1024, "hashing_t": 2.67082, "oprf_t": 317.75, "poly_t": 33.4503, "poly_trans_t": 230.024, "aby_online_t": 7.785, "aby_setup_t": 61.996, "aby_total_t": 69.781, "total_t": 941.766, "nobase_t": 415.377, "poly_d_rs": [124800, 0], "oprf_d_rs": [16944, 332961], "aby_online_d_rs": [119192, 119192], "aby_setup_d_rs": [5079133, 5079133], "aby_total_d_rs": [5198325, 5198325], "total_d_rs": [5340069, 5531286], "nobase_d_rs": [5273213, 5481257]}, "batch": "PsiTypesDD_3"}