{"setup": "desktop-app", "repeat": 2, "parameters": {"client_neles": 4096, "server_neles": 4096, "bit_len": 53, "epsilon": 1.27, "server_ip": "192.168.0.2", "port": 7777, "threads": 1, "threshold": 0, "nmegabins": 16, "poly_size": 975, "n_fun": 3, "payload_bl": 2, "fun_type": 0, "overlap": 25}, "s_output": {"result": 0, "hashing_t": 4.51764, "oprf_t": 801.936, "poly_t": 276.837, "poly_trans_t": 4.56829, "aby_online_t": 27.26, "aby_setup_t": 343.917, "aby_total_t": 371.177, "total_t": 2124.27, "nobase_t": 1271.62, "poly_d_rs": [0, 124800], "oprf_d_rs": [332961, 16944], "aby_online_d_rs": [117750, 117741], "aby_setup_d_rs": [4995165, 4995165], "aby_total_d_rs": [5112915, 5112906], "total_d_rs": [5445876, 5254650]}, "c_output": {"result": 0, "hashing_t": 3.697, "oprf_t": 750.708, "poly_t": 71.134, "poly_trans_t": 251.688, "aby_online_t": 30.339, "aby_setup_t": 344.301, "aby_total_t": 374.64, "total_t": 2124.16, "nobase_t": 849.596, "poly_d_rs": [124800, 0], "oprf_d_rs": [16944, 332961], "aby_online_d_rs": [117750, 117750], "aby_setup_d_rs": [4995165, 4995165], "aby_total_d_rs": [5112915, 5112915], "total_d_rs": [5254659, 5445876]}, "batch": "ScalingElementsDA"}