{"setup": "desktop-desktop", "repeat": 4, "parameters": {"client_neles": 4096, "server_neles": 4096, "bit_len": 53, "epsilon": 1.27, "server_ip": "192.168.0.2", "port": 7777, "threads": 1, "threshold": 0, "nmegabins": 16, "poly_size": 975, "n_fun": 3, "payload_bl": 2, "fun_type": 0, "overlap": 25}, "s_output": {"result": 0, "hashing_t": 8.91955, "oprf_t": 553.109, "poly_t": 378.101, "poly_trans_t": 0.074408, "aby_online_t": 2.888, "aby_setup_t": 0.888, "aby_total_t": 122.447, "total_t": 1427.91, "nobase_t": 638.694, "poly_d_rs": [0, 124800], "oprf_d_rs": [332961, 16944], "aby_online_d_rs": [117750, 117750], "aby_setup_d_rs": [4995165, 4995165], "aby_total_d_rs": [5112915, 5112915], "total_d_rs": [5445876, 5254659]}, "c_output": {"result": 0, "hashing_t": 3.96623, "oprf_t": 537.91, "poly_t": 47.9664, "poly_trans_t": 335.881, "aby_online_t": 3.064, "aby_setup_t": 0.064, "aby_total_t": 122.074, "total_t": 1428.07, "nobase_t": 611.439, "poly_d_rs": [124800, 0], "oprf_d_rs": [16944, 332961], "aby_online_d_rs": [117750, 117750], "aby_setup_d_rs": [4995165, 4995165], "aby_total_d_rs": [5112915, 5112915], "total_d_rs": [5254659, 5445876]}, "batch": "PsiTypesDD_1"}