{"setup": "desktop-desktop", "repeat": 9, "parameters": {"client_neles": 4096, "server_neles": 4096, "bit_len": 53, "epsilon": 1.27, "server_ip": "127.0.0.1", "port": 7777, "threads": 1, "threshold": 0, "nmegabins": 16, "poly_size": 975, "n_fun": 3, "payload_bl": 2, "fun_type": 0, "overlap": 25}, "s_output": {"result": 0, "hashing_t": 17.9971, "oprf_t": 519.255, "poly_t": 376.322, "poly_trans_t": 0.110146, "aby_online_t": 2.505, "aby_setup_t": 0.505, "aby_total_t": 87.259, "total_t": 1357.41, "nobase_t": 615.477, "poly_d_rs": [0, 124800], "oprf_d_rs": [332961, 16944], "aby_online_d_rs": [117750, 117750], "aby_setup_d_rs": [4995165, 4995165], "aby_total_d_rs": [5112915, 5112915], "total_d_rs": [5445876, 5254659]}, "c_output": {"result": 0, "hashing_t": 7.97687, "oprf_t": 510.021, "poly_t": 47.941, "poly_trans_t": 333.084, "aby_online_t": 2.617, "aby_setup_t": 0.617, "aby_total_t": 87.262, "total_t": 1357.61, "nobase_t": 584.12, "poly_d_rs": [124800, 0], "oprf_d_rs": [16944, 332961], "aby_online_d_rs": [117750, 117750], "aby_setup_d_rs": [4995165, 4995165], "aby_total_d_rs": [5112915, 5112915], "total_d_rs": [5254659, 5445876]}, "batch": "ScalingElementsDD_1"}