{"setup": "desktop-app", "repeat": 3, "parameters": {"client_neles": 4096, "server_neles": 4096, "bit_len": 53, "epsilon": 1.27, "server_ip": "192.168.0.2", "port": 7777, "threads": 1, "threshold": 0, "nmegabins": 16, "poly_size": 975, "n_fun": 3, "payload_bl": 2, "fun_type": 5, "overlap": 25}, "s_output": {"result": 1563, "hashing_t": 6.63568, "oprf_t": 805.227, "poly_t": 293.109, "poly_trans_t": 6.28909, "aby_online_t": 46.158, "aby_setup_t": 388.094, "aby_total_t": 434.252, "total_t": 2159.44, "nobase_t": 1337.23, "poly_d_rs": [0, 124800], "oprf_d_rs": [332961, 16944], "aby_online_d_rs": [123005, 289883], "aby_setup_d_rs": [5331105, 5167209], "aby_total_d_rs": [5454110, 5457092], "total_d_rs": [5787071, 5598836], "nobase_d_rs": [5737042, 5531980]}, "c_output": {"result": 1563, "hashing_t": 10.086, "oprf_t": 741.191, "poly_t": 72.877, "poly_trans_t": 267.062, "aby_online_t": 45.637, "aby_setup_t": 390.503, "aby_total_t": 436.14, "total_t": 2161.3, "nobase_t": 950.304, "poly_d_rs": [124800, 0], "oprf_d_rs": [16944, 332961], "aby_online_d_rs": [289892, 123005], "aby_setup_d_rs": [5167209, 5331105], "aby_total_d_rs": [5457101, 5454110], "total_d_rs": [5598845, 5787071], "nobase_d_rs": [5531989, 5737042]}, "batch": "PsiTypesDA_3"}