{"setup": "desktop-app", "repeat": 1, "parameters": {"client_neles": 4096, "server_neles": 4096, "bit_len": 53, "epsilon": 1.27, "server_ip": "192.168.0.2", "port": 7777, "threads": 1, "threshold": 0, "nmegabins": 16, "poly_size": 975, "n_fun": 3, "payload_bl": 2, "fun_type": 8, "overlap": 25}, "s_output": {"result": 2369, "hashing_t": 9.38729, "oprf_t": 929.252, "poly_t": 534.511, "poly_trans_t": 3.99907, "aby_online_t": 624.357, "aby_setup_t": 6593.22, "aby_total_t": 7217.58, "total_t": 10070.2, "nobase_t": 9135.39, "poly_d_rs": [0, 249600], "oprf_d_rs": [332961, 16944], "aby_online_d_rs": [3366781, 6007580], "aby_setup_d_rs": [211628561, 208964063], "aby_total_d_rs": [214995342, 214971643], "total_d_rs": [215328303, 215238187], "nobase_d_rs": [215278274, 215171331]}, "c_output": {"result": 2369, "hashing_t": 5.827, "oprf_t": 823.408, "poly_t": 130.089, "poly_trans_t": 592.713, "aby_online_t": 612.895, "aby_setup_t": 6606.89, "aby_total_t": 7219.78, "total_t": 10072.1, "nobase_t": 8818.18, "poly_d_rs": [249600, 0], "oprf_d_rs": [16944, 332961], "aby_online_d_rs": [6007580, 3366781], "aby_setup_d_rs": [208964072, 211628561], "aby_total_d_rs": [214971652, 214995342], "total_d_rs": [215238196, 215328303], "nobase_d_rs": [215171340, 215278274]}, "batch": "PsiTypesDD_2"}