{"setup": "desktop-desktop", "repeat": 8, "parameters": {"client_neles": 4096, "server_neles": 4096, "bit_len": 53, "epsilon": 1.27, "server_ip": "192.168.0.2", "port": 7777, "threads": 1, "threshold": 0, "nmegabins": 16, "poly_size": 975, "n_fun": 3, "payload_bl": 2, "fun_type": 0, "overlap": 25}, "s_output": {"result": 0, "hashing_t": 6.93541, "oprf_t": 326.131, "poly_t": 278.778, "poly_trans_t": 0.062679, "aby_online_t": 1.969, "aby_setup_t": 63.801, "aby_total_t": 65.77, "total_t": 904.229, "nobase_t": 434.38, "poly_d_rs": [0, 124800], "oprf_d_rs": [332961, 16944], "aby_online_d_rs": [117750, 117750], "aby_setup_d_rs": [4995165, 4995165], "aby_total_d_rs": [5112915, 5112915], "total_d_rs": [5445876, 5254659], "nobase_d_rs": [5395847, 5187803]}, "c_output": {"result": 0, "hashing_t": 2.62764, "oprf_t": 316.866, "poly_t": 33.446, "poly_trans_t": 240.085, "aby_online_t": 1.812, "aby_setup_t": 63.769, "aby_total_t": 65.581, "total_t": 904.244, "nobase_t": 418.588, "poly_d_rs": [124800, 0], "oprf_d_rs": [16944, 332961], "aby_online_d_rs": [117750, 117741], "aby_setup_d_rs": [4995165, 4995165], "aby_total_d_rs": [5112915, 5112906], "total_d_rs": [5254659, 5445867], "nobase_d_rs": [5187803, 5395838]}, "batch": "ScalingElementsDD_2"}