{"setup": "desktop-desktop", "repeat": 1, "parameters": {"client_neles": 4096, "server_neles": 16384, "epsilon": 1.27, "server_ip": "127.0.0.1", "port": 7777, "threads": 1, "threshold": 0, "n_fun": 3, "payload_bl": 2, "fun_type": 0, "overlap": 25, "nmegabins": 62, "poly_size": 1014, "bit_len": 53}, "s_output": {"result": 0, "hashing_t": 27.6077, "oprf_t": 384.842, "poly_t": 951.12, "poly_trans_t": 0.148053, "aby_online_t": 1.649, "aby_setup_t": 64.996, "aby_total_t": 66.645, "total_t": 1658.56, "nobase_t": 1168.62, "poly_d_rs": [0, 502944], "oprf_d_rs": [332961, 16944], "aby_online_d_rs": [117750, 117750], "aby_setup_d_rs": [4995165, 4995165], "aby_total_d_rs": [5112915, 5112915], "total_d_rs": [5445876, 5632803], "nobase_d_rs": [5395847, 5565947]}, "c_output": {"result": 0, "hashing_t": 2.73885, "oprf_t": 356.665, "poly_t": 32.5307, "poly_trans_t": 920.898, "aby_online_t": 1.871, "aby_setup_t": 64.711, "aby_total_t": 66.582, "total_t": 1658.66, "nobase_t": 1130.05, "poly_d_rs": [502944, 0], "oprf_d_rs": [16944, 332961], "aby_online_d_rs": [117750, 117750], "aby_setup_d_rs": [4995165, 4995165], "aby_total_d_rs": [5112915, 5112915], "total_d_rs": [5632803, 5445876], "nobase_d_rs": [5565947, 5395847]}, "batch": "ServerScalingAnalyticsDD_1"}