{"setup": "desktop-app", "repeat": 0, "parameters": {"client_neles": 4096, "server_neles": 4096, "bit_len": 53, "epsilon": 1.27, "server_ip": "192.168.0.2", "port": 7777, "threads": 1, "threshold": 0, "nmegabins": 16, "poly_size": 975, "n_fun": 3, "payload_bl": 2, "fun_type": 8, "overlap": 25}, "s_output": {"result": 2369, "hashing_t": 6.17695, "oprf_t": 875.98, "poly_t": 555.684, "poly_trans_t": 6.01578, "aby_online_t": 585.095, "aby_setup_t": 6669.84, "aby_total_t": 7254.93, "total_t": 10077.5, "nobase_t": 9176.43, "poly_d_rs": [0, 249600], "oprf_d_rs": [332961, 16944], "aby_online_d_rs": [3215942, 6007589], "aby_setup_d_rs": [211779400, 208964063], "aby_total_d_rs": [214995342, 214971652], "total_d_rs": [215328303, 215238196], "nobase_d_rs": [215278274, 215171340]}, "c_output": {"result": 2369, "hashing_t": 8.665, "oprf_t": 772.94, "poly_t": 138.907, "poly_trans_t": 598.006, "aby_online_t": 591.608, "aby_setup_t": 6663.36, "aby_total_t": 7254.97, "total_t": 10078.2, "nobase_t": 8878.09, "poly_d_rs": [249600, 0], "oprf_d_rs": [16944, 332961], "aby_online_d_rs": [6007589, 3366781], "aby_setup_d_rs": [208964063, 211628561], "aby_total_d_rs": [214971652, 214995342], "total_d_rs": [215238196, 215328303], "nobase_d_rs": [215171340, 215278274]}, "batch": "PsiTypesDD_2"}