{"setup": "desktop-desktop", "repeat": 1, "parameters": {"client_neles": 4096, "server_neles": 65536, "epsilon": 1.27, "server_ip": "127.0.0.1", "port": 7777, "threads": 1, "threshold": 0, "n_fun": 3, "payload_bl": 2, "fun_type": 0, "overlap": 25, "nmegabins": 248, "poly_size": 1021, "bit_len": 53}, "s_output": {"result": 0, "hashing_t": 96.8454, "oprf_t": 518.541, "poly_t": 3793.86, "poly_trans_t": 0.646668, "aby_online_t": 1.638, "aby_setup_t": 63.735, "aby_total_t": 65.373, "total_t": 4736.75, "nobase_t": 4239.47, "poly_d_rs": [0, 2025664], "oprf_d_rs": [332961, 16944], "aby_online_d_rs": [117750, 117750], "aby_setup_d_rs": [4995165, 4995165], "aby_total_d_rs": [5112915, 5112915], "total_d_rs": [5445876, 7155523], "nobase_d_rs": [5395847, 7088667]}, "c_output": {"result": 0, "hashing_t": 2.87925, "oprf_t": 404.173, "poly_t": 35.7355, "poly_trans_t": 3760.29, "aby_online_t": 1.725, "aby_setup_t": 63.756, "aby_total_t": 65.481, "total_t": 4736.86, "nobase_t": 4131.72, "poly_d_rs": [2025664, 0], "oprf_d_rs": [16944, 332961], "aby_online_d_rs": [117750, 117750], "aby_setup_d_rs": [4995165, 4995165], "aby_total_d_rs": [5112915, 5112915], "total_d_rs": [7155523, 5445876], "nobase_d_rs": [7088667, 5395855]}, "batch": "ServerScalingAnalyticsDD_1"}