{"setup": "desktop-desktop", "repeat": 1, "parameters": {"client_neles": 4096, "server_neles": 4096, "bit_len": 53, "epsilon": 1.27, "server_ip": "127.0.0.1", "port": 7777, "threads": 1, "threshold": 0, "nmegabins": 16, "poly_size": 975, "n_fun": 3, "payload_bl": 2, "fun_type": 0, "overlap": 25}, "s_output": {"result": 0, "hashing_t": 7.87969, "oprf_t": 526.15, "poly_t": 366.08, "poly_trans_t": 0.077297, "aby_online_t": 2.818, "aby_setup_t": 0.818, "aby_total_t": 104.628, "total_t": 1384.48, "nobase_t": 602.166, "poly_d_rs": [0, 124800], "oprf_d_rs": [332961, 16944], "aby_online_d_rs": [117750, 117750], "aby_setup_d_rs": [4995165, 4995165], "aby_total_d_rs": [5112915, 5112915], "total_d_rs": [5445876, 5254659]}, "c_output": {"result": 0, "hashing_t": 3.59524, "oprf_t": 511.04, "poly_t": 47.3158, "poly_trans_t": 322.786, "aby_online_t": 2.473, "aby_setup_t": 0.473, "aby_total_t": 104.668, "total_t": 1384.41, "nobase_t": 577.213, "poly_d_rs": [124800, 0], "oprf_d_rs": [16944, 332961], "aby_online_d_rs": [117750, 117741], "aby_setup_d_rs": [4995165, 4995165], "aby_total_d_rs": [5112915, 5112906], "total_d_rs": [5254659, 5445867]}, "batch": "ScalingElementsDD_1"}