{"setup": "desktop-desktop", "repeat": 4, "parameters": {"client_neles": 4096, "server_neles": 4096, "bit_len": 53, "epsilon": 1.27, "server_ip": "192.168.0.2", "port": 7777, "threads": 1, "threshold": 0, "nmegabins": 16, "poly_size": 975, "n_fun": 3, "payload_bl": 2, "fun_type": 5, "overlap": 25}, "s_output": {"result": 1621, "hashing_t": 5.71969, "oprf_t": 325.231, "poly_t": 268.383, "poly_trans_t": 0.063931, "aby_online_t": 3.616, "aby_setup_t": 68.571, "aby_total_t": 72.187, "total_t": 970.322, "nobase_t": 433.871, "poly_d_rs": [0, 124800], "oprf_d_rs": [332961, 16944], "aby_online_d_rs": [123005, 289892], "aby_setup_d_rs": [5331105, 5167209], "aby_total_d_rs": [5454110, 5457101], "total_d_rs": [5787071, 5598845], "nobase_d_rs": [5737042, 5531989]}, "c_output": {"result": 1621, "hashing_t": 2.63741, "oprf_t": 314.643, "poly_t": 33.5013, "poly_trans_t": 229.781, "aby_online_t": 3.568, "aby_setup_t": 68.678, "aby_total_t": 72.246, "total_t": 970.396, "nobase_t": 416.293, "poly_d_rs": [124800, 0], "oprf_d_rs": [16944, 332961], "aby_online_d_rs": [289892, 123005], "aby_setup_d_rs": [5167209, 5331105], "aby_total_d_rs": [5457101, 5454110], "total_d_rs": [5598845, 5787071], "nobase_d_rs": [5531989, 5737042]}, "batch": "PsiTypesDD_2"}