{"setup": "desktop-desktop", "repeat": 1, "parameters": {"client_neles": 4096, "server_neles": 8192, "epsilon": 1.27, "server_ip": "127.0.0.1", "port": 7777, "threads": 1, "threshold": 0, "n_fun": 3, "payload_bl": 2, "fun_type": 0, "overlap": 25, "nmegabins": 31, "poly_size": 1009, "bit_len": 53}, "s_output": {"result": 0, "hashing_t": 12.9642, "oprf_t": 377.513, "poly_t": 623.627, "poly_trans_t": 0.102603, "aby_online_t": 1.921, "aby_setup_t": 106.426, "aby_total_t": 108.347, "total_t": 1446.64, "nobase_t": 841.565, "poly_d_rs": [0, 250232], "oprf_d_rs": [332961, 16944], "aby_online_d_rs": [117750, 117750], "aby_setup_d_rs": [4995165, 4995165], "aby_total_d_rs": [5112915, 5112915], "total_d_rs": [5445876, 5380091], "nobase_d_rs": [5395847, 5313235]}, "c_output": {"result": 0, "hashing_t": 3.20287, "oprf_t": 353.177, "poly_t": 40.372, "poly_trans_t": 584.771, "aby_online_t": 1.946, "aby_setup_t": 106.488, "aby_total_t": 108.434, "total_t": 1446.77, "nobase_t": 839.281, "poly_d_rs": [250232, 0], "oprf_d_rs": [16944, 332961], "aby_online_d_rs": [117750, 117750], "aby_setup_d_rs": [4995165, 4995165], "aby_total_d_rs": [5112915, 5112915], "total_d_rs": [5380091, 5445876], "nobase_d_rs": [5313235, 5395856]}, "batch": "ServerScalingAnalyticsDD_1"}