{"setup": "desktop-desktop", "repeat": 0, "parameters": {"client_neles": 4096, "server_neles": 4096, "bit_len": 53, "epsilon": 1.27, "server_ip": "192.168.0.2", "port": 7777, "threads": 1, "threshold": 0, "nmegabins": 16, "poly_size": 975, "n_fun": 3, "payload_bl": 2, "fun_type": 8, "overlap": 25}, "s_output": {"result": 2390, "hashing_t": 20.6006, "oprf_t": 524.994, "poly_t": 760.434, "poly_trans_t": 0.17391, "aby_online_t": 63.173, "aby_setup_t": 0.173, "aby_total_t": 2433.61, "total_t": 4687.28, "nobase_t": 3948.8, "poly_d_rs": [0, 249600], "oprf_d_rs": [332961, 16944], "aby_online_d_rs": [3366781, 6007589], "aby_setup_d_rs": [211628561, 208964063], "aby_total_d_rs": [214995342, 214971652], "total_d_rs": [215328303, 215238196]}, "c_output": {"result": 2390, "hashing_t": 8.12899, "oprf_t": 479.683, "poly_t": 98.5114, "poly_trans_t": 728.455, "aby_online_t": 63.2, "aby_setup_t": 0.2, "aby_total_t": 2433.79, "total_t": 4687.61, "nobase_t": 3979.59, "poly_d_rs": [249600, 0], "oprf_d_rs": [16944, 332961], "aby_online_d_rs": [6007589, 3366781], "aby_setup_d_rs": [208964063, 211628561], "aby_total_d_rs": [214971652, 214995342], "total_d_rs": [215238196, 215328303]}, "batch": "PsiTypesDD_1"}