{"setup": "desktop-desktop", "repeat": 1, "parameters": {"client_neles": 4096, "server_neles": 262144, "epsilon": 1.27, "server_ip": "127.0.0.1", "port": 7777, "threads": 1, "threshold": 0, "n_fun": 3, "payload_bl": 2, "fun_type": 0, "overlap": 25, "nmegabins": 996, "poly_size": 1024, "bit_len": 53}, "s_output": {"result": 0, "hashing_t": 357.322, "oprf_t": 1228.67, "poly_t": 15253.0, "poly_trans_t": 1.83714, "aby_online_t": 1.816, "aby_setup_t": 87.659, "aby_total_t": 89.475, "total_t": 17210.1, "nobase_t": 16647.8, "poly_d_rs": [0, 8159232], "oprf_d_rs": [332961, 16944], "aby_online_d_rs": [117750, 117741], "aby_setup_d_rs": [4995165, 4995165], "aby_total_d_rs": [5112915, 5112906], "total_d_rs": [5445876, 13289082], "nobase_d_rs": [5395847, 13222226]}, "c_output": {"result": 0, "hashing_t": 2.26575, "oprf_t": 755.924, "poly_t": 37.1725, "poly_trans_t": 15212.5, "aby_online_t": 1.969, "aby_setup_t": 87.471, "aby_total_t": 89.44, "total_t": 17210.3, "nobase_t": 16278.5, "poly_d_rs": [8159232, 0], "oprf_d_rs": [16944, 332961], "aby_online_d_rs": [117750, 117750], "aby_setup_d_rs": [4995165, 4995165], "aby_total_d_rs": [5112915, 5112915], "total_d_rs": [13289091, 5445876], "nobase_d_rs": [13222235, 5395847]}, "batch": "ServerScalingAnalyticsDD_1"}