{"setup": "desktop-app", "repeat": 0, "parameters": {"client_neles": 4096, "server_neles": 4096, "bit_len": 53, "epsilon": 1.27, "server_ip": "192.168.0.2", "port": 7777, "threads": 1, "threshold": 0, "nmegabins": 16, "poly_size": 975, "n_fun": 3, "payload_bl": 2, "fun_type": 3, "overlap": 25}, "s_output": {"result": 1024, "hashing_t": 4.50468, "oprf_t": 730.024, "poly_t": 282.148, "poly_trans_t": 4.50167, "aby_online_t": 59.449, "aby_setup_t": 325.07, "aby_total_t": 384.519, "total_t": 2028.43, "nobase_t": 1208.9, "poly_d_rs": [0, 124800], "oprf_d_rs": [332961, 16944], "aby_online_d_rs": [119243, 119243], "aby_setup_d_rs": [5085320, 5085320], "aby_total_d_rs": [5204563, 5204563], "total_d_rs": [5537524, 5346307], "nobase_d_rs": [5487495, 5279451]}, "c_output": {"result": 1024, "hashing_t": 4.792, "oprf_t": 684.944, "poly_t": 63.244, "poly_trans_t": 256.759, "aby_online_t": 59.517, "aby_setup_t": 321.931, "aby_total_t": 381.448, "total_t": 2026.25, "nobase_t": 853.99, "poly_d_rs": [124800, 0], "oprf_d_rs": [16944, 332961], "aby_online_d_rs": [119243, 119234], "aby_setup_d_rs": [5085320, 5085320], "aby_total_d_rs": [5204563, 5204554], "total_d_rs": [5346307, 5537515], "nobase_d_rs": [5279451, 5487486]}, "batch": "PsiTypesDA_3"}