{"setup": "desktop-desktop", "repeat": 0, "parameters": {"client_neles": 4096, "server_neles": 4096, "bit_len": 53, "epsilon": 1.27, "server_ip": "192.168.0.2", "port": 7777, "threads": 1, "threshold": 0, "nmegabins": 16, "poly_size": 975, "n_fun": 3, "payload_bl": 2, "fun_type": 5, "overlap": 25}, "s_output": {"result": 1621, "hashing_t": 5.21441, "oprf_t": 323.973, "poly_t": 268.045, "poly_trans_t": 0.061796, "aby_online_t": 3.677, "aby_setup_t": 68.183, "aby_total_t": 71.86, "total_t": 943.44, "nobase_t": 432.407, "poly_d_rs": [0, 124800], "oprf_d_rs": [332961, 16944], "aby_online_d_rs": [123005, 289892], "aby_setup_d_rs": [5331105, 5167209], "aby_total_d_rs": [5454110, 5457101], "total_d_rs": [5787071, 5598845], "nobase_d_rs": [5737042, 5531989]}, "c_output": {"result": 1621, "hashing_t": 2.51964, "oprf_t": 312.97, "poly_t": 33.4348, "poly_trans_t": 229.61, "aby_online_t": 3.641, "aby_setup_t": 68.257, "aby_total_t": 71.898, "total_t": 943.486, "nobase_t": 414.398, "poly_d_rs": [124800, 0], "oprf_d_rs": [16944, 332961], "aby_online_d_rs": [289892, 122996], "aby_setup_d_rs": [5167209, 5331105], "aby_total_d_rs": [5457101, 5454101], "total_d_rs": [5598845, 5787062], "nobase_d_rs": [5531989, 5737033]}, "batch": "PsiTypesDD_3"}