{"setup": "desktop-app", "repeat": 9, "parameters": {"client_neles": 4096, "server_neles": 4096, "bit_len": 53, "epsilon": 1.27, "server_ip": "192.168.0.2", "port": 7777, "threads": 1, "threshold": 0, "nmegabins": 16, "poly_size": 975, "n_fun": 3, "payload_bl": 2, "fun_type": 0, "overlap": 25}, "s_output": {"result": 0, "hashing_t": 3.93334, "oprf_t": 839.043, "poly_t": 275.349, "poly_trans_t": 4.46663, "aby_online_t": 27.839, "aby_setup_t": 307.868, "aby_total_t": 335.707, "total_t": 2080.46, "nobase_t": 1248.4, "poly_d_rs": [0, 124800], "oprf_d_rs": [332961, 16944], "aby_online_d_rs": [117750, 117750], "aby_setup_d_rs": [4995165, 4995165], "aby_total_d_rs": [5112915, 5112915], "total_d_rs": [5445876, 5254659], "nobase_d_rs": [5395847, 5187803]}, "c_output": {"result": 0, "hashing_t": 23.476, "oprf_t": 765.932, "poly_t": 67.65, "poly_trans_t": 250.523, "aby_online_t": 29.297, "aby_setup_t": 306.973, "aby_total_t": 336.27, "total_t": 2079.56, "nobase_t": 830.828, "poly_d_rs": [124800, 0], "oprf_d_rs": [16944, 332961], "aby_online_d_rs": [117750, 117750], "aby_setup_d_rs": [4995165, 4995165], "aby_total_d_rs": [5112915, 5112915], "total_d_rs": [5254659, 5445876], "nobase_d_rs": [5187803, 5395847]}, "batch": "ScalingElementsDA_3"}