{"setup": "desktop-desktop", "repeat": 3, "parameters": {"client_neles": 4096, "server_neles": 4096, "bit_len": 53, "epsilon": 1.27, "server_ip": "192.168.0.2", "port": 7777, "threads": 1, "threshold": 0, "nmegabins": 16, "poly_size": 975, "n_fun": 3, "payload_bl": 2, "fun_type": 2, "overlap": 25}, "s_output": {"result": 1024, "hashing_t": 18.1353, "oprf_t": 535.377, "poly_t": 460.986, "poly_trans_t": 0.079206, "aby_online_t": 8.729, "aby_setup_t": 0.729, "aby_total_t": 110.811, "total_t": 1535.4, "nobase_t": 735.753, "poly_d_rs": [0, 124800], "oprf_d_rs": [332961, 16944], "aby_online_d_rs": [119192, 119192], "aby_setup_d_rs": [5079133, 5079133], "aby_total_d_rs": [5198325, 5198325], "total_d_rs": [5531286, 5340069]}, "c_output": {"result": 1024, "hashing_t": 8.13936, "oprf_t": 525.181, "poly_t": 49.4398, "poly_trans_t": 407.897, "aby_online_t": 8.805, "aby_setup_t": 0.805, "aby_total_t": 110.34, "total_t": 1535.58, "nobase_t": 703.364, "poly_d_rs": [124800, 0], "oprf_d_rs": [16944, 332961], "aby_online_d_rs": [119192, 119183], "aby_setup_d_rs": [5079133, 5079133], "aby_total_d_rs": [5198325, 5198316], "total_d_rs": [5340069, 5531277]}, "batch": "PsiTypesDD_1"}