{"setup": "desktop-desktop", "repeat": 1, "parameters": {"client_neles": 4096, "server_neles": 4096, "bit_len": 53, "epsilon": 1.27, "server_ip": "192.168.0.2", "port": 7777, "threads": 1, "threshold": 0, "nmegabins": 16, "poly_size": 975, "n_fun": 3, "payload_bl": 2, "fun_type": 2, "overlap": 25}, "s_output": {"result": 1024, "hashing_t": 5.05121, "oprf_t": 321.77, "poly_t": 285.879, "poly_trans_t": 0.045759, "aby_online_t": 5.617, "aby_setup_t": 92.45, "aby_total_t": 98.067, "total_t": 959.076, "nobase_t": 475.35, "poly_d_rs": [0, 124800], "oprf_d_rs": [332961, 16944], "aby_online_d_rs": [119192, 119192], "aby_setup_d_rs": [5079133, 5079133], "aby_total_d_rs": [5198325, 5198325], "total_d_rs": [5531286, 5340069], "nobase_d_rs": [5481257, 5273222]}, "c_output": {"result": 1024, "hashing_t": 2.37134, "oprf_t": 310.614, "poly_t": 33.4326, "poly_trans_t": 247.349, "aby_online_t": 5.787, "aby_setup_t": 91.96, "aby_total_t": 97.747, "total_t": 959.133, "nobase_t": 460.155, "poly_d_rs": [124800, 0], "oprf_d_rs": [16944, 332961], "aby_online_d_rs": [119192, 119183], "aby_setup_d_rs": [5079133, 5079133], "aby_total_d_rs": [5198325, 5198316], "total_d_rs": [5340069, 5531277], "nobase_d_rs": [5273213, 5481248]}, "batch": "PsiTypesDD_3"}