{"setup": "desktop-desktop", "repeat": 2, "parameters": {"client_neles": 4096, "server_neles": 4096, "bit_len": 53, "epsilon": 1.27, "server_ip": "192.168.0.2", "port": 7777, "threads": 1, "threshold": 0, "nmegabins": 16, "poly_size": 975, "n_fun": 3, "payload_bl": 2, "fun_type": 1, "overlap": 25}, "s_output": {"result": 1, "hashing_t": 5.97929, "oprf_t": 324.415, "poly_t": 267.26, "poly_trans_t": 0.058181, "aby_online_t": 5.905, "aby_setup_t": 63.723, "aby_total_t": 69.628, "total_t": 896.451, "nobase_t": 431.392, "poly_d_rs": [0, 124800], "oprf_d_rs": [332961, 16944], "aby_online_d_rs": [119219, 119219], "aby_setup_d_rs": [5081181, 5081181], "aby_total_d_rs": [5200400, 5200400], "total_d_rs": [5533361, 5342144], "nobase_d_rs": [5483332, 5275288]}, "c_output": {"result": 1, "hashing_t": 2.79841, "oprf_t": 313.664, "poly_t": 33.4563, "poly_trans_t": 229.371, "aby_online_t": 5.732, "aby_setup_t": 63.562, "aby_total_t": 69.294, "total_t": 896.539, "nobase_t": 414.269, "poly_d_rs": [124800, 0], "oprf_d_rs": [16944, 332961], "aby_online_d_rs": [119219, 119219], "aby_setup_d_rs": [5081181, 5081181], "aby_total_d_rs": [5200400, 5200400], "total_d_rs": [5342144, 5533361], "nobase_d_rs": [5275288, 5483332]}, "batch": "PsiTypesDD_2"}