{"setup": "desktop-app", "repeat": 0, "parameters": {"client_neles": 4096, "server_neles": 4096, "bit_len": 53, "epsilon": 1.27, "server_ip": "192.168.0.2", "port": 7777, "threads": 1, "threshold": 0, "nmegabins": 16, "poly_size": 975, "n_fun": 3, "payload_bl": 2, "fun_type": 2, "overlap": 25}, "s_output": {"result": 1024, "hashing_t": 8.01914, "oprf_t": 826.911, "poly_t": 294.583, "poly_trans_t": 5.79983, "aby_online_t": 49.642, "aby_setup_t": 300.568, "aby_total_t": 350.21, "total_t": 2114.01, "nobase_t": 1273.86, "poly_d_rs": [0, 124800], "oprf_d_rs": [332961, 16944], "aby_online_d_rs": [119183, 119192], "aby_setup_d_rs": [5079142, 5079133], "aby_total_d_rs": [5198325, 5198325], "total_d_rs": [5531286, 5340069], "nobase_d_rs": [5481257, 5273213]}, "c_output": {"result": 1024, "hashing_t": 12.794, "oprf_t": 786.15, "poly_t": 67.725, "poly_trans_t": 273.497, "aby_online_t": 51.148, "aby_setup_t": 294.413, "aby_total_t": 345.561, "total_t": 2110.99, "nobase_t": 846.782, "poly_d_rs": [124800, 0], "oprf_d_rs": [16944, 332961], "aby_online_d_rs": [119192, 119183], "aby_setup_d_rs": [5079133, 5079133], "aby_total_d_rs": [5198325, 5198316], "total_d_rs": [5340069, 5531277], "nobase_d_rs": [5273213, 5481248]}, "batch": "PsiTypesDA_3"}