{"setup": "desktop-desktop", "repeat": 3, "parameters": {"client_neles": 4096, "server_neles": 262144, "epsilon": 1.27, "server_ip": "127.0.0.1", "port": 7777, "threads": 1, "threshold": 0, "n_fun": 3, "payload_bl": 2, "fun_type": 0, "overlap": 25, "nmegabins": 996, "poly_size": 1024, "bit_len": 53}, "s_output": {"result": 0, "hashing_t": 351.449, "oprf_t": 1259.3, "poly_t": 15282.7, "poly_trans_t": 1.84025, "aby_online_t": 1.742, "aby_setup_t": 62.626, "aby_total_t": 64.368, "total_t": 17240.1, "nobase_t": 16644.8, "poly_d_rs": [0, 8159232], "oprf_d_rs": [332961, 16944], "aby_online_d_rs": [117750, 117750], "aby_setup_d_rs": [4995165, 4995165], "aby_total_d_rs": [5112915, 5112915], "total_d_rs": [5445876, 13289091], "nobase_d_rs": [5395847, 13222235]}, "c_output": {"result": 0, "hashing_t": 3.06825, "oprf_t": 781.164, "poly_t": 37.3039, "poly_trans_t": 15240.8, "aby_online_t": 1.787, "aby_setup_t": 62.481, "aby_total_t": 64.268, "total_t": 17240.2, "nobase_t": 16283.5, "poly_d_rs": [8159232, 0], "oprf_d_rs": [16944, 332961], "aby_online_d_rs": [117750, 117750], "aby_setup_d_rs": [4995165, 4995165], "aby_total_d_rs": [5112915, 5112915], "total_d_rs": [13289091, 5445876], "nobase_d_rs": [13222235, 5395847]}, "batch": "ServerScalingAnalyticsDD_1"}