{"setup": "desktop-desktop", "repeat": 4, "parameters": {"client_neles": 4096, "server_neles": 65536, "epsilon": 1.27, "server_ip": "127.0.0.1", "port": 7777, "threads": 1, "threshold": 0, "n_fun": 3, "payload_bl": 2, "fun_type": 0, "overlap": 25, "nmegabins": 248, "poly_size": 1021, "bit_len": 53}, "s_output": {"result": 0, "hashing_t": 105.243, "oprf_t": 650.385, "poly_t": 4333.9, "poly_trans_t": 0.57939, "aby_online_t": 1.738, "aby_setup_t": 90.269, "aby_total_t": 92.007, "total_t": 5495.78, "nobase_t": 4835.25, "poly_d_rs": [0, 2025664], "oprf_d_rs": [332961, 16944], "aby_online_d_rs": [117750, 117750], "aby_setup_d_rs": [4995165, 4995165], "aby_total_d_rs": [5112915, 5112915], "total_d_rs": [5445876, 7155523], "nobase_d_rs": [5395847, 7088667]}, "c_output": {"result": 0, "hashing_t": 2.56054, "oprf_t": 510.146, "poly_t": 39.2529, "poly_trans_t": 4294.19, "aby_online_t": 1.636, "aby_setup_t": 90.562, "aby_total_t": 92.198, "total_t": 5495.89, "nobase_t": 4749.92, "poly_d_rs": [2025664, 0], "oprf_d_rs": [16944, 332961], "aby_online_d_rs": [117750, 117750], "aby_setup_d_rs": [4995165, 4995165], "aby_total_d_rs": [5112915, 5112915], "total_d_rs": [7155523, 5445876], "nobase_d_rs": [7088667, 5395856]}, "batch": "ServerScalingAnalyticsDD_1"}