{"setup": "desktop-desktop", "repeat": 2, "parameters": {"client_neles": 4096, "server_neles": 4096, "bit_len": 53, "epsilon": 1.27, "server_ip": "192.168.0.2", "port": 7777, "threads": 1, "threshold": 0, "nmegabins": 16, "poly_size": 975, "n_fun": 3, "payload_bl": 2, "fun_type": 5, "overlap": 25}, "s_output": {"result": 1621, "hashing_t": 6.33509, "oprf_t": 324.833, "poly_t": 268.15, "poly_trans_t": 0.048741, "aby_online_t": 3.768, "aby_setup_t": 79.403, "aby_total_t": 83.171, "total_t": 933.183, "nobase_t": 445.293, "poly_d_rs": [0, 124800], "oprf_d_rs": [332961, 16944], "aby_online_d_rs": [123005, 289883], "aby_setup_d_rs": [5331105, 5167209], "aby_total_d_rs": [5454110, 5457092], "total_d_rs": [5787071, 5598836], "nobase_d_rs": [5737042, 5531980]}, "c_output": {"result": 1621, "hashing_t": 2.6653, "oprf_t": 314.565, "poly_t": 33.4904, "poly_trans_t": 229.856, "aby_online_t": 3.796, "aby_setup_t": 79.535, "aby_total_t": 83.331, "total_t": 933.338, "nobase_t": 426.667, "poly_d_rs": [124800, 0], "oprf_d_rs": [16944, 332961], "aby_online_d_rs": [289892, 123005], "aby_setup_d_rs": [5167209, 5331105], "aby_total_d_rs": [5457101, 5454110], "total_d_rs": [5598845, 5787071], "nobase_d_rs": [5531989, 5737042]}, "batch": "PsiTypesDD_3"}