{"setup": "desktop-desktop", "repeat": 4, "parameters": {"client_neles": 4096, "server_neles": 4096, "bit_len": 53, "epsilon": 1.27, "server_ip": "192.168.0.2", "port": 7777, "threads": 1, "threshold": 0, "nmegabins": 16, "poly_size": 975, "n_fun": 3, "payload_bl": 2, "fun_type": 6, "overlap": 25}, "s_output": {"result": 3152, "hashing_t": 7.51518, "oprf_t": 345.67, "poly_t": 526.951, "poly_trans_t": 0.120392, "aby_online_t": 33.971, "aby_setup_t": 204.391, "aby_total_t": 238.362, "total_t": 1717.48, "nobase_t": 1222.51, "poly_d_rs": [0, 249600], "oprf_d_rs": [332961, 16944], "aby_online_d_rs": [363545, 5563903], "aby_setup_d_rs": [20724014, 15481059], "aby_total_d_rs": [21087559, 21044962], "total_d_rs": [21420520, 21311506], "nobase_d_rs": [21370491, 21244659]}, "c_output": {"result": 3152, "hashing_t": 2.74736, "oprf_t": 656.377, "poly_t": 66.9513, "poly_trans_t": 502.556, "aby_online_t": 34.086, "aby_setup_t": 204.188, "aby_total_t": 238.274, "total_t": 1717.63, "nobase_t": 1244.54, "poly_d_rs": [249600, 0], "oprf_d_rs": [16944, 332961], "aby_online_d_rs": [5563903, 363545], "aby_setup_d_rs": [15481059, 20724014], "aby_total_d_rs": [21044962, 21087559], "total_d_rs": [21311506, 21420520], "nobase_d_rs": [21244650, 21370491]}, "batch": "PsiTypesDD_3"}