{"setup": "desktop-desktop", "repeat": 2, "parameters": {"client_neles": 4096, "server_neles": 4096, "epsilon": 1.27, "server_ip": "127.0.0.1", "port": 7777, "threads": 1, "threshold": 0, "n_fun": 3, "payload_bl": 2, "fun_type": 0, "overlap": 25, "nmegabins": 16, "poly_size": 975, "bit_len": 53}, "s_output": {"result": 0, "hashing_t": 6.01299, "oprf_t": 329.675, "poly_t": 249.155, "poly_trans_t": 0.053625, "aby_online_t": 2.003, "aby_setup_t": 76.214, "aby_total_t": 78.217, "total_t": 888.98, "nobase_t": 416.642, "poly_d_rs": [0, 124800], "oprf_d_rs": [332961, 16944], "aby_online_d_rs": [117750, 117750], "aby_setup_d_rs": [4995165, 4995165], "aby_total_d_rs": [5112915, 5112915], "total_d_rs": [5445876, 5254659], "nobase_d_rs": [5395847, 5187811]}, "c_output": {"result": 0, "hashing_t": 2.57509, "oprf_t": 319.259, "poly_t": 31.2364, "poly_trans_t": 221.41, "aby_online_t": 1.888, "aby_setup_t": 76.222, "aby_total_t": 78.11, "total_t": 889.163, "nobase_t": 400.145, "poly_d_rs": [124800, 0], "oprf_d_rs": [16944, 332961], "aby_online_d_rs": [117750, 117750], "aby_setup_d_rs": [4995165, 4995165], "aby_total_d_rs": [5112915, 5112915], "total_d_rs": [5254659, 5445876], "nobase_d_rs": [5187803, 5395847]}, "batch": "ServerScalingAnalyticsDD_1"}