{"setup": "desktop-desktop", "repeat": 4, "parameters": {"client_neles": 4096, "server_neles": 4096, "bit_len": 53, "epsilon": 1.27, "server_ip": "192.168.0.2", "port": 7777, "threads": 1, "threshold": 0, "nmegabins": 16, "poly_size": 975, "n_fun": 3, "payload_bl": 2, "fun_type": 3, "overlap": 25}, "s_output": {"result": 1024, "hashing_t": 17.1163, "oprf_t": 520.927, "poly_t": 378.54, "poly_trans_t": 0.074206, "aby_online_t": 8.98, "aby_setup_t": 0.98, "aby_total_t": 110.083, "total_t": 1492.02, "nobase_t": 653.272, "poly_d_rs": [0, 124800], "oprf_d_rs": [332961, 16944], "aby_online_d_rs": [119243, 119243], "aby_setup_d_rs": [5085320, 5085320], "aby_total_d_rs": [5204563, 5204563], "total_d_rs": [5537524, 5346307]}, "c_output": {"result": 1024, "hashing_t": 8.67716, "oprf_t": 509.013, "poly_t": 50.3969, "poly_trans_t": 336.462, "aby_online_t": 8.867, "aby_setup_t": 0.867, "aby_total_t": 109.79, "total_t": 1492.21, "nobase_t": 623.957, "poly_d_rs": [124800, 0], "oprf_d_rs": [16944, 332961], "aby_online_d_rs": [119243, 119243], "aby_setup_d_rs": [5085320, 5085320], "aby_total_d_rs": [5204563, 5204563], "total_d_rs": [5346307, 5537524]}, "batch": "PsiTypesDD_1"}