{"setup": "desktop-app", "repeat": 0, "parameters": {"client_neles": 4096, "server_neles": 4096, "bit_len": 53, "epsilon": 1.27, "server_ip": "192.168.0.2", "port": 7777, "threads": 1, "threshold": 0, "nmegabins": 16, "poly_size": 975, "n_fun": 3, "payload_bl": 2, "fun_type": 0, "overlap": 25}, "s_output": {"result": 0, "hashing_t": 5.07609, "oprf_t": 722.28, "poly_t": 281.935, "poly_trans_t": 4.62866, "aby_online_t": 22.737, "aby_setup_t": 352.088, "aby_total_t": 374.825, "total_t": 2013.49, "nobase_t": 1205.7, "poly_d_rs": [0, 124800], "oprf_d_rs": [332961, 16944], "aby_online_d_rs": [117750, 117750], "aby_setup_d_rs": [4995165, 4995165], "aby_total_d_rs": [5112915, 5112915], "total_d_rs": [5445876, 5254659], "nobase_d_rs": [5395847, 5187803]}, "c_output": {"result": 0, "hashing_t": 5.235, "oprf_t": 687.968, "poly_t": 72.483, "poly_trans_t": 248.345, "aby_online_t": 24.247, "aby_setup_t": 353.11, "aby_total_t": 377.357, "total_t": 2013.3, "nobase_t": 840.644, "poly_d_rs": [124800, 0], "oprf_d_rs": [16944, 332961], "aby_online_d_rs": [117750, 117750], "aby_setup_d_rs": [4995165, 4995165], "aby_total_d_rs": [5112915, 5112915], "total_d_rs": [5254659, 5445876], "nobase_d_rs": [5187803, 5395856]}, "batch": "ScalingElementsDA_3"}