{"setup": "desktop-desktop", "repeat": 0, "parameters": {"client_neles": 4096, "server_neles": 4096, "bit_len": 53, "epsilon": 1.27, "server_ip": "192.168.0.2", "port": 7777, "threads": 1, "threshold": 0, "nmegabins": 16, "poly_size": 975, "n_fun": 3, "payload_bl": 2, "fun_type": 9, "overlap": 25}, "s_output": {"result": 2390, "hashing_t": 10.0706, "oprf_t": 564.29, "poly_t": 776.383, "poly_trans_t": 0.168156, "aby_online_t": 120.017, "aby_setup_t": 0.017, "aby_total_t": 2470.43, "total_t": 4911.15, "nobase_t": 4059.05, "poly_d_rs": [0, 249600], "oprf_d_rs": [332961, 16944], "aby_online_d_rs": [3366798, 6010662], "aby_setup_d_rs": [211630643, 208970210], "aby_total_d_rs": [214997441, 214980872], "total_d_rs": [215330402, 215247416]}, "c_output": {"result": 2390, "hashing_t": 3.91998, "oprf_t": 517.298, "poly_t": 100.347, "poly_trans_t": 756.958, "aby_online_t": 119.987, "aby_setup_t": 0.987, "aby_total_t": 2470.33, "total_t": 4911.3, "nobase_t": 4085.01, "poly_d_rs": [249600, 0], "oprf_d_rs": [16944, 332961], "aby_online_d_rs": [6010662, 3366798], "aby_setup_d_rs": [208970210, 211630643], "aby_total_d_rs": [214980872, 214997441], "total_d_rs": [215247416, 215330402]}, "batch": "PsiTypesDD_1"}