{"setup": "desktop-desktop", "repeat": 0, "parameters": {"client_neles": 4096, "server_neles": 4096, "bit_len": 53, "epsilon": 1.27, "server_ip": "192.168.0.2", "port": 7777, "threads": 1, "threshold": 0, "nmegabins": 16, "poly_size": 975, "n_fun": 3, "payload_bl": 2, "fun_type": 7, "overlap": 25}, "s_output": {"result": 3152, "hashing_t": 21.1354, "oprf_t": 509.046, "poly_t": 838.275, "poly_trans_t": 0.147937, "aby_online_t": 53.493, "aby_setup_t": 0.493, "aby_total_t": 339.698, "total_t": 2641.37, "nobase_t": 1889.99, "poly_d_rs": [0, 249600], "oprf_d_rs": [332961, 16944], "aby_online_d_rs": [363562, 5566976], "aby_setup_d_rs": [20726096, 15487206], "aby_total_d_rs": [21089658, 21054182], "total_d_rs": [21422619, 21320726]}, "c_output": {"result": 3152, "hashing_t": 8.05642, "oprf_t": 463.763, "poly_t": 98.8011, "poly_trans_t": 805.169, "aby_online_t": 53.444, "aby_setup_t": 0.444, "aby_total_t": 339.586, "total_t": 2641.56, "nobase_t": 1919.65, "poly_d_rs": [249600, 0], "oprf_d_rs": [16944, 332961], "aby_online_d_rs": [5566976, 363562], "aby_setup_d_rs": [15487206, 20726096], "aby_total_d_rs": [21054182, 21089658], "total_d_rs": [21320726, 21422619]}, "batch": "PsiTypesDD_1"}