{"setup": "desktop-app", "repeat": 2, "parameters": {"client_neles": 4096, "server_neles": 4096, "bit_len": 53, "epsilon": 1.27, "server_ip": "192.168.0.2", "port": 7777, "threads": 1, "threshold": 0, "nmegabins": 16, "poly_size": 975, "n_fun": 3, "payload_bl": 2, "fun_type": 5, "overlap": 25}, "s_output": {"result": 1563, "hashing_t": 8.71712, "oprf_t": 792.923, "poly_t": 265.291, "poly_trans_t": 4.75003, "aby_online_t": 54.919, "aby_setup_t": 300.306, "aby_total_t": 355.225, "total_t": 2030.29, "nobase_t": 1229.34, "poly_d_rs": [0, 124800], "oprf_d_rs": [332961, 16944], "aby_online_d_rs": [123005, 289883], "aby_setup_d_rs": [5331105, 5167209], "aby_total_d_rs": [5454110, 5457092], "total_d_rs": [5787071, 5598836], "nobase_d_rs": [5737042, 5531980]}, "c_output": {"result": 1563, "hashing_t": 8.081, "oprf_t": 735.801, "poly_t": 62.905, "poly_trans_t": 251.762, "aby_online_t": 51.651, "aby_setup_t": 305.086, "aby_total_t": 356.737, "total_t": 2032.04, "nobase_t": 825.58, "poly_d_rs": [124800, 0], "oprf_d_rs": [16944, 332961], "aby_online_d_rs": [289892, 123005], "aby_setup_d_rs": [5167209, 5331105], "aby_total_d_rs": [5457101, 5454110], "total_d_rs": [5598845, 5787071], "nobase_d_rs": [5531989, 5737042]}, "batch": "PsiTypesDA_3"}