{"setup": "desktop-desktop", "repeat": 4, "parameters": {"client_neles": 4096, "server_neles": 131072, "epsilon": 1.27, "server_ip": "127.0.0.1", "port": 7777, "threads": 1, "threshold": 0, "n_fun": 3, "payload_bl": 2, "fun_type": 0, "overlap": 25, "nmegabins": 496, "poly_size": 1024, "bit_len": 53}, "s_output": {"result": 0, "hashing_t": 181.504, "oprf_t": 820.897, "poly_t": 7607.42, "poly_trans_t": 0.92546, "aby_online_t": 1.796, "aby_setup_t": 63.33, "aby_total_t": 65.126, "total_t": 8905.02, "nobase_t": 8342.54, "poly_d_rs": [0, 4063232], "oprf_d_rs": [332961, 16944], "aby_online_d_rs": [78083, 117750], "aby_setup_d_rs": [5034832, 4995165], "aby_total_d_rs": [5112915, 5112915], "total_d_rs": [5445876, 9193091], "nobase_d_rs": [5395847, 9126235]}, "c_output": {"result": 0, "hashing_t": 2.20091, "oprf_t": 585.481, "poly_t": 34.9755, "poly_trans_t": 7570.4, "aby_online_t": 2.263, "aby_setup_t": 62.736, "aby_total_t": 64.999, "total_t": 8905.1, "nobase_t": 8150.12, "poly_d_rs": [4063232, 0], "oprf_d_rs": [16944, 332961], "aby_online_d_rs": [117750, 117750], "aby_setup_d_rs": [4995165, 4995165], "aby_total_d_rs": [5112915, 5112915], "total_d_rs": [9193091, 5445876], "nobase_d_rs": [9126235, 5395847]}, "batch": "ServerScalingAnalyticsDD_1"}