{"setup": "desktop-desktop", "repeat": 1, "parameters": {"client_neles": 4096, "server_neles": 4096, "bit_len": 53, "epsilon": 1.27, "server_ip": "192.168.0.2", "port": 7777, "threads": 1, "threshold": 0, "nmegabins": 16, "poly_size": 975, "n_fun": 3, "payload_bl": 2, "fun_type": 3, "overlap": 25}, "s_output": {"result": 1024, "hashing_t": 8.68844, "oprf_t": 539.213, "poly_t": 381.183, "poly_trans_t": 0.075091, "aby_online_t": 8.516, "aby_setup_t": 0.516, "aby_total_t": 91.532, "total_t": 1635.74, "nobase_t": 619.81, "poly_d_rs": [0, 124800], "oprf_d_rs": [332961, 16944], "aby_online_d_rs": [119243, 119243], "aby_setup_d_rs": [5085320, 5085320], "aby_total_d_rs": [5204563, 5204563], "total_d_rs": [5537524, 5346307]}, "c_output": {"result": 1024, "hashing_t": 4.25133, "oprf_t": 526.796, "poly_t": 48.414, "poly_trans_t": 335.336, "aby_online_t": 8.456, "aby_setup_t": 0.456, "aby_total_t": 91.497, "total_t": 1635.87, "nobase_t": 593.92, "poly_d_rs": [124800, 0], "oprf_d_rs": [16944, 332961], "aby_online_d_rs": [119243, 119243], "aby_setup_d_rs": [5085320, 5085320], "aby_total_d_rs": [5204563, 5204563], "total_d_rs": [5346307, 5537524]}, "batch": "PsiTypesDD_1"}