{"setup": "desktop-app", "repeat": 0, "parameters": {"client_neles": 1024, "server_neles": 1024, "epsilon": 1.27, "server_ip": "192.168.0.2", "port": 7777, "threads": 1, "threshold": 0, "n_fun": 3, "payload_bl": 2, "fun_type": 0, "overlap": 25, "nmegabins": 4, "poly_size": 946, "bit_len": 51}, "s_output": {"result": 0, "hashing_t": 4.06895, "oprf_t": 707.202, "poly_t": 92.1935, "poly_trans_t": 0.029593, "aby_online_t": 10.726, "aby_setup_t": 131.656, "aby_total_t": 142.382, "aby_baseot_t": 513.167, "total_t": 1509.38, "nobase_t": 714.426, "poly_d_rs": [0, 30272], "oprf_d_rs": [83297, 16944], "aby_online_d_rs": [29478, 29487], "aby_setup_d_rs": [1249332, 1249323], "aby_total_d_rs": [1278810, 1278810], "aby_baseot_d_rs": [49956, 49956], "total_d_rs": [1362107, 1326026], "nobase_d_rs": [1312078, 1259170]}, "c_output": {"result": 0, "hashing_t": 1.343, "oprf_t": 695.179, "poly_t": 29.107, "poly_trans_t": 82.814, "aby_online_t": 12.319, "aby_setup_t": 131.09, "aby_total_t": 143.409, "aby_baseot_t": 514.69, "total_t": 1510.09, "nobase_t": 327.239, "poly_d_rs": [30272, 0], "oprf_d_rs": [16944, 83297], "aby_online_d_rs": [29487, 29487], "aby_setup_d_rs": [1249323, 1249323], "aby_total_d_rs": [1278810, 1278810], "aby_baseot_d_rs": [49956, 49948], "total_d_rs": [1326026, 1362107], "nobase_d_rs": [1259170, 1312086]}, "batch": "ServerScalingAnalyticsDA_2"}