{"setup": "desktop-desktop", "repeat": 4, "parameters": {"client_neles": 4096, "server_neles": 16384, "epsilon": 1.27, "server_ip": "127.0.0.1", "port": 7777, "threads": 1, "threshold": 0, "n_fun": 3, "payload_bl": 2, "fun_type": 0, "overlap": 25, "nmegabins": 62, "poly_size": 1014, "bit_len": 53}, "s_output": {"result": 0, "hashing_t": 32.5152, "oprf_t": 363.776, "poly_t": 980.164, "poly_trans_t": 0.148294, "aby_online_t": 1.67, "aby_setup_t": 66.363, "aby_total_t": 68.033, "total_t": 1671.31, "nobase_t": 1204.77, "poly_d_rs": [0, 502944], "oprf_d_rs": [332961, 16944], "aby_online_d_rs": [117750, 117750], "aby_setup_d_rs": [4995165, 4995165], "aby_total_d_rs": [5112915, 5112915], "total_d_rs": [5445876, 5632803], "nobase_d_rs": [5395847, 5565947]}, "c_output": {"result": 0, "hashing_t": 4.71426, "oprf_t": 338.574, "poly_t": 32.5044, "poly_trans_t": 949.999, "aby_online_t": 1.595, "aby_setup_t": 66.35, "aby_total_t": 67.945, "total_t": 1671.38, "nobase_t": 1163.57, "poly_d_rs": [502944, 0], "oprf_d_rs": [16944, 332961], "aby_online_d_rs": [117750, 117750], "aby_setup_d_rs": [4995165, 4995165], "aby_total_d_rs": [5112915, 5112915], "total_d_rs": [5632803, 5445876], "nobase_d_rs": [5565947, 5395847]}, "batch": "ServerScalingAnalyticsDD_1"}