{"setup": "desktop-desktop", "repeat": 7, "parameters": {"client_neles": 4096, "server_neles": 4096, "bit_len": 53, "epsilon": 1.27, "server_ip": "192.168.0.2", "port": 7777, "threads": 1, "threshold": 0, "nmegabins": 16, "poly_size": 975, "n_fun": 3, "payload_bl": 2, "fun_type": 0, "overlap": 25}, "s_output": {"result": 0, "hashing_t": 6.71537, "oprf_t": 342.82, "poly_t": 269.567, "poly_trans_t": 0.049574, "aby_online_t": 1.81, "aby_setup_t": 64.616, "aby_total_t": 66.426, "total_t": 986.972, "nobase_t": 427.147, "poly_d_rs": [0, 124800], "oprf_d_rs": [332961, 16944], "aby_online_d_rs": [117750, 117750], "aby_setup_d_rs": [4995165, 4995165], "aby_total_d_rs": [5112915, 5112915], "total_d_rs": [5445876, 5254659], "nobase_d_rs": [5395847, 5187803]}, "c_output": {"result": 0, "hashing_t": 2.81737, "oprf_t": 333.238, "poly_t": 33.4459, "poly_trans_t": 230.944, "aby_online_t": 1.763, "aby_setup_t": 64.854, "aby_total_t": 66.617, "total_t": 987.063, "nobase_t": 410.794, "poly_d_rs": [124800, 0], "oprf_d_rs": [16944, 332961], "aby_online_d_rs": [117750, 117750], "aby_setup_d_rs": [4995165, 4995165], "aby_total_d_rs": [5112915, 5112915], "total_d_rs": [5254659, 5445876], "nobase_d_rs": [5187803, 5395856]}, "batch": "ScalingElementsDD_2"}