{"setup": "desktop-app", "repeat": 1, "parameters": {"client_neles": 1024, "server_neles": 1024, "epsilon": 1.27, "server_ip": "192.168.0.2", "port": 7777, "threads": 1, "threshold": 0, "n_fun": 3, "payload_bl": 2, "fun_type": 0, "overlap": 25, "nmegabins": 4, "poly_size": 946, "bit_len": 51}, "s_output": {"result": 0, "hashing_t": 1.60198, "oprf_t": 707.974, "poly_t": 75.8296, "poly_trans_t": 0.039885, "aby_online_t": 14.151, "aby_setup_t": 163.236, "aby_total_t": 177.387, "aby_baseot_t": 533.013, "total_t": 1534.51, "nobase_t": 725.217, "poly_d_rs": [0, 30272], "oprf_d_rs": [83297, 16944], "aby_online_d_rs": [19565, 29487], "aby_setup_d_rs": [1259245, 1249323], "aby_total_d_rs": [1278810, 1278810], "aby_baseot_d_rs": [49956, 49956], "total_d_rs": [1362107, 1326026], "nobase_d_rs": [1312078, 1259170]}, "c_output": {"result": 0, "hashing_t": 1.57, "oprf_t": 697.609, "poly_t": 20.4, "poly_trans_t": 63.581, "aby_online_t": 15.076, "aby_setup_t": 161.718, "aby_total_t": 176.794, "aby_baseot_t": 534.133, "total_t": 1533.65, "nobase_t": 329.446, "poly_d_rs": [30272, 0], "oprf_d_rs": [16944, 83297], "aby_online_d_rs": [29487, 29478], "aby_setup_d_rs": [1249323, 1249323], "aby_total_d_rs": [1278810, 1278801], "aby_baseot_d_rs": [49956, 49956], "total_d_rs": [1326026, 1362098], "nobase_d_rs": [1259170, 1312069]}, "batch": "ServerScalingAnalyticsDA_2"}