{"setup": "desktop-desktop", "repeat": 1, "parameters": {"client_neles": 4096, "server_neles": 4096, "bit_len": 53, "epsilon": 1.27, "server_ip": "192.168.0.2", "port": 7777, "threads": 1, "threshold": 0, "nmegabins": 16, "poly_size": 975, "n_fun": 3, "payload_bl": 2, "fun_type": 9, "overlap": 25}, "s_output": {"result": 2390, "hashing_t": 14.9814, "oprf_t": 559.321, "poly_t": 776.872, "poly_trans_t": 0.155868, "aby_online_t": 176.992, "aby_setup_t": 0.992, "aby_total_t": 2512.15, "total_t": 4977.53, "nobase_t": 4121.56, "poly_d_rs": [0, 249600], "oprf_d_rs": [332961, 16944], "aby_online_d_rs": [3366798, 6010662], "aby_setup_d_rs": [211630643, 208970210], "aby_total_d_rs": [214997441, 214980872], "total_d_rs": [215330402, 215247416]}, "c_output": {"result": 2390, "hashing_t": 5.73605, "oprf_t": 515.822, "poly_t": 96.0545, "poly_trans_t": 753.324, "aby_online_t": 176.828, "aby_setup_t": 0.828, "aby_total_t": 2512.04, "total_t": 4977.56, "nobase_t": 4149.74, "poly_d_rs": [249600, 0], "oprf_d_rs": [16944, 332961], "aby_online_d_rs": [6010662, 3366798], "aby_setup_d_rs": [208970210, 211630643], "aby_total_d_rs": [214980872, 214997441], "total_d_rs": [215247416, 215330402]}, "batch": "PsiTypesDD_1"}