{"setup": "desktop-desktop", "repeat": 2, "parameters": {"client_neles": 4096, "server_neles": 4096, "bit_len": 53, "epsilon": 1.27, "server_ip": "192.168.0.2", "port": 7777, "threads": 1, "threshold": 0, "nmegabins": 16, "poly_size": 975, "n_fun": 3, "payload_bl": 2, "fun_type": 0, "overlap": 25}, "s_output": {"result": 0, "hashing_t": 16.7372, "oprf_t": 541.764, "poly_t": 391.408, "poly_trans_t": 0.078825, "aby_online_t": 2.191, "aby_setup_t": 0.191, "aby_total_t": 91.053, "total_t": 1535.96, "nobase_t": 636.539, "poly_d_rs": [0, 124800], "oprf_d_rs": [332961, 16944], "aby_online_d_rs": [117750, 117750], "aby_setup_d_rs": [4995165, 4995165], "aby_total_d_rs": [5112915, 5112915], "total_d_rs": [5445876, 5254659]}, "c_output": {"result": 0, "hashing_t": 7.88431, "oprf_t": 530.405, "poly_t": 50.9983, "poly_trans_t": 349.155, "aby_online_t": 2.243, "aby_setup_t": 0.243, "aby_total_t": 91.108, "total_t": 1536.17, "nobase_t": 605.637, "poly_d_rs": [124800, 0], "oprf_d_rs": [16944, 332961], "aby_online_d_rs": [117750, 117750], "aby_setup_d_rs": [4995165, 4995165], "aby_total_d_rs": [5112915, 5112915], "total_d_rs": [5254659, 5445876]}, "batch": "PsiTypesDD_1"}