{"setup": "desktop-desktop", "repeat": 0, "parameters": {"client_neles": 4096, "server_neles": 524288, "epsilon": 1.27, "server_ip": "127.0.0.1", "port": 7777, "threads": 1, "threshold": 0, "n_fun": 3, "payload_bl": 2, "fun_type": 0, "overlap": 25, "nmegabins": 1996, "poly_size": 1024, "bit_len": 53}, "s_output": {"result": 0, "hashing_t": 713.44, "oprf_t": 2202.59, "poly_t": 31835.0, "poly_trans_t": 4.16338, "aby_online_t": 1.541, "aby_setup_t": 62.524, "aby_total_t": 64.065, "total_t": 35235.3, "nobase_t": 34544.2, "poly_d_rs": [0, 16351232], "oprf_d_rs": [332961, 16944], "aby_online_d_rs": [117750, 117750], "aby_setup_d_rs": [4995165, 4995165], "aby_total_d_rs": [5112915, 5112915], "total_d_rs": [5445876, 21481091], "nobase_d_rs": [5395847, 21414235]}, "c_output": {"result": 0, "hashing_t": 2.05926, "oprf_t": 1237.2, "poly_t": 43.6929, "poly_trans_t": 31783.3, "aby_online_t": 1.673, "aby_setup_t": 62.465, "aby_total_t": 64.138, "total_t": 35235.4, "nobase_t": 33818.5, "poly_d_rs": [16351232, 0], "oprf_d_rs": [16944, 332961], "aby_online_d_rs": [117750, 117742], "aby_setup_d_rs": [4995165, 4995165], "aby_total_d_rs": [5112915, 5112907], "total_d_rs": [21481091, 5445868], "nobase_d_rs": [21414235, 5395839]}, "batch": "ServerScalingAnalyticsDD_1"}