{"setup": "desktop-desktop", "repeat": 3, "parameters": {"client_neles": 4096, "server_neles": 4096, "bit_len": 53, "epsilon": 1.27, "server_ip": "192.168.0.2", "port": 7777, "threads": 1, "threshold": 0, "nmegabins": 16, "poly_size": 975, "n_fun": 3, "payload_bl": 2, "fun_type": 5, "overlap": 25}, "s_output": {"result": 1621, "hashing_t": 9.13787, "oprf_t": 333.821, "poly_t": 268.258, "poly_trans_t": 0.05902, "aby_online_t": 3.14, "aby_setup_t": 101.142, "aby_total_t": 104.282, "total_t": 1032.28, "nobase_t": 470.269, "poly_d_rs": [0, 124800], "oprf_d_rs": [332961, 16944], "aby_online_d_rs": [123005, 289892], "aby_setup_d_rs": [5331105, 5167209], "aby_total_d_rs": [5454110, 5457101], "total_d_rs": [5787071, 5598845], "nobase_d_rs": [5737042, 5531989]}, "c_output": {"result": 1621, "hashing_t": 3.74362, "oprf_t": 325.248, "poly_t": 33.4605, "poly_trans_t": 230.103, "aby_online_t": 3.026, "aby_setup_t": 101.284, "aby_total_t": 104.31, "total_t": 1032.34, "nobase_t": 450.887, "poly_d_rs": [124800, 0], "oprf_d_rs": [16944, 332961], "aby_online_d_rs": [289892, 122996], "aby_setup_d_rs": [5167209, 5331105], "aby_total_d_rs": [5457101, 5454101], "total_d_rs": [5598845, 5787062], "nobase_d_rs": [5531989, 5737033]}, "batch": "PsiTypesDD_2"}