{"setup": "desktop-app", "repeat": 3, "parameters": {"client_neles": 4096, "server_neles": 4096, "bit_len": 53, "epsilon": 1.27, "server_ip": "192.168.0.2", "port": 7777, "threads": 1, "threshold": 0, "nmegabins": 16, "poly_size": 975, "n_fun": 3, "payload_bl": 2, "fun_type": 6, "overlap": 25}, "s_output": {"result": 3094, "hashing_t": 4.34622, "oprf_t": 919.912, "poly_t": 535.789, "poly_trans_t": 6.00114, "aby_online_t": 337.542, "aby_setup_t": 698.449, "aby_total_t": 1035.99, "total_t": 3912.94, "nobase_t": 3025.3, "poly_d_rs": [0, 249600], "oprf_d_rs": [332961, 16944], "aby_online_d_rs": [363536, 5563894], "aby_setup_d_rs": [20724023, 15481059], "aby_total_d_rs": [21087559, 21044953], "total_d_rs": [21420520, 21311497], "nobase_d_rs": [21370491, 21244641]}, "c_output": {"result": 3094, "hashing_t": 7.191, "oprf_t": 1533.12, "poly_t": 134.948, "poly_trans_t": 591.833, "aby_online_t": 341.842, "aby_setup_t": 696.491, "aby_total_t": 1038.33, "total_t": 3915.38, "nobase_t": 2675.27, "poly_d_rs": [249600, 0], "oprf_d_rs": [16944, 332961], "aby_online_d_rs": [5563903, 363545], "aby_setup_d_rs": [15481059, 20724014], "aby_total_d_rs": [21044962, 21087559], "total_d_rs": [21311506, 21420520], "nobase_d_rs": [21244650, 21370499]}, "batch": "PsiTypesDA_3"}