{"setup": "desktop-desktop", "repeat": 1, "parameters": {"client_neles": 4096, "server_neles": 4096, "bit_len": 53, "epsilon": 1.27, "server_ip": "192.168.0.2", "port": 7777, "threads": 1, "threshold": 0, "nmegabins": 16, "poly_size": 975, "n_fun": 3, "payload_bl": 2, "fun_type": 5, "overlap": 25}, "s_output": {"result": 1621, "hashing_t": 20.2146, "oprf_t": 546.974, "poly_t": 450.92, "poly_trans_t": 0.072029, "aby_online_t": 5.447, "aby_setup_t": 0.447, "aby_total_t": 116.22, "total_t": 1510.61, "nobase_t": 727.117, "poly_d_rs": [0, 124800], "oprf_d_rs": [332961, 16944], "aby_online_d_rs": [123005, 289883], "aby_setup_d_rs": [5331105, 5167209], "aby_total_d_rs": [5454110, 5457092], "total_d_rs": [5787071, 5598836]}, "c_output": {"result": 1621, "hashing_t": 9.38298, "oprf_t": 537.882, "poly_t": 50.3626, "poly_trans_t": 397.516, "aby_online_t": 5.416, "aby_setup_t": 0.416, "aby_total_t": 116.366, "total_t": 1510.89, "nobase_t": 694.722, "poly_d_rs": [124800, 0], "oprf_d_rs": [16944, 332961], "aby_online_d_rs": [289892, 123005], "aby_setup_d_rs": [5167209, 5331105], "aby_total_d_rs": [5457101, 5454110], "total_d_rs": [5598845, 5787071]}, "batch": "PsiTypesDD_1"}