{"setup": "desktop-desktop", "repeat": 4, "parameters": {"client_neles": 4096, "server_neles": 4096, "bit_len": 53, "epsilon": 1.27, "server_ip": "192.168.0.2", "port": 7777, "threads": 1, "threshold": 0, "nmegabins": 16, "poly_size": 975, "n_fun": 3, "payload_bl": 2, "fun_type": 8, "overlap": 25}, "s_output": {"result": 2390, "hashing_t": 6.17322, "oprf_t": 343.152, "poly_t": 545.597, "poly_trans_t": 0.106493, "aby_online_t": 46.638, "aby_setup_t": 1735.87, "aby_total_t": 1782.5, "total_t": 3254.84, "nobase_t": 2742.15, "poly_d_rs": [0, 249600], "oprf_d_rs": [332961, 16944], "aby_online_d_rs": [3366781, 6007589], "aby_setup_d_rs": [211628561, 208964063], "aby_total_d_rs": [214995342, 214971652], "total_d_rs": [215328303, 215238196], "nobase_d_rs": [215278274, 215171349]}, "c_output": {"result": 2390, "hashing_t": 4.10892, "oprf_t": 607.113, "poly_t": 66.9283, "poly_trans_t": 520.567, "aby_online_t": 46.706, "aby_setup_t": 1735.7, "aby_total_t": 1782.4, "total_t": 3254.98, "nobase_t": 2761.52, "poly_d_rs": [249600, 0], "oprf_d_rs": [16944, 332961], "aby_online_d_rs": [6007589, 3366781], "aby_setup_d_rs": [208964063, 211628561], "aby_total_d_rs": [214971652, 214995342], "total_d_rs": [215238196, 215328303], "nobase_d_rs": [215171340, 215278274]}, "batch": "PsiTypesDD_3"}