{"setup": "desktop-app", "repeat": 2, "parameters": {"client_neles": 4096, "server_neles": 4096, "bit_len": 53, "epsilon": 1.27, "server_ip": "192.168.0.2", "port": 7777, "threads": 1, "threshold": 0, "nmegabins": 16, "poly_size": 975, "n_fun": 3, "payload_bl": 2, "fun_type": 8, "overlap": 25}, "s_output": {"result": 2369, "hashing_t": 8.53763, "oprf_t": 902.115, "poly_t": 544.912, "poly_trans_t": 4.42923, "aby_online_t": 510.095, "aby_setup_t": 6185.6, "aby_total_t": 6695.69, "total_t": 9552.14, "nobase_t": 8683.11, "poly_d_rs": [0, 249600], "oprf_d_rs": [332961, 16944], "aby_online_d_rs": [3215942, 6007589], "aby_setup_d_rs": [211779400, 208964063], "aby_total_d_rs": [214995342, 214971652], "total_d_rs": [215328303, 215238196], "nobase_d_rs": [215278274, 215171340]}, "c_output": {"result": 2369, "hashing_t": 14.828, "oprf_t": 1490.59, "poly_t": 140.165, "poly_trans_t": 599.658, "aby_online_t": 542.195, "aby_setup_t": 6157.5, "aby_total_t": 6699.7, "total_t": 9554.38, "nobase_t": 8332.03, "poly_d_rs": [249600, 0], "oprf_d_rs": [16944, 332961], "aby_online_d_rs": [6007589, 3366781], "aby_setup_d_rs": [208964063, 211628561], "aby_total_d_rs": [214971652, 214995342], "total_d_rs": [215238196, 215328303], "nobase_d_rs": [215171340, 215278283]}, "batch": "PsiTypesDA_3"}