{"setup": "desktop-desktop", "repeat": 1, "parameters": {"client_neles": 4096, "server_neles": 4096, "bit_len": 53, "epsilon": 1.27, "server_ip": "192.168.0.2", "port": 7777, "threads": 1, "threshold": 0, "nmegabins": 16, "poly_size": 975, "n_fun": 3, "payload_bl": 2, "fun_type": 3, "overlap": 25}, "s_output": {"result": 1024, "hashing_t": 6.12694, "oprf_t": 327.506, "poly_t": 294.013, "poly_trans_t": 0.067741, "aby_online_t": 7.51, "aby_setup_t": 88.798, "aby_total_t": 96.308, "total_t": 986.561, "nobase_t": 486.163, "poly_d_rs": [0, 124800], "oprf_d_rs": [332961, 16944], "aby_online_d_rs": [119243, 119243], "aby_setup_d_rs": [5085320, 5085320], "aby_total_d_rs": [5204563, 5204563], "total_d_rs": [5537524, 5346307], "nobase_d_rs": [5487495, 5279451]}, "c_output": {"result": 1024, "hashing_t": 2.691, "oprf_t": 317.221, "poly_t": 33.9724, "poly_trans_t": 255.115, "aby_online_t": 7.552, "aby_setup_t": 88.666, "aby_total_t": 96.218, "total_t": 986.646, "nobase_t": 468.374, "poly_d_rs": [124800, 0], "oprf_d_rs": [16944, 332961], "aby_online_d_rs": [119243, 119243], "aby_setup_d_rs": [5085320, 5085320], "aby_total_d_rs": [5204563, 5204563], "total_d_rs": [5346307, 5537524], "nobase_d_rs": [5279451, 5487504]}, "batch": "PsiTypesDD_3"}