{"setup": "desktop-app", "repeat": 3, "parameters": {"client_neles": 4096, "server_neles": 4096, "bit_len": 53, "epsilon": 1.27, "server_ip": "192.168.0.2", "port": 7777, "threads": 1, "threshold": 0, "nmegabins": 16, "poly_size": 975, "n_fun": 3, "payload_bl": 2, "fun_type": 0, "overlap": 25}, "s_output": {"result": 0, "hashing_t": 9.67015, "oprf_t": 765.479, "poly_t": 283.455, "poly_trans_t": 4.58902, "aby_online_t": 19.788, "aby_setup_t": 263.944, "aby_total_t": 283.732, "total_t": 1960.5, "nobase_t": 1159.56, "poly_d_rs": [0, 124800], "oprf_d_rs": [332961, 16944], "aby_online_d_rs": [78083, 117750], "aby_setup_d_rs": [5034832, 4995165], "aby_total_d_rs": [5112915, 5112915], "total_d_rs": [5445876, 5254659]}, "c_output": {"result": 0, "hashing_t": 3.416, "oprf_t": 736.738, "poly_t": 75.27, "poly_trans_t": 253.058, "aby_online_t": 21.894, "aby_setup_t": 263.3, "aby_total_t": 285.194, "total_t": 1960.05, "nobase_t": 754.368, "poly_d_rs": [124800, 0], "oprf_d_rs": [16944, 332961], "aby_online_d_rs": [117750, 117741], "aby_setup_d_rs": [4995165, 4995165], "aby_total_d_rs": [5112915, 5112906], "total_d_rs": [5254659, 5445867]}, "batch": "ScalingElementsDA"}