{"setup": "desktop-desktop", "repeat": 2, "parameters": {"client_neles": 4096, "server_neles": 4096, "bit_len": 53, "epsilon": 1.27, "server_ip": "192.168.0.2", "port": 7777, "threads": 1, "threshold": 0, "nmegabins": 16, "poly_size": 975, "n_fun": 3, "payload_bl": 2, "fun_type": 5, "overlap": 25}, "s_output": {"result": 1621, "hashing_t": 6.47725, "oprf_t": 335.589, "poly_t": 269.773, "poly_trans_t": 0.06183, "aby_online_t": 3.859, "aby_setup_t": 102.386, "aby_total_t": 106.245, "total_t": 1005.79, "nobase_t": 464.965, "poly_d_rs": [0, 124800], "oprf_d_rs": [332961, 16944], "aby_online_d_rs": [123005, 289883], "aby_setup_d_rs": [5331105, 5167209], "aby_total_d_rs": [5454110, 5457092], "total_d_rs": [5787071, 5598836], "nobase_d_rs": [5737042, 5531980]}, "c_output": {"result": 1621, "hashing_t": 2.98125, "oprf_t": 325.2, "poly_t": 35.0128, "poly_trans_t": 231.762, "aby_online_t": 3.891, "aby_setup_t": 102.472, "aby_total_t": 106.363, "total_t": 1005.86, "nobase_t": 453.211, "poly_d_rs": [124800, 0], "oprf_d_rs": [16944, 332961], "aby_online_d_rs": [289892, 123005], "aby_setup_d_rs": [5167209, 5331105], "aby_total_d_rs": [5457101, 5454110], "total_d_rs": [5598845, 5787071], "nobase_d_rs": [5531989, 5737042]}, "batch": "PsiTypesDD_2"}