{"setup": "desktop-app", "repeat": 4, "parameters": {"client_neles": 4096, "server_neles": 4096, "bit_len": 53, "epsilon": 1.27, "server_ip": "192.168.0.2", "port": 7777, "threads": 1, "threshold": 0, "nmegabins": 16, "poly_size": 975, "n_fun": 3, "payload_bl": 2, "fun_type": 6, "overlap": 25}, "s_output": {"result": 3094, "hashing_t": 4.48464, "oprf_t": 877.801, "poly_t": 535.406, "poly_trans_t": 5.57935, "aby_online_t": 318.209, "aby_setup_t": 689.433, "aby_total_t": 1007.64, "total_t": 3851.46, "nobase_t": 2947.44, "poly_d_rs": [0, 249600], "oprf_d_rs": [332961, 16944], "aby_online_d_rs": [363545, 5563903], "aby_setup_d_rs": [20724014, 15481059], "aby_total_d_rs": [21087559, 21044962], "total_d_rs": [21420520, 21311506], "nobase_d_rs": [21370491, 21244650]}, "c_output": {"result": 3094, "hashing_t": 24.124, "oprf_t": 799.901, "poly_t": 130.829, "poly_trans_t": 559.902, "aby_online_t": 320.61, "aby_setup_t": 688.37, "aby_total_t": 1008.98, "total_t": 3852.63, "nobase_t": 2622.49, "poly_d_rs": [249600, 0], "oprf_d_rs": [16944, 332961], "aby_online_d_rs": [5563903, 363545], "aby_setup_d_rs": [15481059, 20724014], "aby_total_d_rs": [21044962, 21087559], "total_d_rs": [21311506, 21420520], "nobase_d_rs": [21244650, 21370491]}, "batch": "PsiTypesDA_2"}