{"setup": "desktop-desktop", "repeat": 3, "parameters": {"client_neles": 4096, "server_neles": 4096, "bit_len": 53, "epsilon": 1.27, "server_ip": "192.168.0.2", "port": 7777, "threads": 1, "threshold": 0, "nmegabins": 16, "poly_size": 975, "n_fun": 3, "payload_bl": 2, "fun_type": 0, "overlap": 25}, "s_output": {"result": 0, "hashing_t": 5.33926, "oprf_t": 332.34, "poly_t": 268.317, "poly_trans_t": 0.060676, "aby_online_t": 1.922, "aby_setup_t": 63.962, "aby_total_t": 65.884, "total_t": 947.286, "nobase_t": 425.182, "poly_d_rs": [0, 124800], "oprf_d_rs": [332961, 16944], "aby_online_d_rs": [117750, 117750], "aby_setup_d_rs": [4995165, 4995165], "aby_total_d_rs": [5112915, 5112915], "total_d_rs": [5445876, 5254659], "nobase_d_rs": [5395847, 5187803]}, "c_output": {"result": 0, "hashing_t": 2.54086, "oprf_t": 321.476, "poly_t": 33.4483, "poly_trans_t": 229.797, "aby_online_t": 1.911, "aby_setup_t": 64.071, "aby_total_t": 65.982, "total_t": 947.369, "nobase_t": 407.953, "poly_d_rs": [124800, 0], "oprf_d_rs": [16944, 332961], "aby_online_d_rs": [117750, 117750], "aby_setup_d_rs": [4995165, 4995165], "aby_total_d_rs": [5112915, 5112915], "total_d_rs": [5254659, 5445876], "nobase_d_rs": [5187803, 5395847]}, "batch": "ScalingElementsDD_2"}