{"setup": "desktop-desktop", "repeat": 4, "parameters": {"client_neles": 4096, "server_neles": 4096, "bit_len": 53, "epsilon": 1.27, "server_ip": "192.168.0.2", "port": 7777, "threads": 1, "threshold": 0, "nmegabins": 16, "poly_size": 975, "n_fun": 3, "payload_bl": 2, "fun_type": 0, "overlap": 25}, "s_output": {"result": 0, "hashing_t": 5.15166, "oprf_t": 318.443, "poly_t": 268.019, "poly_trans_t": 0.048268, "aby_online_t": 1.879, "aby_setup_t": 75.662, "aby_total_t": 77.541, "total_t": 950.802, "nobase_t": 435.085, "poly_d_rs": [0, 124800], "oprf_d_rs": [332961, 16944], "aby_online_d_rs": [117750, 117750], "aby_setup_d_rs": [4995165, 4995165], "aby_total_d_rs": [5112915, 5112915], "total_d_rs": [5445876, 5254659], "nobase_d_rs": [5395847, 5187803]}, "c_output": {"result": 0, "hashing_t": 2.40908, "oprf_t": 307.39, "poly_t": 33.442, "poly_trans_t": 229.808, "aby_online_t": 1.897, "aby_setup_t": 75.77, "aby_total_t": 77.667, "total_t": 950.899, "nobase_t": 419.284, "poly_d_rs": [124800, 0], "oprf_d_rs": [16944, 332961], "aby_online_d_rs": [117750, 117750], "aby_setup_d_rs": [4995165, 4995165], "aby_total_d_rs": [5112915, 5112915], "total_d_rs": [5254659, 5445876], "nobase_d_rs": [5187803, 5395847]}, "batch": "PsiTypesDD_2"}