{"setup": "desktop-desktop", "repeat": 7, "parameters": {"client_neles": 4096, "server_neles": 4096, "bit_len": 53, "epsilon": 1.27, "server_ip": "127.0.0.1", "port": 7777, "threads": 1, "threshold": 0, "nmegabins": 16, "poly_size": 975, "n_fun": 3, "payload_bl": 2, "fun_type": 0, "overlap": 25}, "s_output": {"result": 0, "hashing_t": 8.44968, "oprf_t": 523.158, "poly_t": 366.315, "poly_trans_t": 0.078319, "aby_online_t": 2.728, "aby_setup_t": 0.728, "aby_total_t": 105.581, "total_t": 1464.4, "nobase_t": 605.478, "poly_d_rs": [0, 124800], "oprf_d_rs": [332961, 16944], "aby_online_d_rs": [117750, 117750], "aby_setup_d_rs": [4995165, 4995165], "aby_total_d_rs": [5112915, 5112915], "total_d_rs": [5445876, 5254659]}, "c_output": {"result": 0, "hashing_t": 3.68622, "oprf_t": 508.483, "poly_t": 47.3926, "poly_trans_t": 323.359, "aby_online_t": 2.892, "aby_setup_t": 0.892, "aby_total_t": 105.189, "total_t": 1464.45, "nobase_t": 578.737, "poly_d_rs": [124800, 0], "oprf_d_rs": [16944, 332961], "aby_online_d_rs": [117750, 117742], "aby_setup_d_rs": [4995165, 4995165], "aby_total_d_rs": [5112915, 5112907], "total_d_rs": [5254659, 5445868]}, "batch": "ScalingElementsDD_1"}