{"setup": "desktop-desktop", "repeat": 3, "parameters": {"client_neles": 4096, "server_neles": 32768, "epsilon": 1.27, "server_ip": "127.0.0.1", "port": 7777, "threads": 1, "threshold": 0, "n_fun": 3, "payload_bl": 2, "fun_type": 0, "overlap": 25, "nmegabins": 124, "poly_size": 1018, "bit_len": 53}, "s_output": {"result": 0, "hashing_t": 48.1896, "oprf_t": 409.484, "poly_t": 1898.52, "poly_trans_t": 0.257636, "aby_online_t": 1.547, "aby_setup_t": 64.346, "aby_total_t": 65.893, "total_t": 2668.42, "nobase_t": 2187.6, "poly_d_rs": [0, 1009856], "oprf_d_rs": [332961, 16944], "aby_online_d_rs": [117750, 117750], "aby_setup_d_rs": [4995165, 4995165], "aby_total_d_rs": [5112915, 5112915], "total_d_rs": [5445876, 6139715], "nobase_d_rs": [5395847, 6072868]}, "c_output": {"result": 0, "hashing_t": 3.82886, "oprf_t": 349.165, "poly_t": 32.6898, "poly_trans_t": 1865.29, "aby_online_t": 1.524, "aby_setup_t": 64.273, "aby_total_t": 65.797, "total_t": 2668.58, "nobase_t": 2130.75, "poly_d_rs": [1009856, 0], "oprf_d_rs": [16944, 332961], "aby_online_d_rs": [117750, 117750], "aby_setup_d_rs": [4995165, 4995165], "aby_total_d_rs": [5112915, 5112915], "total_d_rs": [6139715, 5445876], "nobase_d_rs": [6072859, 5395847]}, "batch": "ServerScalingAnalyticsDD_1"}