{"setup": "desktop-desktop", "repeat": 4, "parameters": {"client_neles": 4096, "server_neles": 4096, "bit_len": 53, "epsilon": 1.27, "server_ip": "192.168.0.2", "port": 7777, "threads": 1, "threshold": 0, "nmegabins": 16, "poly_size": 975, "n_fun": 3, "payload_bl": 2, "fun_type": 9, "overlap": 25}, "s_output": {"result": 2390, "hashing_t": 7.41154, "oprf_t": 345.01, "poly_t": 526.791, "poly_trans_t": 0.089405, "aby_online_t": 46.7, "aby_setup_t": 1823.89, "aby_total_t": 1870.59, "total_t": 3318.16, "nobase_t": 2811.71, "poly_d_rs": [0, 249600], "oprf_d_rs": [332961, 16944], "aby_online_d_rs": [3366798, 6010662], "aby_setup_d_rs": [211630643, 208970210], "aby_total_d_rs": [214997441, 214980872], "total_d_rs": [215330402, 215247416], "nobase_d_rs": [215280373, 215180560]}, "c_output": {"result": 2390, "hashing_t": 2.60383, "oprf_t": 612.263, "poly_t": 66.9253, "poly_trans_t": 502.007, "aby_online_t": 46.628, "aby_setup_t": 1824.06, "aby_total_t": 1870.69, "total_t": 3318.26, "nobase_t": 2832.93, "poly_d_rs": [249600, 0], "oprf_d_rs": [16944, 332961], "aby_online_d_rs": [6010662, 3366798], "aby_setup_d_rs": [208970210, 211630643], "aby_total_d_rs": [214980872, 214997441], "total_d_rs": [215247416, 215330402], "nobase_d_rs": [215180560, 215280373]}, "batch": "PsiTypesDD_3"}