{"setup": "desktop-desktop", "repeat": 3, "parameters": {"client_neles": 4096, "server_neles": 4096, "bit_len": 53, "epsilon": 1.27, "server_ip": "192.168.0.2", "port": 7777, "threads": 1, "threshold": 0, "nmegabins": 16, "poly_size": 975, "n_fun": 3, "payload_bl": 2, "fun_type": 2, "overlap": 25}, "s_output": {"result": 1024, "hashing_t": 6.68177, "oprf_t": 326.45, "poly_t": 280.588, "poly_trans_t": 0.052974, "aby_online_t": 6.186, "aby_setup_t": 77.688, "aby_total_t": 83.874, "total_t": 927.844, "nobase_t": 458.059, "poly_d_rs": [0, 124800], "oprf_d_rs": [332961, 16944], "aby_online_d_rs": [119192, 119192], "aby_setup_d_rs": [5079133, 5079133], "aby_total_d_rs": [5198325, 5198325], "total_d_rs": [5531286, 5340069], "nobase_d_rs": [5481257, 5273213]}, "c_output": {"result": 1024, "hashing_t": 2.97722, "oprf_t": 316.421, "poly_t": 33.455, "poly_trans_t": 241.961, "aby_online_t": 6.121, "aby_setup_t": 77.63, "aby_total_t": 83.751, "total_t": 927.895, "nobase_t": 442.195, "poly_d_rs": [124800, 0], "oprf_d_rs": [16944, 332961], "aby_online_d_rs": [119192, 119192], "aby_setup_d_rs": [5079133, 5079133], "aby_total_d_rs": [5198325, 5198325], "total_d_rs": [5340069, 5531286], "nobase_d_rs": [5273213, 5481257]}, "batch": "PsiTypesDD_2"}