{"setup": "desktop-app", "repeat": 4, "parameters": {"client_neles": 4096, "server_neles": 4096, "bit_len": 53, "epsilon": 1.27, "server_ip": "192.168.0.2", "port": 7777, "threads": 1, "threshold": 0, "nmegabins": 16, "poly_size": 975, "n_fun": 3, "payload_bl": 2, "fun_type": 9, "overlap": 25}, "s_output": {"result": 2369, "hashing_t": 8.23856, "oprf_t": 884.945, "poly_t": 553.545, "poly_trans_t": 5.95728, "aby_online_t": 553.461, "aby_setup_t": 6337.26, "aby_total_t": 6890.72, "total_t": 9758.5, "nobase_t": 8886.31, "poly_d_rs": [0, 249600], "oprf_d_rs": [332961, 16944], "aby_online_d_rs": [3366798, 6010662], "aby_setup_d_rs": [211630643, 208970210], "aby_total_d_rs": [214997441, 214980872], "total_d_rs": [215330402, 215247416], "nobase_d_rs": [215280373, 215180560]}, "c_output": {"result": 2369, "hashing_t": 18.362, "oprf_t": 1494.31, "poly_t": 136.906, "poly_trans_t": 608.414, "aby_online_t": 552.195, "aby_setup_t": 6339.3, "aby_total_t": 6891.49, "total_t": 9760.24, "nobase_t": 8543.13, "poly_d_rs": [249600, 0], "oprf_d_rs": [16944, 332961], "aby_online_d_rs": [6010662, 3366798], "aby_setup_d_rs": [208970210, 211630643], "aby_total_d_rs": [214980872, 214997441], "total_d_rs": [215247416, 215330402], "nobase_d_rs": [215180560, 215280373]}, "batch": "PsiTypesDA_3"}