{"setup": "desktop-desktop", "repeat": 4, "parameters": {"client_neles": 4096, "server_neles": 4096, "bit_len": 53, "epsilon": 1.27, "server_ip": "192.168.0.2", "port": 7777, "threads": 1, "threshold": 0, "nmegabins": 16, "poly_size": 975, "n_fun": 3, "payload_bl": 2, "fun_type": 6, "overlap": 25}, "s_output": {"result": 3152, "hashing_t": 23.8588, "oprf_t": 607.239, "poly_t": 756.564, "poly_trans_t": 0.15775, "aby_online_t": 49.321, "aby_setup_t": 0.321, "aby_total_t": 322.524, "total_t": 2739.98, "nobase_t": 1823.66, "poly_d_rs": [0, 249600], "oprf_d_rs": [332961, 16944], "aby_online_d_rs": [363545, 5563903], "aby_setup_d_rs": [20724014, 15481059], "aby_total_d_rs": [21087559, 21044962], "total_d_rs": [21420520, 21311506]}, "c_output": {"result": 3152, "hashing_t": 7.92288, "oprf_t": 562.175, "poly_t": 99.0293, "poly_trans_t": 734.398, "aby_online_t": 48.932, "aby_setup_t": 0.932, "aby_total_t": 322.959, "total_t": 2740.15, "nobase_t": 1838.66, "poly_d_rs": [249600, 0], "oprf_d_rs": [16944, 332961], "aby_online_d_rs": [5563903, 363545], "aby_setup_d_rs": [15481059, 20724014], "aby_total_d_rs": [21044962, 21087559], "total_d_rs": [21311506, 21420520]}, "batch": "PsiTypesDD_1"}