{"setup": "desktop-desktop", "repeat": 2, "parameters": {"client_neles": 4096, "server_neles": 1048576, "epsilon": 1.27, "server_ip": "127.0.0.1", "port": 7777, "threads": 1, "threshold": 0, "n_fun": 3, "payload_bl": 2, "fun_type": 0, "overlap": 25, "nmegabins": 2601, "poly_size": 1500, "bit_len": 53}, "s_output": {"result": 0, "hashing_t": 1476.33, "oprf_t": 4777.15, "poly_t": 78622.2, "poly_trans_t": 6.94379, "aby_online_t": 1.609, "aby_setup_t": 62.576, "aby_total_t": 64.185, "total_t": 85651.3, "nobase_t": 84669.5, "poly_d_rs": [0, 31212000], "oprf_d_rs": [332961, 16944], "aby_online_d_rs": [117750, 117750], "aby_setup_d_rs": [4995165, 4995165], "aby_total_d_rs": [5112915, 5112915], "total_d_rs": [5445876, 36341859], "nobase_d_rs": [5395847, 36275011]}, "c_output": {"result": 0, "hashing_t": 2.01802, "oprf_t": 2293.58, "poly_t": 61.919, "poly_trans_t": 78552.3, "aby_online_t": 1.693, "aby_setup_t": 62.387, "aby_total_t": 64.08, "total_t": 85651.4, "nobase_t": 83155.1, "poly_d_rs": [31212000, 0], "oprf_d_rs": [16944, 332961], "aby_online_d_rs": [117750, 117750], "aby_setup_d_rs": [4995165, 4995165], "aby_total_d_rs": [5112915, 5112915], "total_d_rs": [36341859, 5445876], "nobase_d_rs": [36275003, 5395847]}, "batch": "ServerScalingAnalyticsDD_1"}