{"setup": "desktop-desktop", "repeat": 0, "parameters": {"client_neles": 4096, "server_neles": 32768, "epsilon": 1.27, "server_ip": "127.0.0.1", "port": 7777, "threads": 1, "threshold": 0, "n_fun": 3, "payload_bl": 2, "fun_type": 0, "overlap": 25, "nmegabins": 124, "poly_size": 1018, "bit_len": 53}, "s_output": {"result": 0, "hashing_t": 66.232, "oprf_t": 451.987, "poly_t": 1901.39, "poly_trans_t": 0.258932, "aby_online_t": 1.535, "aby_setup_t": 66.083, "aby_total_t": 67.618, "total_t": 2746.34, "nobase_t": 2213.94, "poly_d_rs": [0, 1009856], "oprf_d_rs": [332961, 16944], "aby_online_d_rs": [117750, 117750], "aby_setup_d_rs": [4995165, 4995165], "aby_total_d_rs": [5112915, 5112915], "total_d_rs": [5445876, 6139715], "nobase_d_rs": [5395847, 6072867]}, "c_output": {"result": 0, "hashing_t": 4.72073, "oprf_t": 408.966, "poly_t": 32.7713, "poly_trans_t": 1867.96, "aby_online_t": 1.638, "aby_setup_t": 65.894, "aby_total_t": 67.532, "total_t": 2746.47, "nobase_t": 2136.62, "poly_d_rs": [1009856, 0], "oprf_d_rs": [16944, 332961], "aby_online_d_rs": [117750, 117750], "aby_setup_d_rs": [4995165, 4995165], "aby_total_d_rs": [5112915, 5112915], "total_d_rs": [6139715, 5445876], "nobase_d_rs": [6072859, 5395847]}, "batch": "ServerScalingAnalyticsDD_1"}