{"setup": "desktop-desktop", "repeat": 1, "parameters": {"client_neles": 4096, "server_neles": 4096, "bit_len": 53, "epsilon": 1.27, "server_ip": "192.168.0.2", "port": 7777, "threads": 1, "threshold": 0, "nmegabins": 16, "poly_size": 975, "n_fun": 3, "payload_bl": 2, "fun_type": 4, "overlap": 25}, "s_output": {"result": 1621, "hashing_t": 5.9521, "oprf_t": 323.326, "poly_t": 275.725, "poly_trans_t": 0.060888, "aby_online_t": 3.485, "aby_setup_t": 79.089, "aby_total_t": 82.574, "total_t": 946.765, "nobase_t": 450.973, "poly_d_rs": [0, 124800], "oprf_d_rs": [332961, 16944], "aby_online_d_rs": [122988, 286810], "aby_setup_d_rs": [5329023, 5161062], "aby_total_d_rs": [5452011, 5447872], "total_d_rs": [5784972, 5589616], "nobase_d_rs": [5734943, 5522768]}, "c_output": {"result": 1621, "hashing_t": 2.81016, "oprf_t": 312.561, "poly_t": 33.4599, "poly_trans_t": 237.376, "aby_online_t": 3.396, "aby_setup_t": 79.006, "aby_total_t": 82.402, "total_t": 946.888, "nobase_t": 434.238, "poly_d_rs": [124800, 0], "oprf_d_rs": [16944, 332961], "aby_online_d_rs": [286819, 122988], "aby_setup_d_rs": [5161062, 5329023], "aby_total_d_rs": [5447881, 5452011], "total_d_rs": [5589625, 5784972], "nobase_d_rs": [5522769, 5734943]}, "batch": "PsiTypesDD_3"}