{"setup": "desktop-desktop", "repeat": 0, "parameters": {"client_neles": 4096, "server_neles": 4096, "bit_len": 53, "epsilon": 1.27, "server_ip": "192.168.0.2", "port": 7777, "threads": 1, "threshold": 0, "nmegabins": 16, "poly_size": 975, "n_fun": 3, "payload_bl": 2, "fun_type": 6, "overlap": 25}, "s_output": {"result": 3152, "hashing_t": 7.42765, "oprf_t": 343.21, "poly_t": 539.172, "poly_trans_t": 0.089703, "aby_online_t": 33.999, "aby_setup_t": 205.76, "aby_total_t": 239.759, "total_t": 1732.27, "nobase_t": 1194.39, "poly_d_rs": [0, 249600], "oprf_d_rs": [332961, 16944], "aby_online_d_rs": [363545, 5563903], "aby_setup_d_rs": [20724014, 15481059], "aby_total_d_rs": [21087559, 21044962], "total_d_rs": [21420520, 21311506], "nobase_d_rs": [21370491, 21244650]}, "c_output": {"result": 3152, "hashing_t": 2.66237, "oprf_t": 609.793, "poly_t": 66.9076, "poly_trans_t": 514.558, "aby_online_t": 34.104, "aby_setup_t": 205.521, "aby_total_t": 239.625, "total_t": 1732.36, "nobase_t": 1213.71, "poly_d_rs": [249600, 0], "oprf_d_rs": [16944, 332961], "aby_online_d_rs": [5563903, 363545], "aby_setup_d_rs": [15481059, 20724014], "aby_total_d_rs": [21044962, 21087559], "total_d_rs": [21311506, 21420520], "nobase_d_rs": [21244650, 21370491]}, "batch": "PsiTypesDD_3"}