{"setup": "desktop-desktop", "repeat": 1, "parameters": {"client_neles": 4096, "server_neles": 4096, "bit_len": 53, "epsilon": 1.27, "server_ip": "192.168.0.2", "port": 7777, "threads": 1, "threshold": 0, "nmegabins": 16, "poly_size": 975, "n_fun": 3, "payload_bl": 2, "fun_type": 4, "overlap": 25}, "s_output": {"result": 1621, "hashing_t": 5.34857, "oprf_t": 386.498, "poly_t": 268.337, "poly_trans_t": 0.051327, "aby_online_t": 4.3, "aby_setup_t": 68.297, "aby_total_t": 72.597, "total_t": 1013.82, "nobase_t": 431.503, "poly_d_rs": [0, 124800], "oprf_d_rs": [332961, 16944], "aby_online_d_rs": [122988, 286810], "aby_setup_d_rs": [5329023, 5161062], "aby_total_d_rs": [5452011, 5447872], "total_d_rs": [5784972, 5589616], "nobase_d_rs": [5734943, 5522760]}, "c_output": {"result": 1621, "hashing_t": 2.55647, "oprf_t": 375.428, "poly_t": 33.4491, "poly_trans_t": 229.971, "aby_online_t": 4.213, "aby_setup_t": 68.526, "aby_total_t": 72.739, "total_t": 1013.96, "nobase_t": 415.715, "poly_d_rs": [124800, 0], "oprf_d_rs": [16944, 332961], "aby_online_d_rs": [286819, 122988], "aby_setup_d_rs": [5161062, 5329023], "aby_total_d_rs": [5447881, 5452011], "total_d_rs": [5589625, 5784972], "nobase_d_rs": [5522769, 5734943]}, "batch": "PsiTypesDD_2"}