{"setup": "desktop-desktop", "repeat": 2, "parameters": {"client_neles": 4096, "server_neles": 4096, "bit_len": 53, "epsilon": 1.27, "server_ip": "192.168.0.2", "port": 7777, "threads": 1, "threshold": 0, "nmegabins": 16, "poly_size": 975, "n_fun": 3, "payload_bl": 2, "fun_type": 6, "overlap": 25}, "s_output": {"result": 3152, "hashing_t": 7.36279, "oprf_t": 345.984, "poly_t": 526.526, "poly_trans_t": 0.113083, "aby_online_t": 35.508, "aby_setup_t": 213.77, "aby_total_t": 249.278, "total_t": 1779.72, "nobase_t": 1250.28, "poly_d_rs": [0, 249600], "oprf_d_rs": [332961, 16944], "aby_online_d_rs": [363545, 5563894], "aby_setup_d_rs": [20724014, 15481059], "aby_total_d_rs": [21087559, 21044953], "total_d_rs": [21420520, 21311497], "nobase_d_rs": [21370491, 21244641]}, "c_output": {"result": 3152, "hashing_t": 2.63498, "oprf_t": 315.955, "poly_t": 67.4826, "poly_trans_t": 502.021, "aby_online_t": 35.421, "aby_setup_t": 214.064, "aby_total_t": 249.485, "total_t": 1779.96, "nobase_t": 1271.81, "poly_d_rs": [249600, 0], "oprf_d_rs": [16944, 332961], "aby_online_d_rs": [5563903, 363545], "aby_setup_d_rs": [15481059, 20724014], "aby_total_d_rs": [21044962, 21087559], "total_d_rs": [21311506, 21420520], "nobase_d_rs": [21244650, 21370491]}, "batch": "PsiTypesDD_2"}