{"setup": "desktop-desktop", "repeat": 0, "parameters": {"client_neles": 4096, "server_neles": 262144, "epsilon": 1.27, "server_ip": "127.0.0.1", "port": 7777, "threads": 1, "threshold": 0, "n_fun": 3, "payload_bl": 2, "fun_type": 0, "overlap": 25, "nmegabins": 996, "poly_size": 1024, "bit_len": 53}, "s_output": {"result": 0, "hashing_t": 350.173, "oprf_t": 1258.13, "poly_t": 15298.3, "poly_trans_t": 1.83072, "aby_online_t": 1.823, "aby_setup_t": 62.53, "aby_total_t": 64.353, "total_t": 17254.4, "nobase_t": 16660.0, "poly_d_rs": [0, 8159232], "oprf_d_rs": [332961, 16944], "aby_online_d_rs": [117750, 117750], "aby_setup_d_rs": [4995165, 4995165], "aby_total_d_rs": [5112915, 5112915], "total_d_rs": [5445876, 13289091], "nobase_d_rs": [5395847, 13222235]}, "c_output": {"result": 0, "hashing_t": 2.12632, "oprf_t": 779.526, "poly_t": 37.6632, "poly_trans_t": 15256.8, "aby_online_t": 1.737, "aby_setup_t": 62.703, "aby_total_t": 64.44, "total_t": 17254.5, "nobase_t": 16298.0, "poly_d_rs": [8159232, 0], "oprf_d_rs": [16944, 332961], "aby_online_d_rs": [117750, 117750], "aby_setup_d_rs": [4995165, 4995165], "aby_total_d_rs": [5112915, 5112915], "total_d_rs": [13289091, 5445876], "nobase_d_rs": [13222235, 5395847]}, "batch": "ServerScalingAnalyticsDD_1"}