{"setup": "desktop-app", "repeat": 2, "parameters": {"client_neles": 1024, "server_neles": 4096, "epsilon": 1.27, "server_ip": "192.168.0.2", "port": 7777, "threads": 1, "threshold": 0, "n_fun": 3, "payload_bl": 2, "fun_type": 0, "overlap": 25, "nmegabins": 16, "poly_size": 975, "bit_len": 51}, "s_output": {"result": 0, "hashing_t": 4.67119, "oprf_t": 748.315, "poly_t": 256.681, "poly_trans_t": 6.24488, "aby_online_t": 10.542, "aby_setup_t": 97.231, "aby_total_t": 107.773, "aby_baseot_t": 504.404, "total_t": 1682.68, "nobase_t": 895.797, "poly_d_rs": [0, 124800], "oprf_d_rs": [83297, 16944], "aby_online_d_rs": [29478, 29478], "aby_setup_d_rs": [1249332, 1249323], "aby_total_d_rs": [1278810, 1278801], "aby_baseot_d_rs": [49956, 49956], "total_d_rs": [1362107, 1420545], "nobase_d_rs": [1312078, 1353689]}, "c_output": {"result": 0, "hashing_t": 1.346, "oprf_t": 699.35, "poly_t": 27.306, "poly_trans_t": 254.598, "aby_online_t": 12.94, "aby_setup_t": 96.618, "aby_total_t": 109.558, "aby_baseot_t": 506.531, "total_t": 1682.46, "nobase_t": 504.817, "poly_d_rs": [124800, 0], "oprf_d_rs": [16944, 83297], "aby_online_d_rs": [29488, 29487], "aby_setup_d_rs": [1249323, 1249323], "aby_total_d_rs": [1278811, 1278810], "aby_baseot_d_rs": [49956, 49948], "total_d_rs": [1420555, 1362107], "nobase_d_rs": [1353699, 1312086]}, "batch": "ServerScalingAnalyticsDA_2"}