{"setup": "desktop-app", "repeat": 0, "parameters": {"client_neles": 4096, "server_neles": 4096, "bit_len": 53, "epsilon": 1.27, "server_ip": "192.168.0.2", "port": 7777, "threads": 1, "threshold": 0, "nmegabins": 16, "poly_size": 975, "n_fun": 3, "payload_bl": 2, "fun_type": 1, "overlap": 25}, "s_output": {"result": 1, "hashing_t": 6.77642, "oprf_t": 736.964, "poly_t": 281.804, "poly_trans_t": 4.18973, "aby_online_t": 57.591, "aby_setup_t": 320.053, "aby_total_t": 377.644, "total_t": 2021.93, "nobase_t": 1228.65, "poly_d_rs": [0, 124800], "oprf_d_rs": [332961, 16944], "aby_online_d_rs": [119219, 119219], "aby_setup_d_rs": [5081181, 5081181], "aby_total_d_rs": [5200400, 5200400], "total_d_rs": [5533361, 5342144], "nobase_d_rs": [5483332, 5275288]}, "c_output": {"result": 1, "hashing_t": 6.246, "oprf_t": 702.436, "poly_t": 69.166, "poly_trans_t": 253.355, "aby_online_t": 58.114, "aby_setup_t": 315.855, "aby_total_t": 373.969, "total_t": 2021.35, "nobase_t": 846.863, "poly_d_rs": [124800, 0], "oprf_d_rs": [16944, 332961], "aby_online_d_rs": [119219, 119210], "aby_setup_d_rs": [5081181, 5081181], "aby_total_d_rs": [5200400, 5200391], "total_d_rs": [5342144, 5533352], "nobase_d_rs": [5275288, 5483331]}, "batch": "PsiTypesDA_3"}