{"setup": "desktop-desktop", "repeat": 4, "parameters": {"client_neles": 4096, "server_neles": 4096, "bit_len": 53, "epsilon": 1.27, "server_ip": "192.168.0.2", "port": 7777, "threads": 1, "threshold": 0, "nmegabins": 16, "poly_size": 975, "n_fun": 3, "payload_bl": 2, "fun_type": 4, "overlap": 25}, "s_output": {"result": 1621, "hashing_t": 5.45242, "oprf_t": 337.223, "poly_t": 268.044, "poly_trans_t": 0.05416, "aby_online_t": 3.402, "aby_setup_t": 68.456, "aby_total_t": 71.858, "total_t": 957.394, "nobase_t": 428.858, "poly_d_rs": [0, 124800], "oprf_d_rs": [332961, 16944], "aby_online_d_rs": [122988, 286819], "aby_setup_d_rs": [5329023, 5161062], "aby_total_d_rs": [5452011, 5447881], "total_d_rs": [5784972, 5589625], "nobase_d_rs": [5734943, 5522769]}, "c_output": {"result": 1621, "hashing_t": 2.57556, "oprf_t": 326.149, "poly_t": 33.4394, "poly_trans_t": 229.894, "aby_online_t": 3.341, "aby_setup_t": 68.56, "aby_total_t": 71.901, "total_t": 957.512, "nobase_t": 414.631, "poly_d_rs": [124800, 0], "oprf_d_rs": [16944, 332961], "aby_online_d_rs": [286819, 122988], "aby_setup_d_rs": [5161062, 5329023], "aby_total_d_rs": [5447881, 5452011], "total_d_rs": [5589625, 5784972], "nobase_d_rs": [5522769, 5734951]}, "batch": "PsiTypesDD_2"}