{"setup": "desktop-desktop", "repeat": 0, "parameters": {"client_neles": 4096, "server_neles": 4096, "bit_len": 53, "epsilon": 1.27, "server_ip": "192.168.0.2", "port": 7777, "threads": 1, "threshold": 0, "nmegabins": 16, "poly_size": 975, "n_fun": 3, "payload_bl": 2, "fun_type": 2, "overlap": 25}, "s_output": {"result": 1024, "hashing_t": 5.76632, "oprf_t": 324.235, "poly_t": 279.555, "poly_trans_t": 0.058738, "aby_online_t": 6.072, "aby_setup_t": 63.125, "aby_total_t": 69.197, "total_t": 939.459, "nobase_t": 442.291, "poly_d_rs": [0, 124800], "oprf_d_rs": [332961, 16944], "aby_online_d_rs": [119192, 119192], "aby_setup_d_rs": [5079133, 5079133], "aby_total_d_rs": [5198325, 5198325], "total_d_rs": [5531286, 5340069], "nobase_d_rs": [5481257, 5273213]}, "c_output": {"result": 1024, "hashing_t": 2.67001, "oprf_t": 314.014, "poly_t": 33.4612, "poly_trans_t": 240.165, "aby_online_t": 5.913, "aby_setup_t": 63.25, "aby_total_t": 69.163, "total_t": 939.548, "nobase_t": 425.502, "poly_d_rs": [124800, 0], "oprf_d_rs": [16944, 332961], "aby_online_d_rs": [119192, 119192], "aby_setup_d_rs": [5079133, 5079133], "aby_total_d_rs": [5198325, 5198325], "total_d_rs": [5340069, 5531286], "nobase_d_rs": [5273213, 5481257]}, "batch": "PsiTypesDD_3"}