{"setup": "desktop-desktop", "repeat": 4, "parameters": {"client_neles": 4096, "server_neles": 4096, "bit_len": 53, "epsilon": 1.27, "server_ip": "192.168.0.2", "port": 7777, "threads": 1, "threshold": 0, "nmegabins": 16, "poly_size": 975, "n_fun": 3, "payload_bl": 2, "fun_type": 2, "overlap": 25}, "s_output": {"result": 1024, "hashing_t": 17.8599, "oprf_t": 545.958, "poly_t": 389.167, "poly_trans_t": 0.081249, "aby_online_t": 8.849, "aby_setup_t": 0.849, "aby_total_t": 90.522, "total_t": 1436.63, "nobase_t": 639.547, "poly_d_rs": [0, 124800], "oprf_d_rs": [332961, 16944], "aby_online_d_rs": [119192, 119192], "aby_setup_d_rs": [5079133, 5079133], "aby_total_d_rs": [5198325, 5198325], "total_d_rs": [5531286, 5340069]}, "c_output": {"result": 1024, "hashing_t": 9.04897, "oprf_t": 534.419, "poly_t": 47.9759, "poly_trans_t": 347.238, "aby_online_t": 8.727, "aby_setup_t": 0.727, "aby_total_t": 90.044, "total_t": 1436.84, "nobase_t": 610.655, "poly_d_rs": [124800, 0], "oprf_d_rs": [16944, 332961], "aby_online_d_rs": [119192, 119192], "aby_setup_d_rs": [5079133, 5079133], "aby_total_d_rs": [5198325, 5198325], "total_d_rs": [5340069, 5531286]}, "batch": "PsiTypesDD_1"}