{"setup": "desktop-app", "repeat": 0, "parameters": {"client_neles": 4096, "server_neles": 4096, "bit_len": 53, "epsilon": 1.27, "server_ip": "192.168.0.2", "port": 7777, "threads": 1, "threshold": 0, "nmegabins": 16, "poly_size": 975, "n_fun": 3, "payload_bl": 2, "fun_type": 9, "overlap": 25}, "s_output": {"result": 2369, "hashing_t": 6.27912, "oprf_t": 899.276, "poly_t": 542.936, "poly_trans_t": 4.42865, "aby_online_t": 483.648, "aby_setup_t": 6165.27, "aby_total_t": 6648.91, "total_t": 9492.81, "nobase_t": 8624.68, "poly_d_rs": [0, 249600], "oprf_d_rs": [332961, 16944], "aby_online_d_rs": [3366798, 6010653], "aby_setup_d_rs": [211630643, 208970210], "aby_total_d_rs": [214997441, 214980863], "total_d_rs": [215330402, 215247407], "nobase_d_rs": [215280373, 215180551]}, "c_output": {"result": 2369, "hashing_t": 5.841, "oprf_t": 1496.68, "poly_t": 130.209, "poly_trans_t": 606.262, "aby_online_t": 483.338, "aby_setup_t": 6167.1, "aby_total_t": 6650.43, "total_t": 9495.17, "nobase_t": 8267.34, "poly_d_rs": [249600, 0], "oprf_d_rs": [16944, 332961], "aby_online_d_rs": [6010662, 3366798], "aby_setup_d_rs": [208970210, 211630643], "aby_total_d_rs": [214980872, 214997441], "total_d_rs": [215247416, 215330402], "nobase_d_rs": [215180560, 215280373]}, "batch": "PsiTypesDA_3"}