{"setup": "desktop-desktop", "repeat": 3, "parameters": {"client_neles": 4096, "server_neles": 4096, "bit_len": 53, "epsilon": 1.27, "server_ip": "192.168.0.2", "port": 7777, "threads": 1, "threshold": 0, "nmegabins": 16, "poly_size": 975, "n_fun": 3, "payload_bl": 2, "fun_type": 1, "overlap": 25}, "s_output": {"result": 1, "hashing_t": 7.16879, "oprf_t": 318.817, "poly_t": 281.255, "poly_trans_t": 0.055247, "aby_online_t": 6.679, "aby_setup_t": 62.962, "aby_total_t": 69.641, "total_t": 906.304, "nobase_t": 445.862, "poly_d_rs": [0, 124800], "oprf_d_rs": [332961, 16944], "aby_online_d_rs": [119219, 119219], "aby_setup_d_rs": [5081181, 5081181], "aby_total_d_rs": [5200400, 5200400], "total_d_rs": [5533361, 5342144], "nobase_d_rs": [5483332, 5275288]}, "c_output": {"result": 1, "hashing_t": 3.72514, "oprf_t": 308.744, "poly_t": 33.4288, "poly_trans_t": 242.408, "aby_online_t": 6.712, "aby_setup_t": 62.717, "aby_total_t": 69.429, "total_t": 906.399, "nobase_t": 429.057, "poly_d_rs": [124800, 0], "oprf_d_rs": [16944, 332961], "aby_online_d_rs": [119219, 119219], "aby_setup_d_rs": [5081181, 5081181], "aby_total_d_rs": [5200400, 5200400], "total_d_rs": [5342144, 5533361], "nobase_d_rs": [5275288, 5483332]}, "batch": "PsiTypesDD_3"}