{"setup": "desktop-desktop", "repeat": 2, "parameters": {"client_neles": 4096, "server_neles": 4096, "bit_len": 53, "epsilon": 1.27, "server_ip": "192.168.0.2", "port": 7777, "threads": 1, "threshold": 0, "nmegabins": 16, "poly_size": 975, "n_fun": 3, "payload_bl": 2, "fun_type": 7, "overlap": 25}, "s_output": {"result": 3152, "hashing_t": 9.27594, "oprf_t": 515.318, "poly_t": 764.947, "poly_trans_t": 0.155315, "aby_online_t": 49.934, "aby_setup_t": 0.934, "aby_total_t": 301.177, "total_t": 2618.05, "nobase_t": 1844.12, "poly_d_rs": [0, 249600], "oprf_d_rs": [332961, 16944], "aby_online_d_rs": [363562, 5566976], "aby_setup_d_rs": [20726096, 15487206], "aby_total_d_rs": [21089658, 21054182], "total_d_rs": [21422619, 21320726]}, "c_output": {"result": 3152, "hashing_t": 3.91227, "oprf_t": 469.102, "poly_t": 100.321, "poly_trans_t": 743.781, "aby_online_t": 49.986, "aby_setup_t": 0.986, "aby_total_t": 301.337, "total_t": 2618.19, "nobase_t": 1874.44, "poly_d_rs": [249600, 0], "oprf_d_rs": [16944, 332961], "aby_online_d_rs": [5566976, 363562], "aby_setup_d_rs": [15487206, 20726096], "aby_total_d_rs": [21054182, 21089658], "total_d_rs": [21320726, 21422619]}, "batch": "PsiTypesDD_1"}