{"setup": "desktop-app", "repeat": 4, "parameters": {"client_neles": 4096, "server_neles": 4096, "bit_len": 53, "epsilon": 1.27, "server_ip": "192.168.0.2", "port": 7777, "threads": 1, "threshold": 0, "nmegabins": 16, "poly_size": 975, "n_fun": 3, "payload_bl": 2, "fun_type": 0, "overlap": 25}, "s_output": {"result": 0, "hashing_t": 4.44912, "oprf_t": 812.776, "poly_t": 273.123, "poly_trans_t": 6.99891, "aby_online_t": 22.374, "aby_setup_t": 318.844, "aby_total_t": 341.218, "total_t": 2061.06, "nobase_t": 1242.79, "poly_d_rs": [0, 124800], "oprf_d_rs": [332961, 16944], "aby_online_d_rs": [117741, 117750], "aby_setup_d_rs": [4995174, 4995165], "aby_total_d_rs": [5112915, 5112915], "total_d_rs": [5445876, 5254659], "nobase_d_rs": [5395847, 5187803]}, "c_output": {"result": 0, "hashing_t": 12.638, "oprf_t": 768.17, "poly_t": 66.219, "poly_trans_t": 256.329, "aby_online_t": 24.881, "aby_setup_t": 318.114, "aby_total_t": 342.995, "total_t": 2060.88, "nobase_t": 807.579, "poly_d_rs": [124800, 0], "oprf_d_rs": [16944, 332961], "aby_online_d_rs": [117750, 117750], "aby_setup_d_rs": [4995165, 4995165], "aby_total_d_rs": [5112915, 5112915], "total_d_rs": [5254659, 5445876], "nobase_d_rs": [5187803, 5395855]}, "batch": "ScalingElementsDA_3"}