{"setup": "desktop-desktop", "repeat": 1, "parameters": {"client_neles": 4096, "server_neles": 4096, "bit_len": 53, "epsilon": 1.27, "server_ip": "192.168.0.2", "port": 7777, "threads": 1, "threshold": 0, "nmegabins": 16, "poly_size": 975, "n_fun": 3, "payload_bl": 2, "fun_type": 0, "overlap": 25}, "s_output": {"result": 0, "hashing_t": 5.03325, "oprf_t": 317.32, "poly_t": 268.561, "poly_trans_t": 0.059797, "aby_online_t": 1.73, "aby_setup_t": 63.914, "aby_total_t": 65.644, "total_t": 884.99, "nobase_t": 424.651, "poly_d_rs": [0, 124800], "oprf_d_rs": [332961, 16944], "aby_online_d_rs": [117750, 117750], "aby_setup_d_rs": [4995165, 4995165], "aby_total_d_rs": [5112915, 5112915], "total_d_rs": [5445876, 5254659], "nobase_d_rs": [5395847, 5187803]}, "c_output": {"result": 0, "hashing_t": 2.56391, "oprf_t": 305.922, "poly_t": 33.4382, "poly_trans_t": 230.213, "aby_online_t": 1.877, "aby_setup_t": 63.846, "aby_total_t": 65.723, "total_t": 885.082, "nobase_t": 408.186, "poly_d_rs": [124800, 0], "oprf_d_rs": [16944, 332961], "aby_online_d_rs": [117750, 117750], "aby_setup_d_rs": [4995165, 4995165], "aby_total_d_rs": [5112915, 5112915], "total_d_rs": [5254659, 5445876], "nobase_d_rs": [5187803, 5395847]}, "batch": "PsiTypesDD_2"}