{"setup": "desktop-desktop", "repeat": 4, "parameters": {"client_neles": 4096, "server_neles": 4096, "epsilon": 1.27, "server_ip": "127.0.0.1", "port": 7777, "threads": 1, "threshold": 0, "n_fun": 3, "payload_bl": 2, "fun_type": 0, "overlap": 25, "nmegabins": 16, "poly_size": 975, "bit_len": 53}, "s_output": {"result": 0, "hashing_t": 9.72895, "oprf_t": 322.868, "poly_t": 262.382, "poly_trans_t": 0.054645, "aby_online_t": 1.664, "aby_setup_t": 64.79, "aby_total_t": 66.454, "total_t": 888.573, "nobase_t": 420.602, "poly_d_rs": [0, 124800], "oprf_d_rs": [332961, 16944], "aby_online_d_rs": [117750, 117750], "aby_setup_d_rs": [4995165, 4995165], "aby_total_d_rs": [5112915, 5112915], "total_d_rs": [5445876, 5254659], "nobase_d_rs": [5395847, 5187803]}, "c_output": {"result": 0, "hashing_t": 5.13542, "oprf_t": 313.743, "poly_t": 31.2117, "poly_trans_t": 234.206, "aby_online_t": 1.604, "aby_setup_t": 64.936, "aby_total_t": 66.54, "total_t": 888.741, "nobase_t": 404.823, "poly_d_rs": [124800, 0], "oprf_d_rs": [16944, 332961], "aby_online_d_rs": [117750, 117750], "aby_setup_d_rs": [4995165, 4995165], "aby_total_d_rs": [5112915, 5112915], "total_d_rs": [5254659, 5445876], "nobase_d_rs": [5187803, 5395856]}, "batch": "ServerScalingAnalyticsDD_1"}