{"setup": "desktop-desktop", "repeat": 2, "parameters": {"client_neles": 4096, "server_neles": 262144, "epsilon": 1.27, "server_ip": "127.0.0.1", "port": 7777, "threads": 1, "threshold": 0, "n_fun": 3, "payload_bl": 2, "fun_type": 0, "overlap": 25, "nmegabins": 996, "poly_size": 1024, "bit_len": 53}, "s_output": {"result": 0, "hashing_t": 354.083, "oprf_t": 1261.59, "poly_t": 16602.9, "poly_trans_t": 2.06702, "aby_online_t": 2.189, "aby_setup_t": 94.936, "aby_total_t": 97.125, "total_t": 18667.4, "nobase_t": 18015.4, "poly_d_rs": [0, 8159232], "oprf_d_rs": [332961, 16944], "aby_online_d_rs": [117750, 117750], "aby_setup_d_rs": [4995165, 4995165], "aby_total_d_rs": [5112915, 5112915], "total_d_rs": [5445876, 13289091], "nobase_d_rs": [5395847, 13222244]}, "c_output": {"result": 0, "hashing_t": 2.22554, "oprf_t": 787.095, "poly_t": 54.3123, "poly_trans_t": 16561.6, "aby_online_t": 2.085, "aby_setup_t": 94.588, "aby_total_t": 96.673, "total_t": 18667.5, "nobase_t": 17648.6, "poly_d_rs": [8159232, 0], "oprf_d_rs": [16944, 332961], "aby_online_d_rs": [117750, 117750], "aby_setup_d_rs": [4995165, 4995165], "aby_total_d_rs": [5112915, 5112915], "total_d_rs": [13289091, 5445876], "nobase_d_rs": [13222235, 5395847]}, "batch": "ServerScalingAnalyticsDD_1"}