{"setup": "desktop-desktop", "repeat": 0, "parameters": {"client_neles": 4096, "server_neles": 4096, "bit_len": 53, "epsilon": 1.27, "server_ip": "192.168.0.2", "port": 7777, "threads": 1, "threshold": 0, "nmegabins": 16, "poly_size": 975, "n_fun": 3, "payload_bl": 2, "fun_type": 2, "overlap": 25}, "s_output": {"result": 1024, "hashing_t": 9.10068, "oprf_t": 332.773, "poly_t": 268.403, "poly_trans_t": 0.05072, "aby_online_t": 7.856, "aby_setup_t": 64.781, "aby_total_t": 72.637, "total_t": 967.603, "nobase_t": 441.523, "poly_d_rs": [0, 124800], "oprf_d_rs": [332961, 16944], "aby_online_d_rs": [119192, 119192], "aby_setup_d_rs": [5079133, 5079133], "aby_total_d_rs": [5198325, 5198325], "total_d_rs": [5531286, 5340069], "nobase_d_rs": [5481257, 5273213]}, "c_output": {"result": 1024, "hashing_t": 3.92957, "oprf_t": 324.133, "poly_t": 33.4109, "poly_trans_t": 230.012, "aby_online_t": 7.818, "aby_setup_t": 64.692, "aby_total_t": 72.51, "total_t": 967.646, "nobase_t": 422.213, "poly_d_rs": [124800, 0], "oprf_d_rs": [16944, 332961], "aby_online_d_rs": [119192, 119192], "aby_setup_d_rs": [5079133, 5079133], "aby_total_d_rs": [5198325, 5198325], "total_d_rs": [5340069, 5531286], "nobase_d_rs": [5273213, 5481257]}, "batch": "PsiTypesDD_2"}