{"setup": "desktop-desktop", "repeat": 0, "parameters": {"client_neles": 4096, "server_neles": 4096, "bit_len": 53, "epsilon": 1.27, "server_ip": "192.168.0.2", "port": 7777, "threads": 1, "threshold": 0, "nmegabins": 16, "poly_size": 975, "n_fun": 3, "payload_bl": 2, "fun_type": 0, "overlap": 25}, "s_output": {"result": 0, "hashing_t": 3.99574, "oprf_t": 384.478, "poly_t": 336.779, "poly_trans_t": 0.089011, "aby_online_t": 1.826, "aby_setup_t": 64.733, "aby_total_t": 66.559, "total_t": 1020.55, "nobase_t": 494.715, "poly_d_rs": [0, 124800], "oprf_d_rs": [332961, 16944], "aby_online_d_rs": [117750, 117750], "aby_setup_d_rs": [4995165, 4995165], "aby_total_d_rs": [5112915, 5112915], "total_d_rs": [5445876, 5254659], "nobase_d_rs": [5395847, 5187803]}, "c_output": {"result": 0, "hashing_t": 1.84231, "oprf_t": 370.983, "poly_t": 33.9042, "poly_trans_t": 300.253, "aby_online_t": 1.545, "aby_setup_t": 64.877, "aby_total_t": 66.422, "total_t": 1020.61, "nobase_t": 478.213, "poly_d_rs": [124800, 0], "oprf_d_rs": [16944, 332961], "aby_online_d_rs": [117750, 117742], "aby_setup_d_rs": [4995165, 4995165], "aby_total_d_rs": [5112915, 5112907], "total_d_rs": [5254659, 5445868], "nobase_d_rs": [5187803, 5395839]}, "batch": "PsiTypesDD_2"}