{"setup": "desktop-desktop", "repeat": 3, "parameters": {"client_neles": 4096, "server_neles": 4096, "bit_len": 53, "epsilon": 1.27, "server_ip": "192.168.0.2", "port": 7777, "threads": 1, "threshold": 0, "nmegabins": 16, "poly_size": 975, "n_fun": 3, "payload_bl": 2, "fun_type": 3, "overlap": 25}, "s_output": {"result": 1024, "hashing_t": 6.40586, "oprf_t": 329.15, "poly_t": 288.068, "poly_trans_t": 0.052505, "aby_online_t": 5.35, "aby_setup_t": 64.796, "aby_total_t": 70.146, "total_t": 924.014, "nobase_t": 455.416, "poly_d_rs": [0, 124800], "oprf_d_rs": [332961, 16944], "aby_online_d_rs": [119243, 119243], "aby_setup_d_rs": [5085320, 5085320], "aby_total_d_rs": [5204563, 5204563], "total_d_rs": [5537524, 5346307], "nobase_d_rs": [5487495, 5279460]}, "c_output": {"result": 1024, "hashing_t": 2.86031, "oprf_t": 319.116, "poly_t": 33.4149, "poly_trans_t": 249.12, "aby_online_t": 5.252, "aby_setup_t": 64.432, "aby_total_t": 69.684, "total_t": 924.114, "nobase_t": 435.471, "poly_d_rs": [124800, 0], "oprf_d_rs": [16944, 332961], "aby_online_d_rs": [119243, 119243], "aby_setup_d_rs": [5085320, 5085320], "aby_total_d_rs": [5204563, 5204563], "total_d_rs": [5346307, 5537524], "nobase_d_rs": [5279451, 5487495]}, "batch": "PsiTypesDD_2"}