{"setup": "desktop-desktop", "repeat": 3, "parameters": {"client_neles": 4096, "server_neles": 4096, "bit_len": 53, "epsilon": 1.27, "server_ip": "192.168.0.2", "port": 7777, "threads": 1, "threshold": 0, "nmegabins": 16, "poly_size": 975, "n_fun": 3, "payload_bl": 2, "fun_type": 5, "overlap": 25}, "s_output": {"result": 1621, "hashing_t": 9.26271, "oprf_t": 520.012, "poly_t": 379.123, "poly_trans_t": 0.078409, "aby_online_t": 6.113, "aby_setup_t": 0.113, "aby_total_t": 97.02, "total_t": 1483.29, "nobase_t": 619.882, "poly_d_rs": [0, 124800], "oprf_d_rs": [332961, 16944], "aby_online_d_rs": [123005, 289892], "aby_setup_d_rs": [5331105, 5167209], "aby_total_d_rs": [5454110, 5457101], "total_d_rs": [5787071, 5598845]}, "c_output": {"result": 1621, "hashing_t": 3.87929, "oprf_t": 505.089, "poly_t": 50.1401, "poly_trans_t": 336.98, "aby_online_t": 6.088, "aby_setup_t": 0.088, "aby_total_t": 96.935, "total_t": 1483.42, "nobase_t": 593.649, "poly_d_rs": [124800, 0], "oprf_d_rs": [16944, 332961], "aby_online_d_rs": [289892, 123005], "aby_setup_d_rs": [5167209, 5331105], "aby_total_d_rs": [5457101, 5454110], "total_d_rs": [5598845, 5787071]}, "batch": "PsiTypesDD_1"}