{"setup": "desktop-desktop", "repeat": 0, "parameters": {"client_neles": 4096, "server_neles": 4096, "bit_len": 53, "epsilon": 1.27, "server_ip": "192.168.0.2", "port": 7777, "threads": 1, "threshold": 0, "nmegabins": 16, "poly_size": 975, "n_fun": 3, "payload_bl": 2, "fun_type": 4, "overlap": 25}, "s_output": {"result": 1621, "hashing_t": 19.1419, "oprf_t": 556.452, "poly_t": 389.029, "poly_trans_t": 0.112321, "aby_online_t": 4.93, "aby_setup_t": 0.93, "aby_total_t": 95.649, "total_t": 1410.27, "nobase_t": 641.997, "poly_d_rs": [0, 124800], "oprf_d_rs": [332961, 16944], "aby_online_d_rs": [122988, 286810], "aby_setup_d_rs": [5329023, 5161062], "aby_total_d_rs": [5452011, 5447872], "total_d_rs": [5784972, 5589616]}, "c_output": {"result": 1621, "hashing_t": 8.88378, "oprf_t": 546.353, "poly_t": 48.019, "poly_trans_t": 335.996, "aby_online_t": 4.797, "aby_setup_t": 0.797, "aby_total_t": 95.663, "total_t": 1410.52, "nobase_t": 608.314, "poly_d_rs": [124800, 0], "oprf_d_rs": [16944, 332961], "aby_online_d_rs": [286819, 122988], "aby_setup_d_rs": [5161062, 5329023], "aby_total_d_rs": [5447881, 5452011], "total_d_rs": [5589625, 5784972]}, "batch": "PsiTypesDD_1"}