{"setup": "desktop-desktop", "repeat": 0, "parameters": {"client_neles": 4096, "server_neles": 1048576, "epsilon": 1.27, "server_ip": "127.0.0.1", "port": 7777, "threads": 1, "threshold": 0, "n_fun": 3, "payload_bl": 2, "fun_type": 0, "overlap": 25, "nmegabins": 2601, "poly_size": 1500, "bit_len": 53}, "s_output": {"result": 0, "hashing_t": 1810.39, "oprf_t": 3827.36, "poly_t": 80687.6, "poly_trans_t": 7.10375, "aby_online_t": 1.495, "aby_setup_t": 93.862, "aby_total_t": 95.357, "total_t": 87128.5, "nobase_t": 86505.0, "poly_d_rs": [0, 31212000], "oprf_d_rs": [332961, 16944], "aby_online_d_rs": [117750, 117750], "aby_setup_d_rs": [4995165, 4995165], "aby_total_d_rs": [5112915, 5112915], "total_d_rs": [5445876, 36341859], "nobase_d_rs": [5395847, 36275012]}, "c_output": {"result": 0, "hashing_t": 1.89703, "oprf_t": 2263.76, "poly_t": 62.3025, "poly_trans_t": 80615.2, "aby_online_t": 1.465, "aby_setup_t": 93.818, "aby_total_t": 95.283, "total_t": 87128.6, "nobase_t": 84677.3, "poly_d_rs": [31212000, 0], "oprf_d_rs": [16944, 332961], "aby_online_d_rs": [117750, 117750], "aby_setup_d_rs": [4995165, 4995165], "aby_total_d_rs": [5112915, 5112915], "total_d_rs": [36341859, 5445876], "nobase_d_rs": [36275003, 5395847]}, "batch": "ServerScalingAnalyticsDD_1"}