{"setup": "desktop-desktop", "repeat": 3, "parameters": {"client_neles": 4096, "server_neles": 4096, "bit_len": 53, "epsilon": 1.27, "server_ip": "192.168.0.2", "port": 7777, "threads": 1, "threshold": 0, "nmegabins": 16, "poly_size": 975, "n_fun": 3, "payload_bl": 2, "fun_type": 1, "overlap": 25}, "s_output": {"result": 1, "hashing_t": 18.6842, "oprf_t": 544.328, "poly_t": 392.516, "poly_trans_t": 0.069358, "aby_online_t": 9.754, "aby_setup_t": 0.754, "aby_total_t": 102.551, "total_t": 1536.59, "nobase_t": 661.318, "poly_d_rs": [0, 124800], "oprf_d_rs": [332961, 16944], "aby_online_d_rs": [119219, 119219], "aby_setup_d_rs": [5081181, 5081181], "aby_total_d_rs": [5200400, 5200400], "total_d_rs": [5533361, 5342144]}, "c_output": {"result": 1, "hashing_t": 8.24163, "oprf_t": 535.008, "poly_t": 47.9571, "poly_trans_t": 349.607, "aby_online_t": 9.891, "aby_setup_t": 0.891, "aby_total_t": 102.099, "total_t": 1536.8, "nobase_t": 629.874, "poly_d_rs": [124800, 0], "oprf_d_rs": [16944, 332961], "aby_online_d_rs": [119219, 119219], "aby_setup_d_rs": [5081181, 5081181], "aby_total_d_rs": [5200400, 5200400], "total_d_rs": [5342144, 5533361]}, "batch": "PsiTypesDD_1"}