{"setup": "desktop-desktop", "repeat": 3, "parameters": {"client_neles": 4096, "server_neles": 4096, "bit_len": 53, "epsilon": 1.27, "server_ip": "127.0.0.1", "port": 7777, "threads": 1, "threshold": 0, "nmegabins": 16, "poly_size": 975, "n_fun": 3, "payload_bl": 2, "fun_type": 0, "overlap": 25}, "s_output": {"result": 0, "hashing_t": 11.0139, "oprf_t": 534.212, "poly_t": 456.162, "poly_trans_t": 0.087063, "aby_online_t": 2.765, "aby_setup_t": 0.765, "aby_total_t": 135.96, "total_t": 1589.96, "nobase_t": 731.037, "poly_d_rs": [0, 124800], "oprf_d_rs": [332961, 16944], "aby_online_d_rs": [117750, 117750], "aby_setup_d_rs": [4995165, 4995165], "aby_total_d_rs": [5112915, 5112915], "total_d_rs": [5445876, 5254659]}, "c_output": {"result": 0, "hashing_t": 4.82797, "oprf_t": 520.904, "poly_t": 48.7633, "poly_trans_t": 402.422, "aby_online_t": 2.629, "aby_setup_t": 0.629, "aby_total_t": 135.997, "total_t": 1590.07, "nobase_t": 703.825, "poly_d_rs": [124800, 0], "oprf_d_rs": [16944, 332961], "aby_online_d_rs": [117750, 117750], "aby_setup_d_rs": [4995165, 4995165], "aby_total_d_rs": [5112915, 5112915], "total_d_rs": [5254659, 5445876]}, "batch": "ScalingElementsDD_1"}