{"setup": "desktop-desktop", "repeat": 2, "parameters": {"client_neles": 4096, "server_neles": 4096, "bit_len": 53, "epsilon": 1.27, "server_ip": "192.168.0.2", "port": 7777, "threads": 1, "threshold": 0, "nmegabins": 16, "poly_size": 975, "n_fun": 3, "payload_bl": 2, "fun_type": 1, "overlap": 25}, "s_output": {"result": 1, "hashing_t": 5.72368, "oprf_t": 328.803, "poly_t": 267.643, "poly_trans_t": 0.049126, "aby_online_t": 6.15, "aby_setup_t": 63.309, "aby_total_t": 69.459, "total_t": 971.918, "nobase_t": 432.1, "poly_d_rs": [0, 124800], "oprf_d_rs": [332961, 16944], "aby_online_d_rs": [119219, 119219], "aby_setup_d_rs": [5081181, 5081181], "aby_total_d_rs": [5200400, 5200400], "total_d_rs": [5533361, 5342144], "nobase_d_rs": [5483332, 5275288]}, "c_output": {"result": 1, "hashing_t": 2.69252, "oprf_t": 317.756, "poly_t": 33.4524, "poly_trans_t": 229.487, "aby_online_t": 6.264, "aby_setup_t": 63.165, "aby_total_t": 69.429, "total_t": 972.004, "nobase_t": 414.35, "poly_d_rs": [124800, 0], "oprf_d_rs": [16944, 332961], "aby_online_d_rs": [119219, 119219], "aby_setup_d_rs": [5081181, 5081181], "aby_total_d_rs": [5200400, 5200400], "total_d_rs": [5342144, 5533361], "nobase_d_rs": [5275288, 5483332]}, "batch": "PsiTypesDD_3"}