{"setup": "desktop-desktop", "repeat": 0, "parameters": {"client_neles": 4096, "server_neles": 4096, "bit_len": 53, "epsilon": 1.27, "server_ip": "192.168.0.2", "port": 7777, "threads": 1, "threshold": 0, "nmegabins": 16, "poly_size": 975, "n_fun": 3, "payload_bl": 2, "fun_type": 7, "overlap": 25}, "s_output": {"result": 3152, "hashing_t": 7.45948, "oprf_t": 343.373, "poly_t": 534.559, "poly_trans_t": 0.110865, "aby_online_t": 34.684, "aby_setup_t": 206.329, "aby_total_t": 241.013, "total_t": 1791.41, "nobase_t": 1191.98, "poly_d_rs": [0, 249600], "oprf_d_rs": [332961, 16944], "aby_online_d_rs": [363562, 5566976], "aby_setup_d_rs": [20726096, 15487206], "aby_total_d_rs": [21089658, 21054182], "total_d_rs": [21422619, 21320726], "nobase_d_rs": [21372590, 21253870]}, "c_output": {"result": 3152, "hashing_t": 2.73161, "oprf_t": 610.375, "poly_t": 66.9032, "poly_trans_t": 510.23, "aby_online_t": 34.694, "aby_setup_t": 206.483, "aby_total_t": 241.177, "total_t": 1791.56, "nobase_t": 1211.34, "poly_d_rs": [249600, 0], "oprf_d_rs": [16944, 332961], "aby_online_d_rs": [5566976, 363562], "aby_setup_d_rs": [15487206, 20726096], "aby_total_d_rs": [21054182, 21089658], "total_d_rs": [21320726, 21422619], "nobase_d_rs": [21253870, 21372590]}, "batch": "PsiTypesDD_3"}