{"setup": "desktop-desktop", "repeat": 1, "parameters": {"client_neles": 4096, "server_neles": 4096, "bit_len": 53, "epsilon": 1.27, "server_ip": "192.168.0.2", "port": 7777, "threads": 1, "threshold": 0, "nmegabins": 16, "poly_size": 975, "n_fun": 3, "payload_bl": 2, "fun_type": 4, "overlap": 25}, "s_output": {"result": 1621, "hashing_t": 22.4832, "oprf_t": 530.293, "poly_t": 378.811, "poly_trans_t": 0.07069, "aby_online_t": 5.39, "aby_setup_t": 0.39, "aby_total_t": 95.186, "total_t": 1490.73, "nobase_t": 634.276, "poly_d_rs": [0, 124800], "oprf_d_rs": [332961, 16944], "aby_online_d_rs": [122988, 286819], "aby_setup_d_rs": [5329023, 5161062], "aby_total_d_rs": [5452011, 5447881], "total_d_rs": [5784972, 5589625]}, "c_output": {"result": 1621, "hashing_t": 9.10262, "oprf_t": 523.473, "poly_t": 47.8385, "poly_trans_t": 336.692, "aby_online_t": 5.245, "aby_setup_t": 0.245, "aby_total_t": 95.438, "total_t": 1490.96, "nobase_t": 598.022, "poly_d_rs": [124800, 0], "oprf_d_rs": [16944, 332961], "aby_online_d_rs": [286819, 122988], "aby_setup_d_rs": [5161062, 5329023], "aby_total_d_rs": [5447881, 5452011], "total_d_rs": [5589625, 5784972]}, "batch": "PsiTypesDD_1"}