{"setup": "desktop-desktop", "repeat": 3, "parameters": {"client_neles": 4096, "server_neles": 4096, "bit_len": 53, "epsilon": 1.27, "server_ip": "192.168.0.2", "port": 7777, "threads": 1, "threshold": 0, "nmegabins": 16, "poly_size": 975, "n_fun": 3, "payload_bl": 2, "fun_type": 8, "overlap": 25}, "s_output": {"result": 2390, "hashing_t": 22.5712, "oprf_t": 510.463, "poly_t": 744.234, "poly_trans_t": 0.151044, "aby_online_t": 163.582, "aby_setup_t": 0.582, "aby_total_t": 2529.96, "total_t": 4911.14, "nobase_t": 4112.58, "poly_d_rs": [0, 249600], "oprf_d_rs": [332961, 16944], "aby_online_d_rs": [3366781, 6007589], "aby_setup_d_rs": [211628561, 208964063], "aby_total_d_rs": [214995342, 214971652], "total_d_rs": [215328303, 215238196]}, "c_output": {"result": 2390, "hashing_t": 9.49272, "oprf_t": 466.775, "poly_t": 95.931, "poly_trans_t": 719.03, "aby_online_t": 163.814, "aby_setup_t": 0.814, "aby_total_t": 2529.64, "total_t": 4911.41, "nobase_t": 4140.84, "poly_d_rs": [249600, 0], "oprf_d_rs": [16944, 332961], "aby_online_d_rs": [6007589, 3366781], "aby_setup_d_rs": [208964063, 211628561], "aby_total_d_rs": [214971652, 214995342], "total_d_rs": [215238196, 215328303]}, "batch": "PsiTypesDD_1"}