{"setup": "desktop-desktop", "repeat": 3, "parameters": {"client_neles": 4096, "server_neles": 4096, "bit_len": 53, "epsilon": 1.27, "server_ip": "192.168.0.2", "port": 7777, "threads": 1, "threshold": 0, "nmegabins": 16, "poly_size": 975, "n_fun": 3, "payload_bl": 2, "fun_type": 9, "overlap": 25}, "s_output": {"result": 2390, "hashing_t": 21.0999, "oprf_t": 562.479, "poly_t": 740.507, "poly_trans_t": 0.131443, "aby_online_t": 85.407, "aby_setup_t": 0.407, "aby_total_t": 2529.86, "total_t": 4847.9, "nobase_t": 4024.91, "poly_d_rs": [0, 249600], "oprf_d_rs": [332961, 16944], "aby_online_d_rs": [3366798, 6010662], "aby_setup_d_rs": [211630643, 208970210], "aby_total_d_rs": [214997441, 214980872], "total_d_rs": [215330402, 215247416]}, "c_output": {"result": 2390, "hashing_t": 7.94837, "oprf_t": 519.163, "poly_t": 94.906, "poly_trans_t": 718.118, "aby_online_t": 85.406, "aby_setup_t": 0.406, "aby_total_t": 2529.98, "total_t": 4848.14, "nobase_t": 4052.19, "poly_d_rs": [249600, 0], "oprf_d_rs": [16944, 332961], "aby_online_d_rs": [6010662, 3366798], "aby_setup_d_rs": [208970210, 211630643], "aby_total_d_rs": [214980872, 214997441], "total_d_rs": [215247416, 215330402]}, "batch": "PsiTypesDD_1"}