{"setup": "desktop-desktop", "repeat": 0, "parameters": {"client_neles": 4096, "server_neles": 4096, "bit_len": 53, "epsilon": 1.27, "server_ip": "192.168.0.2", "port": 7777, "threads": 1, "threshold": 0, "nmegabins": 16, "poly_size": 975, "n_fun": 3, "payload_bl": 2, "fun_type": 3, "overlap": 25}, "s_output": {"result": 1024, "hashing_t": 5.4207, "oprf_t": 319.053, "poly_t": 268.98, "poly_trans_t": 0.074874, "aby_online_t": 6.356, "aby_setup_t": 64.763, "aby_total_t": 71.119, "total_t": 949.682, "nobase_t": 434.255, "poly_d_rs": [0, 124800], "oprf_d_rs": [332961, 16944], "aby_online_d_rs": [119243, 119243], "aby_setup_d_rs": [5085320, 5085320], "aby_total_d_rs": [5204563, 5204563], "total_d_rs": [5537524, 5346307], "nobase_d_rs": [5487495, 5279459]}, "c_output": {"result": 1024, "hashing_t": 2.61678, "oprf_t": 308.302, "poly_t": 33.8805, "poly_trans_t": 230.136, "aby_online_t": 6.234, "aby_setup_t": 64.654, "aby_total_t": 70.888, "total_t": 949.78, "nobase_t": 417.432, "poly_d_rs": [124800, 0], "oprf_d_rs": [16944, 332961], "aby_online_d_rs": [119243, 119243], "aby_setup_d_rs": [5085320, 5085320], "aby_total_d_rs": [5204563, 5204563], "total_d_rs": [5346307, 5537524], "nobase_d_rs": [5279451, 5487495]}, "batch": "PsiTypesDD_2"}