{"setup": "desktop-desktop", "repeat": 0, "parameters": {"client_neles": 4096, "server_neles": 4096, "bit_len": 53, "epsilon": 1.27, "server_ip": "192.168.0.2", "port": 7777, "threads": 1, "threshold": 0, "nmegabins": 16, "poly_size": 975, "n_fun": 3, "payload_bl": 2, "fun_type": 6, "overlap": 25}, "s_output": {"result": 3152, "hashing_t": 7.79997, "oprf_t": 343.752, "poly_t": 545.028, "poly_trans_t": 0.098512, "aby_online_t": 36.072, "aby_setup_t": 216.054, "aby_total_t": 252.126, "total_t": 1738.43, "nobase_t": 1225.16, "poly_d_rs": [0, 249600], "oprf_d_rs": [332961, 16944], "aby_online_d_rs": [363545, 5563903], "aby_setup_d_rs": [20724014, 15481059], "aby_total_d_rs": [21087559, 21044962], "total_d_rs": [21420520, 21311506], "nobase_d_rs": [21370491, 21244650]}, "c_output": {"result": 3152, "hashing_t": 2.77685, "oprf_t": 313.709, "poly_t": 66.9183, "poly_trans_t": 519.517, "aby_online_t": 36.215, "aby_setup_t": 216.0, "aby_total_t": 252.215, "total_t": 1738.53, "nobase_t": 1244.6, "poly_d_rs": [249600, 0], "oprf_d_rs": [16944, 332961], "aby_online_d_rs": [5563903, 363545], "aby_setup_d_rs": [15481059, 20724014], "aby_total_d_rs": [21044962, 21087559], "total_d_rs": [21311506, 21420520], "nobase_d_rs": [21244650, 21370491]}, "batch": "PsiTypesDD_2"}