{"setup": "desktop-app", "repeat": 2, "parameters": {"client_neles": 4096, "server_neles": 4096, "bit_len": 53, "epsilon": 1.27, "server_ip": "192.168.0.2", "port": 7777, "threads": 1, "threshold": 0, "nmegabins": 16, "poly_size": 975, "n_fun": 3, "payload_bl": 2, "fun_type": 4, "overlap": 25}, "s_output": {"result": 1563, "hashing_t": 4.44822, "oprf_t": 802.867, "poly_t": 265.786, "poly_trans_t": 6.83342, "aby_online_t": 45.173, "aby_setup_t": 350.29, "aby_total_t": 395.463, "total_t": 2086.44, "nobase_t": 1291.03, "poly_d_rs": [0, 124800], "oprf_d_rs": [332961, 16944], "aby_online_d_rs": [82021, 286811], "aby_setup_d_rs": [5369990, 5161062], "aby_total_d_rs": [5452011, 5447881], "total_d_rs": [5784972, 5589625], "nobase_d_rs": [5734943, 5522769]}, "c_output": {"result": 1563, "hashing_t": 7.041, "oprf_t": 740.266, "poly_t": 61.717, "poly_trans_t": 252.953, "aby_online_t": 49.628, "aby_setup_t": 347.738, "aby_total_t": 397.366, "total_t": 2087.13, "nobase_t": 871.833, "poly_d_rs": [124800, 0], "oprf_d_rs": [16944, 332961], "aby_online_d_rs": [286819, 122988], "aby_setup_d_rs": [5161062, 5329023], "aby_total_d_rs": [5447881, 5452011], "total_d_rs": [5589625, 5784972], "nobase_d_rs": [5522769, 5734952]}, "batch": "PsiTypesDA_3"}