{"setup": "desktop-desktop", "repeat": 3, "parameters": {"client_neles": 4096, "server_neles": 4096, "bit_len": 53, "epsilon": 1.27, "server_ip": "192.168.0.2", "port": 7777, "threads": 1, "threshold": 0, "nmegabins": 16, "poly_size": 975, "n_fun": 3, "payload_bl": 2, "fun_type": 3, "overlap": 25}, "s_output": {"result": 1024, "hashing_t": 10.02, "oprf_t": 542.981, "poly_t": 435.87, "poly_trans_t": 0.080822, "aby_online_t": 17.869, "aby_setup_t": 0.869, "aby_total_t": 96.844, "total_t": 1510.61, "nobase_t": 692.585, "poly_d_rs": [0, 124800], "oprf_d_rs": [332961, 16944], "aby_online_d_rs": [119243, 119234], "aby_setup_d_rs": [5085320, 5085320], "aby_total_d_rs": [5204563, 5204554], "total_d_rs": [5537524, 5346298]}, "c_output": {"result": 1024, "hashing_t": 4.44388, "oprf_t": 527.561, "poly_t": 50.9323, "poly_trans_t": 383.544, "aby_online_t": 18.107, "aby_setup_t": 0.107, "aby_total_t": 96.721, "total_t": 1510.82, "nobase_t": 668.003, "poly_d_rs": [124800, 0], "oprf_d_rs": [16944, 332961], "aby_online_d_rs": [119243, 119243], "aby_setup_d_rs": [5085320, 5085320], "aby_total_d_rs": [5204563, 5204563], "total_d_rs": [5346307, 5537524]}, "batch": "PsiTypesDD_1"}