{"setup": "desktop-desktop", "repeat": 4, "parameters": {"client_neles": 4096, "server_neles": 4096, "bit_len": 53, "epsilon": 1.27, "server_ip": "192.168.0.2", "port": 7777, "threads": 1, "threshold": 0, "nmegabins": 16, "poly_size": 975, "n_fun": 3, "payload_bl": 2, "fun_type": 5, "overlap": 25}, "s_output": {"result": 1621, "hashing_t": 9.34671, "oprf_t": 549.798, "poly_t": 398.813, "poly_trans_t": 0.081072, "aby_online_t": 5.363, "aby_setup_t": 0.363, "aby_total_t": 107.957, "total_t": 1522.79, "nobase_t": 654.748, "poly_d_rs": [0, 124800], "oprf_d_rs": [332961, 16944], "aby_online_d_rs": [123005, 289884], "aby_setup_d_rs": [5331105, 5167209], "aby_total_d_rs": [5454110, 5457093], "total_d_rs": [5787071, 5598837]}, "c_output": {"result": 1621, "hashing_t": 3.93861, "oprf_t": 533.914, "poly_t": 50.7406, "poly_trans_t": 347.067, "aby_online_t": 5.408, "aby_setup_t": 0.408, "aby_total_t": 108.062, "total_t": 1522.97, "nobase_t": 625.28, "poly_d_rs": [124800, 0], "oprf_d_rs": [16944, 332961], "aby_online_d_rs": [289892, 123005], "aby_setup_d_rs": [5167209, 5331105], "aby_total_d_rs": [5457101, 5454110], "total_d_rs": [5598845, 5787071]}, "batch": "PsiTypesDD_1"}