{"setup": "desktop-desktop", "repeat": 0, "parameters": {"client_neles": 4096, "server_neles": 4096, "bit_len": 53, "epsilon": 1.27, "server_ip": "192.168.0.2", "port": 7777, "threads": 1, "threshold": 0, "nmegabins": 16, "poly_size": 975, "n_fun": 3, "payload_bl": 2, "fun_type": 9, "overlap": 25}, "s_output": {"result": 2390, "hashing_t": 6.30466, "oprf_t": 343.876, "poly_t": 544.342, "poly_trans_t": 0.096528, "aby_online_t": 55.789, "aby_setup_t": 1708.76, "aby_total_t": 1764.55, "total_t": 3306.08, "nobase_t": 2724.33, "poly_d_rs": [0, 249600], "oprf_d_rs": [332961, 16944], "aby_online_d_rs": [3366798, 6010662], "aby_setup_d_rs": [211630643, 208970210], "aby_total_d_rs": [214997441, 214980872], "total_d_rs": [215330402, 215247416], "nobase_d_rs": [215280373, 215180560]}, "c_output": {"result": 2390, "hashing_t": 2.66586, "oprf_t": 609.446, "poly_t": 66.9186, "poly_trans_t": 519.955, "aby_online_t": 55.758, "aby_setup_t": 1708.95, "aby_total_t": 1764.71, "total_t": 3306.21, "nobase_t": 2743.44, "poly_d_rs": [249600, 0], "oprf_d_rs": [16944, 332961], "aby_online_d_rs": [6010662, 3366798], "aby_setup_d_rs": [208970210, 211630643], "aby_total_d_rs": [214980872, 214997441], "total_d_rs": [215247416, 215330402], "nobase_d_rs": [215180560, 215280373]}, "batch": "PsiTypesDD_3"}