{"setup": "desktop-desktop", "repeat": 4, "parameters": {"client_neles": 4096, "server_neles": 4096, "bit_len": 53, "epsilon": 1.27, "server_ip": "192.168.0.2", "port": 7777, "threads": 1, "threshold": 0, "nmegabins": 16, "poly_size": 975, "n_fun": 3, "payload_bl": 2, "fun_type": 2, "overlap": 25}, "s_output": {"result": 1024, "hashing_t": 5.55201, "oprf_t": 321.64, "poly_t": 268.639, "poly_trans_t": 0.08568, "aby_online_t": 6.738, "aby_setup_t": 77.334, "aby_total_t": 84.072, "total_t": 941.033, "nobase_t": 450.341, "poly_d_rs": [0, 124800], "oprf_d_rs": [332961, 16944], "aby_online_d_rs": [119192, 119184], "aby_setup_d_rs": [5079133, 5079133], "aby_total_d_rs": [5198325, 5198317], "total_d_rs": [5531286, 5340061], "nobase_d_rs": [5481257, 5273214]}, "c_output": {"result": 1024, "hashing_t": 2.56322, "oprf_t": 310.801, "poly_t": 33.8355, "poly_trans_t": 230.223, "aby_online_t": 6.632, "aby_setup_t": 77.178, "aby_total_t": 83.81, "total_t": 941.139, "nobase_t": 432.694, "poly_d_rs": [124800, 0], "oprf_d_rs": [16944, 332961], "aby_online_d_rs": [119192, 119192], "aby_setup_d_rs": [5079133, 5079133], "aby_total_d_rs": [5198325, 5198325], "total_d_rs": [5340069, 5531286], "nobase_d_rs": [5273213, 5481257]}, "batch": "PsiTypesDD_2"}