{"setup": "desktop-desktop", "repeat": 0, "parameters": {"client_neles": 4096, "server_neles": 4096, "bit_len": 53, "epsilon": 1.27, "server_ip": "192.168.0.2", "port": 7777, "threads": 1, "threshold": 0, "nmegabins": 16, "poly_size": 975, "n_fun": 3, "payload_bl": 2, "fun_type": 0, "overlap": 25}, "s_output": {"result": 0, "hashing_t": 4.1527, "oprf_t": 315.758, "poly_t": 268.808, "poly_trans_t": 0.074447, "aby_online_t": 1.885, "aby_setup_t": 62.155, "aby_total_t": 64.04, "total_t": 918.175, "nobase_t": 421.711, "poly_d_rs": [0, 124800], "oprf_d_rs": [332961, 16944], "aby_online_d_rs": [117750, 117750], "aby_setup_d_rs": [4995165, 4995165], "aby_total_d_rs": [5112915, 5112915], "total_d_rs": [5445876, 5254659], "nobase_d_rs": [5395847, 5187803]}, "c_output": {"result": 0, "hashing_t": 2.03404, "oprf_t": 304.006, "poly_t": 34.0396, "poly_trans_t": 230.57, "aby_online_t": 1.932, "aby_setup_t": 62.22, "aby_total_t": 64.152, "total_t": 918.219, "nobase_t": 405.883, "poly_d_rs": [124800, 0], "oprf_d_rs": [16944, 332961], "aby_online_d_rs": [117750, 117741], "aby_setup_d_rs": [4995165, 4995165], "aby_total_d_rs": [5112915, 5112906], "total_d_rs": [5254659, 5445867], "nobase_d_rs": [5187803, 5395838]}, "batch": "PsiTypesDD_3"}