{"setup": "desktop-desktop", "repeat": 0, "parameters": {"client_neles": 4096, "server_neles": 4096, "bit_len": 53, "epsilon": 1.27, "server_ip": "192.168.0.2", "port": 7777, "threads": 1, "threshold": 0, "nmegabins": 16, "poly_size": 975, "n_fun": 3, "payload_bl": 2, "fun_type": 4, "overlap": 25}, "s_output": {"result": 1621, "hashing_t": 5.72413, "oprf_t": 352.516, "poly_t": 267.595, "poly_trans_t": 0.051838, "aby_online_t": 3.331, "aby_setup_t": 77.998, "aby_total_t": 81.329, "total_t": 936.494, "nobase_t": 439.899, "poly_d_rs": [0, 124800], "oprf_d_rs": [332961, 16944], "aby_online_d_rs": [122988, 286819], "aby_setup_d_rs": [5329023, 5161062], "aby_total_d_rs": [5452011, 5447881], "total_d_rs": [5784972, 5589625], "nobase_d_rs": [5734943, 5522769]}, "c_output": {"result": 1621, "hashing_t": 2.67896, "oprf_t": 341.431, "poly_t": 33.4487, "poly_trans_t": 229.679, "aby_online_t": 3.201, "aby_setup_t": 78.194, "aby_total_t": 81.395, "total_t": 936.601, "nobase_t": 423.796, "poly_d_rs": [124800, 0], "oprf_d_rs": [16944, 332961], "aby_online_d_rs": [286819, 122988], "aby_setup_d_rs": [5161062, 5329023], "aby_total_d_rs": [5447881, 5452011], "total_d_rs": [5589625, 5784972], "nobase_d_rs": [5522769, 5734943]}, "batch": "PsiTypesDD_3"}