{"setup": "desktop-desktop", "repeat": 4, "parameters": {"client_neles": 4096, "server_neles": 4096, "bit_len": 53, "epsilon": 1.27, "server_ip": "192.168.0.2", "port": 7777, "threads": 1, "threshold": 0, "nmegabins": 16, "poly_size": 975, "n_fun": 3, "payload_bl": 2, "fun_type": 3, "overlap": 25}, "s_output": {"result": 1024, "hashing_t": 6.17606, "oprf_t": 358.955, "poly_t": 268.351, "poly_trans_t": 0.060825, "aby_online_t": 6.084, "aby_setup_t": 75.184, "aby_total_t": 81.268, "total_t": 945.257, "nobase_t": 443.778, "poly_d_rs": [0, 124800], "oprf_d_rs": [332961, 16944], "aby_online_d_rs": [119243, 119243], "aby_setup_d_rs": [5085320, 5085320], "aby_total_d_rs": [5204563, 5204563], "total_d_rs": [5537524, 5346307], "nobase_d_rs": [5487495, 5279451]}, "c_output": {"result": 1024, "hashing_t": 3.29453, "oprf_t": 347.965, "poly_t": 33.4411, "poly_trans_t": 230.12, "aby_online_t": 5.929, "aby_setup_t": 75.316, "aby_total_t": 81.245, "total_t": 945.346, "nobase_t": 428.219, "poly_d_rs": [124800, 0], "oprf_d_rs": [16944, 332961], "aby_online_d_rs": [119243, 119243], "aby_setup_d_rs": [5085320, 5085320], "aby_total_d_rs": [5204563, 5204563], "total_d_rs": [5346307, 5537524], "nobase_d_rs": [5279451, 5487495]}, "batch": "PsiTypesDD_3"}