{"setup": "desktop-desktop", "repeat": 3, "parameters": {"client_neles": 4096, "server_neles": 4096, "bit_len": 53, "epsilon": 1.27, "server_ip": "192.168.0.2", "port": 7777, "threads": 1, "threshold": 0, "nmegabins": 16, "poly_size": 975, "n_fun": 3, "payload_bl": 2, "fun_type": 9, "overlap": 25}, "s_output": {"result": 2390, "hashing_t": 8.2543, "oprf_t": 346.988, "poly_t": 529.159, "poly_trans_t": 0.120893, "aby_online_t": 50.542, "aby_setup_t": 1729.31, "aby_total_t": 1779.85, "total_t": 3272.08, "nobase_t": 2718.8, "poly_d_rs": [0, 249600], "oprf_d_rs": [332961, 16944], "aby_online_d_rs": [3366798, 6010662], "aby_setup_d_rs": [211630643, 208970210], "aby_total_d_rs": [214997441, 214980872], "total_d_rs": [215330402, 215247416], "nobase_d_rs": [215280373, 215180560]}, "c_output": {"result": 2390, "hashing_t": 2.80483, "oprf_t": 615.073, "poly_t": 66.9582, "poly_trans_t": 504.725, "aby_online_t": 50.582, "aby_setup_t": 1729.44, "aby_total_t": 1780.02, "total_t": 3272.24, "nobase_t": 2746.06, "poly_d_rs": [249600, 0], "oprf_d_rs": [16944, 332961], "aby_online_d_rs": [6010662, 3366798], "aby_setup_d_rs": [208970210, 211630643], "aby_total_d_rs": [214980872, 214997441], "total_d_rs": [215247416, 215330402], "nobase_d_rs": [215180560, 215280373]}, "batch": "PsiTypesDD_3"}