{"setup": "desktop-desktop", "repeat": 1, "parameters": {"client_neles": 4096, "server_neles": 4096, "bit_len": 53, "epsilon": 1.27, "server_ip": "192.168.0.2", "port": 7777, "threads": 1, "threshold": 0, "nmegabins": 16, "poly_size": 975, "n_fun": 3, "payload_bl": 2, "fun_type": 6, "overlap": 25}, "s_output": {"result": 3152, "hashing_t": 6.16723, "oprf_t": 343.339, "poly_t": 540.424, "poly_trans_t": 0.103395, "aby_online_t": 36.332, "aby_setup_t": 222.074, "aby_total_t": 258.406, "total_t": 1742.95, "nobase_t": 1213.92, "poly_d_rs": [0, 249600], "oprf_d_rs": [332961, 16944], "aby_online_d_rs": [363545, 5563903], "aby_setup_d_rs": [20724014, 15481059], "aby_total_d_rs": [21087559, 21044962], "total_d_rs": [21420520, 21311506], "nobase_d_rs": [21370491, 21244650]}, "c_output": {"result": 3152, "hashing_t": 2.68614, "oprf_t": 609.122, "poly_t": 66.8836, "poly_trans_t": 515.729, "aby_online_t": 36.41, "aby_setup_t": 222.062, "aby_total_t": 258.472, "total_t": 1743.01, "nobase_t": 1233.16, "poly_d_rs": [249600, 0], "oprf_d_rs": [16944, 332961], "aby_online_d_rs": [5563903, 363545], "aby_setup_d_rs": [15481059, 20724014], "aby_total_d_rs": [21044962, 21087559], "total_d_rs": [21311506, 21420520], "nobase_d_rs": [21244650, 21370491]}, "batch": "PsiTypesDD_3"}