{"setup": "desktop-desktop", "repeat": 3, "parameters": {"client_neles": 4096, "server_neles": 4096, "bit_len": 53, "epsilon": 1.27, "server_ip": "192.168.0.2", "port": 7777, "threads": 1, "threshold": 0, "nmegabins": 16, "poly_size": 975, "n_fun": 3, "payload_bl": 2, "fun_type": 3, "overlap": 25}, "s_output": {"result": 1024, "hashing_t": 14.5049, "oprf_t": 352.856, "poly_t": 283.348, "poly_trans_t": 0.094905, "aby_online_t": 6.418, "aby_setup_t": 63.205, "aby_total_t": 69.623, "total_t": 978.528, "nobase_t": 462.236, "poly_d_rs": [0, 124800], "oprf_d_rs": [332961, 16944], "aby_online_d_rs": [119243, 119243], "aby_setup_d_rs": [5085320, 5085320], "aby_total_d_rs": [5204563, 5204563], "total_d_rs": [5537524, 5346307], "nobase_d_rs": [5487495, 5279451]}, "c_output": {"result": 1024, "hashing_t": 5.85997, "oprf_t": 347.679, "poly_t": 34.1845, "poly_trans_t": 244.151, "aby_online_t": 6.234, "aby_setup_t": 63.131, "aby_total_t": 69.365, "total_t": 978.752, "nobase_t": 440.904, "poly_d_rs": [124800, 0], "oprf_d_rs": [16944, 332961], "aby_online_d_rs": [119243, 119243], "aby_setup_d_rs": [5085320, 5085320], "aby_total_d_rs": [5204563, 5204563], "total_d_rs": [5346307, 5537524], "nobase_d_rs": [5279451, 5487495]}, "batch": "PsiTypesDD_3"}