{"setup": "desktop-desktop", "repeat": 1, "parameters": {"client_neles": 4096, "server_neles": 4096, "bit_len": 53, "epsilon": 1.27, "server_ip": "192.168.0.2", "port": 7777, "threads": 1, "threshold": 0, "nmegabins": 16, "poly_size": 975, "n_fun": 3, "payload_bl": 2, "fun_type": 5, "overlap": 25}, "s_output": {"result": 1621, "hashing_t": 6.41216, "oprf_t": 323.989, "poly_t": 282.386, "poly_trans_t": 0.061473, "aby_online_t": 3.41, "aby_setup_t": 79.981, "aby_total_t": 83.391, "total_t": 941.52, "nobase_t": 458.265, "poly_d_rs": [0, 124800], "oprf_d_rs": [332961, 16944], "aby_online_d_rs": [123005, 289883], "aby_setup_d_rs": [5331105, 5167209], "aby_total_d_rs": [5454110, 5457092], "total_d_rs": [5787071, 5598836], "nobase_d_rs": [5737042, 5531980]}, "c_output": {"result": 1621, "hashing_t": 2.99979, "oprf_t": 313.756, "poly_t": 33.4313, "poly_trans_t": 243.617, "aby_online_t": 3.446, "aby_setup_t": 80.041, "aby_total_t": 83.487, "total_t": 941.701, "nobase_t": 441.25, "poly_d_rs": [124800, 0], "oprf_d_rs": [16944, 332961], "aby_online_d_rs": [289892, 123005], "aby_setup_d_rs": [5167209, 5331105], "aby_total_d_rs": [5457101, 5454110], "total_d_rs": [5598845, 5787071], "nobase_d_rs": [5531989, 5737042]}, "batch": "PsiTypesDD_3"}