{"setup": "desktop-desktop", "repeat": 1, "parameters": {"client_neles": 4096, "server_neles": 4096, "bit_len": 53, "epsilon": 1.27, "server_ip": "192.168.0.2", "port": 7777, "threads": 1, "threshold": 0, "nmegabins": 16, "poly_size": 975, "n_fun": 3, "payload_bl": 2, "fun_type": 9, "overlap": 25}, "s_output": {"result": 2390, "hashing_t": 7.93564, "oprf_t": 343.705, "poly_t": 540.592, "poly_trans_t": 0.138911, "aby_online_t": 45.859, "aby_setup_t": 1933.07, "aby_total_t": 1978.93, "total_t": 3481.97, "nobase_t": 2939.34, "poly_d_rs": [0, 249600], "oprf_d_rs": [332961, 16944], "aby_online_d_rs": [3366798, 6010662], "aby_setup_d_rs": [211630643, 208970210], "aby_total_d_rs": [214997441, 214980872], "total_d_rs": [215330402, 215247416], "nobase_d_rs": [215280373, 215180560]}, "c_output": {"result": 2390, "hashing_t": 2.72095, "oprf_t": 613.946, "poly_t": 66.8848, "poly_trans_t": 515.921, "aby_online_t": 45.859, "aby_setup_t": 1932.95, "aby_total_t": 1978.81, "total_t": 3482.07, "nobase_t": 2958.71, "poly_d_rs": [249600, 0], "oprf_d_rs": [16944, 332961], "aby_online_d_rs": [6010662, 3366798], "aby_setup_d_rs": [208970210, 211630643], "aby_total_d_rs": [214980872, 214997441], "total_d_rs": [215247416, 215330402], "nobase_d_rs": [215180560, 215280373]}, "batch": "PsiTypesDD_3"}