{"setup": "desktop-desktop", "repeat": 2, "parameters": {"client_neles": 4096, "server_neles": 4096, "bit_len": 53, "epsilon": 1.27, "server_ip": "192.168.0.2", "port": 7777, "threads": 1, "threshold": 0, "nmegabins": 16, "poly_size": 975, "n_fun": 3, "payload_bl": 2, "fun_type": 3, "overlap": 25}, "s_output": {"result": 1024, "hashing_t": 6.13076, "oprf_t": 323.694, "poly_t": 285.398, "poly_trans_t": 0.084948, "aby_online_t": 12.511, "aby_setup_t": 75.134, "aby_total_t": 87.645, "total_t": 1012.49, "nobase_t": 469.014, "poly_d_rs": [0, 124800], "oprf_d_rs": [332961, 16944], "aby_online_d_rs": [119243, 119243], "aby_setup_d_rs": [5085320, 5085320], "aby_total_d_rs": [5204563, 5204563], "total_d_rs": [5537524, 5346307], "nobase_d_rs": [5487495, 5279451]}, "c_output": {"result": 1024, "hashing_t": 2.68845, "oprf_t": 313.452, "poly_t": 34.457, "poly_trans_t": 246.645, "aby_online_t": 12.339, "aby_setup_t": 75.22, "aby_total_t": 87.559, "total_t": 1012.56, "nobase_t": 451.722, "poly_d_rs": [124800, 0], "oprf_d_rs": [16944, 332961], "aby_online_d_rs": [119243, 119234], "aby_setup_d_rs": [5085320, 5085320], "aby_total_d_rs": [5204563, 5204554], "total_d_rs": [5346307, 5537515], "nobase_d_rs": [5279451, 5487494]}, "batch": "PsiTypesDD_3"}