{"setup": "desktop-desktop", "repeat": 2, "parameters": {"client_neles": 4096, "server_neles": 4096, "bit_len": 53, "epsilon": 1.27, "server_ip": "192.168.0.2", "port": 7777, "threads": 1, "threshold": 0, "nmegabins": 16, "poly_size": 975, "n_fun": 3, "payload_bl": 2, "fun_type": 8, "overlap": 25}, "s_output": {"result": 2390, "hashing_t": 7.4535, "oprf_t": 343.603, "poly_t": 539.983, "poly_trans_t": 0.121497, "aby_online_t": 50.965, "aby_setup_t": 1701.08, "aby_total_t": 1752.04, "total_t": 3229.02, "nobase_t": 2740.54, "poly_d_rs": [0, 249600], "oprf_d_rs": [332961, 16944], "aby_online_d_rs": [3366781, 6007589], "aby_setup_d_rs": [211628561, 208964063], "aby_total_d_rs": [214995342, 214971652], "total_d_rs": [215328303, 215238196], "nobase_d_rs": [215278274, 215171348]}, "c_output": {"result": 2390, "hashing_t": 2.94787, "oprf_t": 642.286, "poly_t": 66.8994, "poly_trans_t": 515.582, "aby_online_t": 51.001, "aby_setup_t": 1700.92, "aby_total_t": 1751.92, "total_t": 3229.11, "nobase_t": 2759.7, "poly_d_rs": [249600, 0], "oprf_d_rs": [16944, 332961], "aby_online_d_rs": [6007589, 3366781], "aby_setup_d_rs": [208964063, 211628561], "aby_total_d_rs": [214971652, 214995342], "total_d_rs": [215238196, 215328303], "nobase_d_rs": [215171340, 215278274]}, "batch": "PsiTypesDD_3"}