{"setup": "desktop-desktop", "repeat": 2, "parameters": {"client_neles": 4096, "server_neles": 4096, "bit_len": 53, "epsilon": 1.27, "server_ip": "192.168.0.2", "port": 7777, "threads": 1, "threshold": 0, "nmegabins": 16, "poly_size": 975, "n_fun": 3, "payload_bl": 2, "fun_type": 9, "overlap": 25}, "s_output": {"result": 2390, "hashing_t": 7.68257, "oprf_t": 343.029, "poly_t": 526.542, "poly_trans_t": 0.104676, "aby_online_t": 53.013, "aby_setup_t": 1749.48, "aby_total_t": 1802.49, "total_t": 3229.05, "nobase_t": 2742.63, "poly_d_rs": [0, 249600], "oprf_d_rs": [332961, 16944], "aby_online_d_rs": [3366798, 6010662], "aby_setup_d_rs": [211630643, 208970210], "aby_total_d_rs": [214997441, 214980872], "total_d_rs": [215330402, 215247416], "nobase_d_rs": [215280373, 215180569]}, "c_output": {"result": 2390, "hashing_t": 2.69263, "oprf_t": 607.041, "poly_t": 66.9128, "poly_trans_t": 502.298, "aby_online_t": 52.967, "aby_setup_t": 1749.33, "aby_total_t": 1802.29, "total_t": 3229.09, "nobase_t": 2761.59, "poly_d_rs": [249600, 0], "oprf_d_rs": [16944, 332961], "aby_online_d_rs": [6010662, 3366789], "aby_setup_d_rs": [208970210, 211630643], "aby_total_d_rs": [214980872, 214997432], "total_d_rs": [215247416, 215330393], "nobase_d_rs": [215180560, 215280364]}, "batch": "PsiTypesDD_3"}