{"setup": "desktop-desktop", "repeat": 3, "parameters": {"client_neles": 4096, "server_neles": 4096, "bit_len": 53, "epsilon": 1.27, "server_ip": "192.168.0.2", "port": 7777, "threads": 1, "threshold": 0, "nmegabins": 16, "poly_size": 975, "n_fun": 3, "payload_bl": 2, "fun_type": 7, "overlap": 25}, "s_output": {"result": 3152, "hashing_t": 7.27231, "oprf_t": 348.592, "poly_t": 538.544, "poly_trans_t": 0.116234, "aby_online_t": 36.934, "aby_setup_t": 216.771, "aby_total_t": 253.705, "total_t": 1786.4, "nobase_t": 1218.95, "poly_d_rs": [0, 249600], "oprf_d_rs": [332961, 16944], "aby_online_d_rs": [363562, 5566976], "aby_setup_d_rs": [20726096, 15487206], "aby_total_d_rs": [21089658, 21054182], "total_d_rs": [21422619, 21320726], "nobase_d_rs": [21372590, 21253870]}, "c_output": {"result": 3152, "hashing_t": 2.69874, "oprf_t": 621.595, "poly_t": 67.68, "poly_trans_t": 514.647, "aby_online_t": 36.999, "aby_setup_t": 216.832, "aby_total_t": 253.831, "total_t": 1786.56, "nobase_t": 1237.43, "poly_d_rs": [249600, 0], "oprf_d_rs": [16944, 332961], "aby_online_d_rs": [5566976, 363562], "aby_setup_d_rs": [15487206, 20726096], "aby_total_d_rs": [21054182, 21089658], "total_d_rs": [21320726, 21422619], "nobase_d_rs": [21253870, 21372590]}, "batch": "PsiTypesDD_3"}