{"setup": "desktop-desktop", "repeat": 3, "parameters": {"client_neles": 4096, "server_neles": 4096, "bit_len": 53, "epsilon": 1.27, "server_ip": "192.168.0.2", "port": 7777, "threads": 1, "threshold": 0, "nmegabins": 16, "poly_size": 975, "n_fun": 3, "payload_bl": 2, "fun_type": 6, "overlap": 25}, "s_output": {"result": 3152, "hashing_t": 6.3284, "oprf_t": 346.443, "poly_t": 532.224, "poly_trans_t": 0.126657, "aby_online_t": 34.236, "aby_setup_t": 206.176, "aby_total_t": 240.412, "total_t": 1697.0, "nobase_t": 1206.66, "poly_d_rs": [0, 249600], "oprf_d_rs": [332961, 16944], "aby_online_d_rs": [363545, 5563903], "aby_setup_d_rs": [20724014, 15481059], "aby_total_d_rs": [21087559, 21044962], "total_d_rs": [21420520, 21311506], "nobase_d_rs": [21370491, 21244650]}, "c_output": {"result": 3152, "hashing_t": 2.66591, "oprf_t": 630.505, "poly_t": 67.4859, "poly_trans_t": 507.744, "aby_online_t": 33.982, "aby_setup_t": 206.303, "aby_total_t": 240.285, "total_t": 1697.12, "nobase_t": 1226.16, "poly_d_rs": [249600, 0], "oprf_d_rs": [16944, 332961], "aby_online_d_rs": [5563903, 363545], "aby_setup_d_rs": [15481059, 20724014], "aby_total_d_rs": [21044962, 21087559], "total_d_rs": [21311506, 21420520], "nobase_d_rs": [21244650, 21370491]}, "batch": "PsiTypesDD_3"}