{"setup": "desktop-desktop", "repeat": 0, "parameters": {"client_neles": 4096, "server_neles": 4096, "bit_len": 53, "epsilon": 1.27, "server_ip": "192.168.0.2", "port": 7777, "threads": 1, "threshold": 0, "nmegabins": 16, "poly_size": 975, "n_fun": 3, "payload_bl": 2, "fun_type": 1, "overlap": 25}, "s_output": {"result": 1, "hashing_t": 5.81051, "oprf_t": 328.232, "poly_t": 281.691, "poly_trans_t": 0.076707, "aby_online_t": 6.186, "aby_setup_t": 62.958, "aby_total_t": 69.144, "total_t": 969.403, "nobase_t": 445.982, "poly_d_rs": [0, 124800], "oprf_d_rs": [332961, 16944], "aby_online_d_rs": [119219, 119219], "aby_setup_d_rs": [5081181, 5081181], "aby_total_d_rs": [5200400, 5200400], "total_d_rs": [5533361, 5342144], "nobase_d_rs": [5483332, 5275296]}, "c_output": {"result": 1, "hashing_t": 2.66939, "oprf_t": 317.798, "poly_t": 33.856, "poly_trans_t": 242.819, "aby_online_t": 6.114, "aby_setup_t": 62.788, "aby_total_t": 68.902, "total_t": 969.495, "nobase_t": 428.548, "poly_d_rs": [124800, 0], "oprf_d_rs": [16944, 332961], "aby_online_d_rs": [119219, 119219], "aby_setup_d_rs": [5081181, 5081181], "aby_total_d_rs": [5200400, 5200400], "total_d_rs": [5342144, 5533361], "nobase_d_rs": [5275288, 5483332]}, "batch": "PsiTypesDD_3"}