{"setup": "desktop-desktop", "repeat": 3, "parameters": {"client_neles": 4096, "server_neles": 4096, "bit_len": 53, "epsilon": 1.27, "server_ip": "192.168.0.2", "port": 7777, "threads": 1, "threshold": 0, "nmegabins": 16, "poly_size": 975, "n_fun": 3, "payload_bl": 2, "fun_type": 8, "overlap": 25}, "s_output": {"result": 2390, "hashing_t": 13.2827, "oprf_t": 345.162, "poly_t": 541.36, "poly_trans_t": 0.126445, "aby_online_t": 43.573, "aby_setup_t": 1699.8, "aby_total_t": 1743.37, "total_t": 3221.04, "nobase_t": 2710.02, "poly_d_rs": [0, 249600], "oprf_d_rs": [332961, 16944], "aby_online_d_rs": [3366781, 6007589], "aby_setup_d_rs": [211628561, 208964063], "aby_total_d_rs": [214995342, 214971652], "total_d_rs": [215328303, 215238196], "nobase_d_rs": [215278274, 215171340]}, "c_output": {"result": 2390, "hashing_t": 6.45155, "oprf_t": 618.702, "poly_t": 67.2853, "poly_trans_t": 516.216, "aby_online_t": 42.955, "aby_setup_t": 1700.32, "aby_total_t": 1743.27, "total_t": 3221.26, "nobase_t": 2730.9, "poly_d_rs": [249600, 0], "oprf_d_rs": [16944, 332961], "aby_online_d_rs": [6007589, 3366781], "aby_setup_d_rs": [208964063, 211628561], "aby_total_d_rs": [214971652, 214995342], "total_d_rs": [215238196, 215328303], "nobase_d_rs": [215171340, 215278274]}, "batch": "PsiTypesDD_3"}