{"setup": "desktop-desktop", "repeat": 1, "parameters": {"client_neles": 4096, "server_neles": 4096, "bit_len": 53, "epsilon": 1.27, "server_ip": "192.168.0.2", "port": 7777, "threads": 1, "threshold": 0, "nmegabins": 16, "poly_size": 975, "n_fun": 3, "payload_bl": 2, "fun_type": 1, "overlap": 25}, "s_output": {"result": 1, "hashing_t": 7.36673, "oprf_t": 323.446, "poly_t": 268.637, "poly_trans_t": 0.050133, "aby_online_t": 5.881, "aby_setup_t": 74.739, "aby_total_t": 80.62, "total_t": 949.133, "nobase_t": 445.623, "poly_d_rs": [0, 124800], "oprf_d_rs": [332961, 16944], "aby_online_d_rs": [119219, 119219], "aby_setup_d_rs": [5081181, 5081181], "aby_total_d_rs": [5200400, 5200400], "total_d_rs": [5533361, 5342144], "nobase_d_rs": [5483332, 5275288]}, "c_output": {"result": 1, "hashing_t": 4.1337, "oprf_t": 312.985, "poly_t": 33.4631, "poly_trans_t": 230.044, "aby_online_t": 5.977, "aby_setup_t": 74.629, "aby_total_t": 80.606, "total_t": 949.2, "nobase_t": 427.942, "poly_d_rs": [124800, 0], "oprf_d_rs": [16944, 332961], "aby_online_d_rs": [119219, 119219], "aby_setup_d_rs": [5081181, 5081181], "aby_total_d_rs": [5200400, 5200400], "total_d_rs": [5342144, 5533361], "nobase_d_rs": [5275288, 5483332]}, "batch": "PsiTypesDD_3"}