{"setup": "desktop-desktop", "repeat": 4, "parameters": {"client_neles": 4096, "server_neles": 4096, "bit_len": 53, "epsilon": 1.27, "server_ip": "192.168.0.2", "port": 7777, "threads": 1, "threshold": 0, "nmegabins": 16, "poly_size": 975, "n_fun": 3, "payload_bl": 2, "fun_type": 7, "overlap": 25}, "s_output": {"result": 3152, "hashing_t": 7.44248, "oprf_t": 370.603, "poly_t": 541.653, "poly_trans_t": 0.122945, "aby_online_t": 34.281, "aby_setup_t": 205.897, "aby_total_t": 240.178, "total_t": 1763.85, "nobase_t": 1196.61, "poly_d_rs": [0, 249600], "oprf_d_rs": [332961, 16944], "aby_online_d_rs": [363562, 5566967], "aby_setup_d_rs": [20726096, 15487206], "aby_total_d_rs": [21089658, 21054173], "total_d_rs": [21422619, 21320717], "nobase_d_rs": [21372590, 21253861]}, "c_output": {"result": 3152, "hashing_t": 3.33872, "oprf_t": 634.508, "poly_t": 67.3866, "poly_trans_t": 516.945, "aby_online_t": 34.268, "aby_setup_t": 206.098, "aby_total_t": 240.366, "total_t": 1764.03, "nobase_t": 1216.13, "poly_d_rs": [249600, 0], "oprf_d_rs": [16944, 332961], "aby_online_d_rs": [5566976, 363562], "aby_setup_d_rs": [15487206, 20726096], "aby_total_d_rs": [21054182, 21089658], "total_d_rs": [21320726, 21422619], "nobase_d_rs": [21253870, 21372590]}, "batch": "PsiTypesDD_3"}