{"setup": "desktop-desktop", "repeat": 2, "parameters": {"client_neles": 4096, "server_neles": 4096, "bit_len": 53, "epsilon": 1.27, "server_ip": "192.168.0.2", "port": 7777, "threads": 1, "threshold": 0, "nmegabins": 16, "poly_size": 975, "n_fun": 3, "payload_bl": 2, "fun_type": 0, "overlap": 25}, "s_output": {"result": 0, "hashing_t": 7.46872, "oprf_t": 329.967, "poly_t": 267.737, "poly_trans_t": 0.077828, "aby_online_t": 2.381, "aby_setup_t": 65.612, "aby_total_t": 67.993, "total_t": 969.901, "nobase_t": 430.005, "poly_d_rs": [0, 124800], "oprf_d_rs": [332961, 16944], "aby_online_d_rs": [117750, 117750], "aby_setup_d_rs": [4995165, 4995165], "aby_total_d_rs": [5112915, 5112915], "total_d_rs": [5445876, 5254659], "nobase_d_rs": [5395847, 5187803]}, "c_output": {"result": 0, "hashing_t": 3.87271, "oprf_t": 319.789, "poly_t": 33.8466, "poly_trans_t": 229.487, "aby_online_t": 2.129, "aby_setup_t": 65.92, "aby_total_t": 68.049, "total_t": 969.968, "nobase_t": 412.471, "poly_d_rs": [124800, 0], "oprf_d_rs": [16944, 332961], "aby_online_d_rs": [117750, 117742], "aby_setup_d_rs": [4995165, 4995165], "aby_total_d_rs": [5112915, 5112915], "total_d_rs": [5254659, 5445876], "nobase_d_rs": [5187803, 5395847]}, "batch": "PsiTypesDD_3"}