{"setup": "desktop-desktop", "repeat": 0, "parameters": {"client_neles": 4096, "server_neles": 4096, "bit_len": 53, "epsilon": 1.27, "server_ip": "192.168.0.2", "port": 7777, "threads": 1, "threshold": 0, "nmegabins": 16, "poly_size": 975, "n_fun": 3, "payload_bl": 2, "fun_type": 8, "overlap": 25}, "s_output": {"result": 2390, "hashing_t": 7.13232, "oprf_t": 343.45, "poly_t": 536.401, "poly_trans_t": 0.097119, "aby_online_t": 45.982, "aby_setup_t": 1666.86, "aby_total_t": 1712.85, "total_t": 3170.15, "nobase_t": 2664.85, "poly_d_rs": [0, 249600], "oprf_d_rs": [332961, 16944], "aby_online_d_rs": [3366781, 6007589], "aby_setup_d_rs": [211628561, 208964063], "aby_total_d_rs": [214995342, 214971652], "total_d_rs": [215328303, 215238196], "nobase_d_rs": [215278274, 215171340]}, "c_output": {"result": 2390, "hashing_t": 2.69429, "oprf_t": 609.882, "poly_t": 66.8722, "poly_trans_t": 511.917, "aby_online_t": 46.202, "aby_setup_t": 1666.86, "aby_total_t": 1713.06, "total_t": 3170.26, "nobase_t": 2684.52, "poly_d_rs": [249600, 0], "oprf_d_rs": [16944, 332961], "aby_online_d_rs": [6007589, 3366781], "aby_setup_d_rs": [208964063, 211628561], "aby_total_d_rs": [214971652, 214995342], "total_d_rs": [215238196, 215328303], "nobase_d_rs": [215171340, 215278283]}, "batch": "PsiTypesDD_3"}