{"setup": "desktop-app", "repeat": 3, "parameters": {"client_neles": 4096, "server_neles": 4096, "epsilon": 1.27, "server_ip": "192.168.0.2", "port": 7777, "threads": 1, "threshold": 0, "n_fun": 3, "payload_bl": 2, "fun_type": 0, "overlap": 25, "nmegabins": 16, "poly_size": 976, "bit_len": 60}, "s_output": {"result": 0, "hashing_t": 4.02261, "oprf_t": 808.754, "poly_t": 288.202, "poly_trans_t": 5.93625, "aby_online_t": 22.675, "aby_setup_t": 329.608, "aby_total_t": 352.283, "aby_baseot_t": 512.57, "total_t": 2069.25, "nobase_t": 1239.69, "poly_d_rs": [0, 124928], "oprf_d_rs": [332961, 16944], "aby_online_d_rs": [76783, 115791], "aby_setup_d_rs": [4950214, 4911197], "aby_total_d_rs": [5026997, 5026988], "aby_baseot_d_rs": [49956, 49956], "total_d_rs": [5359958, 5168860], "nobase_d_rs": [5309929, 5102004]}, "c_output": {"result": 0, "hashing_t": 4.941, "oprf_t": 750.476, "poly_t": 66.587, "poly_trans_t": 266.781, "aby_online_t": 26.46, "aby_setup_t": 327.042, "aby_total_t": 353.502, "aby_baseot_t": 513.347, "total_t": 2068.52, "nobase_t": 845.261, "poly_d_rs": [124928, 0], "oprf_d_rs": [16944, 332961], "aby_online_d_rs": [115800, 115800], "aby_setup_d_rs": [4911197, 4911197], "aby_total_d_rs": [5026997, 5026997], "aby_baseot_d_rs": [49956, 49956], "total_d_rs": [5168869, 5359958], "nobase_d_rs": [5102013, 5309929]}, "batch": "BalancedAnalyticsDA_1"}