{"setup": "desktop-app", "repeat": 4, "parameters": {"client_neles": 4096, "server_neles": 4096, "epsilon": 1.27, "server_ip": "192.168.0.2", "port": 7777, "threads": 1, "threshold": 0, "n_fun": 3, "payload_bl": 2, "fun_type": 0, "overlap": 25, "nmegabins": 16, "poly_size": 976, "bit_len": 60}, "s_output": {"result": 0, "hashing_t": 6.14176, "oprf_t": 770.313, "poly_t": 265.227, "poly_trans_t": 3.40036, "aby_online_t": 25.895, "aby_setup_t": 330.72, "aby_total_t": 356.615, "aby_baseot_t": 506.496, "total_t": 2012.12, "nobase_t": 1204.16, "poly_d_rs": [0, 124928], "oprf_d_rs": [332961, 16944], "aby_online_d_rs": [115800, 115800], "aby_setup_d_rs": [4911197, 4911197], "aby_total_d_rs": [5026997, 5026997], "aby_baseot_d_rs": [49956, 49956], "total_d_rs": [5359958, 5168869], "nobase_d_rs": [5309929, 5102013]}, "c_output": {"result": 0, "hashing_t": 5.225, "oprf_t": 710.174, "poly_t": 75.769, "poly_trans_t": 246.811, "aby_online_t": 27.135, "aby_setup_t": 330.173, "aby_total_t": 357.308, "aby_baseot_t": 507.495, "total_t": 2012.34, "nobase_t": 835.951, "poly_d_rs": [124928, 0], "oprf_d_rs": [16944, 332961], "aby_online_d_rs": [115800, 115800], "aby_setup_d_rs": [4911197, 4911197], "aby_total_d_rs": [5026997, 5026997], "aby_baseot_d_rs": [49956, 49956], "total_d_rs": [5168869, 5359958], "nobase_d_rs": [5102013, 5309929]}, "batch": "BalancedAnalyticsDA_1"}