{"setup": "desktop-app", "repeat": 2, "parameters": {"client_neles": 1024, "server_neles": 1024, "epsilon": 1.27, "server_ip": "192.168.0.2", "port": 7777, "threads": 1, "threshold": 0, "n_fun": 3, "payload_bl": 2, "fun_type": 0, "overlap": 25, "nmegabins": 4, "poly_size": 947, "bit_len": 60}, "s_output": {"result": 0, "hashing_t": 3.50186, "oprf_t": 727.463, "poly_t": 89.6751, "poly_trans_t": 0.031428, "aby_online_t": 12.97, "aby_setup_t": 134.095, "aby_total_t": 147.065, "aby_baseot_t": 502.557, "total_t": 1527.66, "nobase_t": 742.282, "poly_d_rs": [0, 30304], "oprf_d_rs": [83297, 16944], "aby_online_d_rs": [28991, 28991], "aby_setup_d_rs": [1228852, 1228843], "aby_total_d_rs": [1257843, 1257834], "aby_baseot_d_rs": [49956, 49956], "total_d_rs": [1341140, 1305082], "nobase_d_rs": [1291111, 1238226]}, "c_output": {"result": 0, "hashing_t": 1.548, "oprf_t": 717.016, "poly_t": 29.89, "poly_trans_t": 76.846, "aby_online_t": 16.513, "aby_setup_t": 133.768, "aby_total_t": 150.281, "aby_baseot_t": 506.632, "total_t": 1530.68, "nobase_t": 322.246, "poly_d_rs": [30304, 0], "oprf_d_rs": [16944, 83297], "aby_online_d_rs": [29000, 29000], "aby_setup_d_rs": [1228843, 1228843], "aby_total_d_rs": [1257843, 1257843], "aby_baseot_d_rs": [49956, 49948], "total_d_rs": [1305091, 1341140], "nobase_d_rs": [1238235, 1291119]}, "batch": "BalancedAnalyticsDA_1"}