{"setup": "desktop-app", "repeat": 1, "parameters": {"client_neles": 4096, "server_neles": 4096, "epsilon": 1.27, "server_ip": "192.168.0.2", "port": 7777, "threads": 1, "threshold": 0, "n_fun": 3, "payload_bl": 2, "fun_type": 0, "overlap": 25, "nmegabins": 16, "poly_size": 976, "bit_len": 60}, "s_output": {"result": 0, "hashing_t": 3.99312, "oprf_t": 766.539, "poly_t": 291.249, "poly_trans_t": 4.89305, "aby_online_t": 21.179, "aby_setup_t": 307.426, "aby_total_t": 328.605, "aby_baseot_t": 522.581, "total_t": 2022.48, "nobase_t": 1223.15, "poly_d_rs": [0, 124928], "oprf_d_rs": [332961, 16944], "aby_online_d_rs": [76783, 115800], "aby_setup_d_rs": [4950214, 4911197], "aby_total_d_rs": [5026997, 5026997], "aby_baseot_d_rs": [49956, 49956], "total_d_rs": [5359958, 5168869], "nobase_d_rs": [5309929, 5102013]}, "c_output": {"result": 0, "hashing_t": 7.754, "oprf_t": 727.703, "poly_t": 66.132, "poly_trans_t": 268.024, "aby_online_t": 22.953, "aby_setup_t": 306.816, "aby_total_t": 329.769, "aby_baseot_t": 527.019, "total_t": 2021.4, "nobase_t": 807.938, "poly_d_rs": [124928, 0], "oprf_d_rs": [16944, 332961], "aby_online_d_rs": [115800, 115791], "aby_setup_d_rs": [4911197, 4911197], "aby_total_d_rs": [5026997, 5026988], "aby_baseot_d_rs": [49956, 49947], "total_d_rs": [5168869, 5359949], "nobase_d_rs": [5102013, 5309929]}, "batch": "BalancedAnalyticsDA_1"}