{"setup": "desktop-app", "repeat": 1, "parameters": {"client_neles": 1024, "server_neles": 1024, "epsilon": 1.27, "server_ip": "192.168.0.2", "port": 7777, "threads": 1, "threshold": 0, "n_fun": 3, "payload_bl": 2, "fun_type": 0, "overlap": 25, "nmegabins": 4, "poly_size": 947, "bit_len": 60}, "s_output": {"result": 0, "hashing_t": 1.52154, "oprf_t": 712.375, "poly_t": 100.239, "poly_trans_t": 0.027606, "aby_online_t": 11.951, "aby_setup_t": 121.27, "aby_total_t": 133.221, "aby_baseot_t": 515.591, "total_t": 1511.91, "nobase_t": 712.652, "poly_d_rs": [0, 30304], "oprf_d_rs": [83297, 16944], "aby_online_d_rs": [28991, 29000], "aby_setup_d_rs": [1228852, 1228843], "aby_total_d_rs": [1257843, 1257843], "aby_baseot_d_rs": [49956, 49956], "total_d_rs": [1341140, 1305091], "nobase_d_rs": [1291111, 1238235]}, "c_output": {"result": 0, "hashing_t": 2.142, "oprf_t": 697.875, "poly_t": 24.752, "poly_trans_t": 87.334, "aby_online_t": 13.663, "aby_setup_t": 121.145, "aby_total_t": 134.808, "aby_baseot_t": 519.296, "total_t": 1512.2, "nobase_t": 324.382, "poly_d_rs": [30304, 0], "oprf_d_rs": [16944, 83297], "aby_online_d_rs": [29000, 29000], "aby_setup_d_rs": [1228843, 1228843], "aby_total_d_rs": [1257843, 1257843], "aby_baseot_d_rs": [49956, 49947], "total_d_rs": [1305091, 1341140], "nobase_d_rs": [1238235, 1291120]}, "batch": "BalancedAnalyticsDA_1"}