{"setup": "desktop-app", "repeat": 4, "parameters": {"client_neles": 2048, "server_neles": 2048, "epsilon": 1.27, "server_ip": "192.168.0.2", "port": 7777, "threads": 1, "threshold": 0, "n_fun": 3, "payload_bl": 2, "fun_type": 0, "overlap": 25, "nmegabins": 8, "poly_size": 965, "bit_len": 60}, "s_output": {"result": 0, "hashing_t": 4.24485, "oprf_t": 810.758, "poly_t": 148.654, "poly_trans_t": 0.036829, "aby_online_t": 14.052, "aby_setup_t": 214.471, "aby_total_t": 228.523, "aby_baseot_t": 509.532, "total_t": 1763.18, "nobase_t": 944.443, "poly_d_rs": [0, 61760], "oprf_d_rs": [166497, 16944], "aby_online_d_rs": [38413, 57922], "aby_setup_d_rs": [2475129, 2455620], "aby_total_d_rs": [2513542, 2513542], "aby_baseot_d_rs": [49956, 49956], "total_d_rs": [2680039, 2592246], "nobase_d_rs": [2630010, 2525390]}, "c_output": {"result": 0, "hashing_t": 2.661, "oprf_t": 793.023, "poly_t": 39.282, "poly_trans_t": 126.311, "aby_online_t": 15.936, "aby_setup_t": 212.803, "aby_total_t": 228.739, "aby_baseot_t": 510.928, "total_t": 1763.1, "nobase_t": 491.307, "poly_d_rs": [61760, 0], "oprf_d_rs": [16944, 166497], "aby_online_d_rs": [57922, 57913], "aby_setup_d_rs": [2455620, 2455620], "aby_total_d_rs": [2513542, 2513533], "aby_baseot_d_rs": [49956, 49948], "total_d_rs": [2592246, 2680030], "nobase_d_rs": [2525390, 2630009]}, "batch": "BalancedAnalyticsDA_1"}