{"setup": "desktop-app", "repeat": 3, "parameters": {"client_neles": 2048, "server_neles": 2048, "epsilon": 1.27, "server_ip": "192.168.0.2", "port": 7777, "threads": 1, "threshold": 0, "n_fun": 3, "payload_bl": 2, "fun_type": 0, "overlap": 25, "nmegabins": 8, "poly_size": 965, "bit_len": 60}, "s_output": {"result": 0, "hashing_t": 2.92048, "oprf_t": 777.456, "poly_t": 143.93, "poly_trans_t": 0.036588, "aby_online_t": 16.977, "aby_setup_t": 264.375, "aby_total_t": 281.352, "aby_baseot_t": 512.836, "total_t": 1790.55, "nobase_t": 991.077, "poly_d_rs": [0, 61760], "oprf_d_rs": [166497, 16944], "aby_online_d_rs": [38413, 57922], "aby_setup_d_rs": [2475129, 2455620], "aby_total_d_rs": [2513542, 2513542], "aby_baseot_d_rs": [49956, 49956], "total_d_rs": [2680039, 2592246], "nobase_d_rs": [2630010, 2525390]}, "c_output": {"result": 0, "hashing_t": 2.605, "oprf_t": 739.124, "poly_t": 42.315, "poly_trans_t": 126.68, "aby_online_t": 19.525, "aby_setup_t": 262.354, "aby_total_t": 281.879, "aby_baseot_t": 517.764, "total_t": 1789.47, "nobase_t": 570.471, "poly_d_rs": [61760, 0], "oprf_d_rs": [16944, 166497], "aby_online_d_rs": [57922, 57922], "aby_setup_d_rs": [2455620, 2455620], "aby_total_d_rs": [2513542, 2513542], "aby_baseot_d_rs": [49956, 49948], "total_d_rs": [2592246, 2680039], "nobase_d_rs": [2525390, 2630018]}, "batch": "BalancedAnalyticsDA_1"}