{"setup": "desktop-app", "repeat": 4, "parameters": {"client_neles": 1024, "server_neles": 1024, "epsilon": 1.27, "server_ip": "192.168.0.2", "port": 7777, "threads": 1, "threshold": 0, "n_fun": 3, "payload_bl": 2, "fun_type": 0, "overlap": 25, "nmegabins": 4, "poly_size": 947, "bit_len": 60}, "s_output": {"result": 0, "hashing_t": 1.80491, "oprf_t": 745.079, "poly_t": 101.723, "poly_trans_t": 0.035146, "aby_online_t": 12.08, "aby_setup_t": 108.954, "aby_total_t": 121.034, "aby_baseot_t": 522.032, "total_t": 1537.64, "nobase_t": 721.134, "poly_d_rs": [0, 30304], "oprf_d_rs": [83297, 16944], "aby_online_d_rs": [28991, 29000], "aby_setup_d_rs": [1228852, 1228843], "aby_total_d_rs": [1257843, 1257843], "aby_baseot_d_rs": [49956, 49956], "total_d_rs": [1341140, 1305091], "nobase_d_rs": [1291111, 1238235]}, "c_output": {"result": 0, "hashing_t": 1.48, "oprf_t": 731.93, "poly_t": 23.418, "poly_trans_t": 89.27, "aby_online_t": 12.47, "aby_setup_t": 109.095, "aby_total_t": 121.565, "aby_baseot_t": 522.835, "total_t": 1536.65, "nobase_t": 310.925, "poly_d_rs": [30304, 0], "oprf_d_rs": [16944, 83297], "aby_online_d_rs": [29000, 28991], "aby_setup_d_rs": [1228843, 1228843], "aby_total_d_rs": [1257843, 1257834], "aby_baseot_d_rs": [49956, 49956], "total_d_rs": [1305091, 1341131], "nobase_d_rs": [1238235, 1291102]}, "batch": "BalancedAnalyticsDA_1"}