{"setup": "desktop-app", "repeat": 0, "parameters": {"client_neles": 2048, "server_neles": 2048, "epsilon": 1.27, "server_ip": "192.168.0.2", "port": 7777, "threads": 1, "threshold": 0, "n_fun": 3, "payload_bl": 2, "fun_type": 0, "overlap": 25, "nmegabins": 8, "poly_size": 965, "bit_len": 60}, "s_output": {"result": 0, "hashing_t": 3.55992, "oprf_t": 753.859, "poly_t": 150.442, "poly_trans_t": 0.037665, "aby_online_t": 18.848, "aby_setup_t": 241.564, "aby_total_t": 260.412, "aby_baseot_t": 520.573, "total_t": 1766.45, "nobase_t": 953.569, "poly_d_rs": [0, 61760], "oprf_d_rs": [166497, 16944], "aby_online_d_rs": [38413, 57922], "aby_setup_d_rs": [2475129, 2455620], "aby_total_d_rs": [2513542, 2513542], "aby_baseot_d_rs": [49956, 49956], "total_d_rs": [2680039, 2592246], "nobase_d_rs": [2630010, 2525390]}, "c_output": {"result": 0, "hashing_t": 1.685, "oprf_t": 737.215, "poly_t": 47.399, "poly_trans_t": 129.599, "aby_online_t": 20.522, "aby_setup_t": 239.977, "aby_total_t": 260.499, "aby_baseot_t": 524.074, "total_t": 1765.68, "nobase_t": 540.989, "poly_d_rs": [61760, 0], "oprf_d_rs": [16944, 166497], "aby_online_d_rs": [57922, 57913], "aby_setup_d_rs": [2455620, 2455620], "aby_total_d_rs": [2513542, 2513533], "aby_baseot_d_rs": [49956, 49956], "total_d_rs": [2592246, 2680030], "nobase_d_rs": [2525390, 2630001]}, "batch": "BalancedAnalyticsDA_1"}