{"setup": "desktop-app", "repeat": 2, "parameters": {"client_neles": 2048, "server_neles": 2048, "epsilon": 1.27, "server_ip": "192.168.0.2", "port": 7777, "threads": 1, "threshold": 0, "n_fun": 3, "payload_bl": 2, "fun_type": 0, "overlap": 25, "nmegabins": 8, "poly_size": 965, "bit_len": 60}, "s_output": {"result": 0, "hashing_t": 3.26808, "oprf_t": 708.174, "poly_t": 143.576, "poly_trans_t": 0.036568, "aby_online_t": 18.402, "aby_setup_t": 263.043, "aby_total_t": 281.445, "aby_baseot_t": 519.913, "total_t": 1727.54, "nobase_t": 931.722, "poly_d_rs": [0, 61760], "oprf_d_rs": [166497, 16944], "aby_online_d_rs": [38413, 57922], "aby_setup_d_rs": [2475129, 2455620], "aby_total_d_rs": [2513542, 2513542], "aby_baseot_d_rs": [49956, 49956], "total_d_rs": [2680039, 2592246], "nobase_d_rs": [2630010, 2525390]}, "c_output": {"result": 0, "hashing_t": 2.204, "oprf_t": 668.84, "poly_t": 41.741, "poly_trans_t": 126.335, "aby_online_t": 20.423, "aby_setup_t": 261.109, "aby_total_t": 281.532, "aby_baseot_t": 521.917, "total_t": 1724.21, "nobase_t": 565.538, "poly_d_rs": [61760, 0], "oprf_d_rs": [16944, 166497], "aby_online_d_rs": [57922, 57913], "aby_setup_d_rs": [2455620, 2455620], "aby_total_d_rs": [2513542, 2513533], "aby_baseot_d_rs": [49956, 49956], "total_d_rs": [2592246, 2680030], "nobase_d_rs": [2525390, 2630001]}, "batch": "BalancedAnalyticsDA_1"}