{"setup": "desktop-app", "repeat": 1, "parameters": {"client_neles": 2048, "server_neles": 2048, "epsilon": 1.27, "server_ip": "192.168.0.2", "port": 7777, "threads": 1, "threshold": 0, "n_fun": 3, "payload_bl": 2, "fun_type": 0, "overlap": 25, "nmegabins": 8, "poly_size": 965, "bit_len": 60}, "s_output": {"result": 0, "hashing_t": 1.89473, "oprf_t": 738.706, "poly_t": 145.617, "poly_trans_t": 0.037966, "aby_online_t": 13.528, "aby_setup_t": 213.156, "aby_total_t": 226.684, "aby_baseot_t": 511.554, "total_t": 1699.82, "nobase_t": 897.068, "poly_d_rs": [0, 61760], "oprf_d_rs": [166497, 16944], "aby_online_d_rs": [38413, 57922], "aby_setup_d_rs": [2475129, 2455620], "aby_total_d_rs": [2513542, 2513542], "aby_baseot_d_rs": [49956, 49956], "total_d_rs": [2680039, 2592246], "nobase_d_rs": [2630010, 2525390]}, "c_output": {"result": 0, "hashing_t": 2.507, "oprf_t": 716.715, "poly_t": 46.838, "poly_trans_t": 130.612, "aby_online_t": 14.815, "aby_setup_t": 213.047, "aby_total_t": 227.862, "aby_baseot_t": 513.09, "total_t": 1698.49, "nobase_t": 499.658, "poly_d_rs": [61760, 0], "oprf_d_rs": [16944, 166497], "aby_online_d_rs": [57922, 57913], "aby_setup_d_rs": [2455620, 2455620], "aby_total_d_rs": [2513542, 2513533], "aby_baseot_d_rs": [49956, 49956], "total_d_rs": [2592246, 2680030], "nobase_d_rs": [2525390, 2630001]}, "batch": "BalancedAnalyticsDA_1"}