{"setup": "desktop-app", "repeat": 1, "parameters": {"client_neles": 1024, "server_neles": 1024, "epsilon": 1.27, "server_ip": "192.168.0.2", "port": 7777, "threads": 1, "threshold": 0, "n_fun": 3, "payload_bl": 2, "fun_type": 0, "overlap": 25, "nmegabins": 4, "poly_size": 947, "bit_len": 60}, "network": {"type": "WAN", "delay": 29, "loss": 0.1, "rateDown": 50, "rateUp": 50}, "s_output": {"rtt": 39.0474, "throughput": 2.28516, "result": 0, "hashing_t": 4.14053, "oprf_t": 1000.59, "poly_t": 146.36, "poly_trans_t": 0.04692, "aby_online_t": 173.481, "aby_setup_t": 859.839, "aby_total_t": 1033.32, "aby_baseot_t": 57265.4, "total_t": 60482.5, "nobase_t": 2759.64, "poly_d_rs": [0, 30304], "oprf_d_rs": [83297, 16944], "aby_online_d_rs": [29000, 29000], "aby_setup_d_rs": [1228843, 1228843], "aby_total_d_rs": [1257843, 1257843], "aby_baseot_d_rs": [67159124, 67159124], "total_d_rs": [1341140, 1305091], "nobase_d_rs": [18446744073643733559, 18446744073643680683]}, "c_output": {"result": 0, "hashing_t": 3.317, "oprf_t": 907.824, "poly_t": 30.88, "poly_trans_t": 145.675, "aby_online_t": 195.054, "aby_setup_t": 883.209, "aby_total_t": 1078.26, "aby_baseot_t": 57253.5, "total_t": 60507.0, "nobase_t": 2394.83, "poly_d_rs": [30304, 0], "oprf_d_rs": [16944, 83297], "aby_online_d_rs": [29000, 29000], "aby_setup_d_rs": [1228843, 1228843], "aby_total_d_rs": [1257843, 1257843], "aby_baseot_d_rs": [67159124, 67159124], "total_d_rs": [1305091, 1341140], "nobase_d_rs": [18446744073643680683, 18446744073643733559]}, "batch": "NetworkBenchmarkingWAN"}