{"setup": "desktop-app", "repeat": 0, "parameters": {"client_neles": 1024, "server_neles": 1024, "epsilon": 1.27, "server_ip": "192.168.0.2", "port": 7777, "threads": 1, "threshold": 0, "n_fun": 3, "payload_bl": 2, "fun_type": 0, "overlap": 25, "nmegabins": 4, "poly_size": 947, "bit_len": 60}, "network": {"type": "WAN", "delay": 29, "loss": 0.1, "rateDown": 50, "rateUp": 50}, "s_output": {"rtt": 39.4529, "throughput": 2.39925, "result": 0, "hashing_t": 2.11787, "oprf_t": 963.579, "poly_t": 129.503, "poly_trans_t": 0.037651, "aby_online_t": 227.676, "aby_setup_t": 881.174, "aby_total_t": 1108.85, "aby_baseot_t": 54575.5, "total_t": 57784.0, "nobase_t": 2781.56, "poly_d_rs": [0, 30304], "oprf_d_rs": [83297, 16944], "aby_online_d_rs": [28992, 29000], "aby_setup_d_rs": [1228852, 1228843], "aby_total_d_rs": [1257844, 1257843], "aby_baseot_d_rs": [67159124, 67159124], "total_d_rs": [1341141, 1305091], "nobase_d_rs": [18446744073643733560, 18446744073643680683]}, "c_output": {"result": 0, "hashing_t": 2.594, "oprf_t": 873.903, "poly_t": 27.253, "poly_trans_t": 118.731, "aby_online_t": 224.744, "aby_setup_t": 893.483, "aby_total_t": 1118.23, "aby_baseot_t": 54567.0, "total_t": 57771.5, "nobase_t": 2410.44, "poly_d_rs": [30304, 0], "oprf_d_rs": [16944, 83297], "aby_online_d_rs": [29000, 29000], "aby_setup_d_rs": [1228843, 1228843], "aby_total_d_rs": [1257843, 1257843], "aby_baseot_d_rs": [67159124, 67159124], "total_d_rs": [1305091, 1341140], "nobase_d_rs": [18446744073643680683, 18446744073643733559]}, "batch": "NetworkBenchmarkingWAN"}