{"setup": "desktop-app", "repeat": 17, "parameters": {"client_neles": 1024, "server_neles": 1024, "epsilon": 1.27, "server_ip": "192.168.0.2", "port": 7777, "threads": 1, "threshold": 0, "n_fun": 3, "payload_bl": 2, "fun_type": 0, "overlap": 25, "nmegabins": 4, "poly_size": 947, "bit_len": 60}, "network": {"type": "WAN", "delay": 29, "loss": 0.1, "rateDown": 50, "rateUp": 50}, "s_output": {"rtt": 40.8666, "throughput": 1.71953, "result": 0, "hashing_t": 4.14104, "oprf_t": 992.924, "poly_t": 115.235, "poly_trans_t": 0.034088, "aby_online_t": 202.408, "aby_setup_t": 612.251, "aby_total_t": 814.659, "aby_baseot_t": 75692.0, "total_t": 78617.8, "nobase_t": 2470.66, "poly_d_rs": [0, 30304], "oprf_d_rs": [83297, 16944], "aby_online_d_rs": [29000, 29000], "aby_setup_d_rs": [1228834, 1228843], "aby_total_d_rs": [1257834, 1257843], "aby_baseot_d_rs": [67159133, 67159124], "total_d_rs": [1341131, 1305091], "nobase_d_rs": [18446744073643733541, 18446744073643680683]}, "c_output": {"result": 0, "hashing_t": 1.992, "oprf_t": 909.574, "poly_t": 26.458, "poly_trans_t": 146.913, "aby_online_t": 169.05, "aby_setup_t": 674.821, "aby_total_t": 843.871, "aby_baseot_t": 75675.9, "total_t": 78620.3, "nobase_t": 2100.62, "poly_d_rs": [30304, 0], "oprf_d_rs": [16944, 83297], "aby_online_d_rs": [28991, 29000], "aby_setup_d_rs": [1228852, 1228843], "aby_total_d_rs": [1257843, 1257843], "aby_baseot_d_rs": [67159124, 67159124], "total_d_rs": [1305091, 1341140], "nobase_d_rs": [18446744073643680683, 18446744073643733559]}, "batch": "NetworkBenchmarkingWAN"}