{"setup": "desktop-app", "repeat": 8, "parameters": {"client_neles": 1024, "server_neles": 1024, "epsilon": 1.27, "server_ip": "192.168.0.2", "port": 7777, "threads": 1, "threshold": 0, "n_fun": 3, "payload_bl": 2, "fun_type": 0, "overlap": 25, "nmegabins": 4, "poly_size": 947, "bit_len": 60}, "network": {"type": "WAN", "delay": 29, "loss": 0.1, "rateDown": 50, "rateUp": 50}, "s_output": {"rtt": 40.2266, "throughput": 2.70403, "result": 0, "hashing_t": 1.59599, "oprf_t": 928.583, "poly_t": 110.477, "poly_trans_t": 0.043828, "aby_online_t": 171.054, "aby_setup_t": 1000.5, "aby_total_t": 1171.55, "aby_baseot_t": 48577.7, "total_t": 51813.2, "nobase_t": 2785.51, "poly_d_rs": [0, 30304], "oprf_d_rs": [83297, 16944], "aby_online_d_rs": [29000, 29000], "aby_setup_d_rs": [1228843, 1228843], "aby_total_d_rs": [1257843, 1257843], "aby_baseot_d_rs": [67159124, 67159124], "total_d_rs": [1341140, 1305091], "nobase_d_rs": [18446744073643733559, 18446744073643680683]}, "c_output": {"result": 0, "hashing_t": 2.573, "oprf_t": 831.459, "poly_t": 31.291, "poly_trans_t": 138.052, "aby_online_t": 211.924, "aby_setup_t": 1009.42, "aby_total_t": 1221.35, "aby_baseot_t": 48572.2, "total_t": 51845.3, "nobase_t": 2504.66, "poly_d_rs": [30304, 0], "oprf_d_rs": [16944, 83297], "aby_online_d_rs": [29009, 29000], "aby_setup_d_rs": [1228843, 1228843], "aby_total_d_rs": [1257852, 1257843], "aby_baseot_d_rs": [67159124, 67159124], "total_d_rs": [1305100, 1341140], "nobase_d_rs": [18446744073643680692, 18446744073643733559]}, "batch": "NetworkBenchmarkingWAN"}