{"setup": "desktop-app", "repeat": 4, "parameters": {"client_neles": 1024, "server_neles": 1024, "epsilon": 1.27, "server_ip": "192.168.0.2", "port": 7777, "threads": 1, "threshold": 0, "n_fun": 3, "payload_bl": 2, "fun_type": 0, "overlap": 25, "nmegabins": 4, "poly_size": 947, "bit_len": 60}, "network": {"type": "WAN", "delay": 29, "loss": 0.1, "rateDown": 50, "rateUp": 50}, "s_output": {"rtt": 41.3506, "throughput": 2.05049, "result": 0, "hashing_t": 4.08488, "oprf_t": 1066.13, "poly_t": 150.948, "poly_trans_t": 0.045486, "aby_online_t": 167.347, "aby_setup_t": 878.482, "aby_total_t": 1045.83, "aby_baseot_t": 63679.5, "total_t": 66956.6, "nobase_t": 2783.19, "poly_d_rs": [0, 30304], "oprf_d_rs": [83297, 16944], "aby_online_d_rs": [29000, 29000], "aby_setup_d_rs": [1228843, 1228843], "aby_total_d_rs": [1257843, 1257843], "aby_baseot_d_rs": [67159124, 67159124], "total_d_rs": [1341140, 1305091], "nobase_d_rs": [18446744073643733559, 18446744073643680683]}, "c_output": {"result": 0, "hashing_t": 1.875, "oprf_t": 974.83, "poly_t": 29.715, "poly_trans_t": 139.93, "aby_online_t": 188.481, "aby_setup_t": 884.867, "aby_total_t": 1073.35, "aby_baseot_t": 63682.1, "total_t": 66976.0, "nobase_t": 2388.61, "poly_d_rs": [30304, 0], "oprf_d_rs": [16944, 83297], "aby_online_d_rs": [29000, 29000], "aby_setup_d_rs": [1228843, 1228843], "aby_total_d_rs": [1257843, 1257843], "aby_baseot_d_rs": [67159124, 67159124], "total_d_rs": [1305091, 1341140], "nobase_d_rs": [18446744073643680683, 18446744073643733559]}, "batch": "NetworkBenchmarkingWAN"}