{"setup": "desktop-app", "repeat": 10, "parameters": {"client_neles": 1024, "server_neles": 1024, "epsilon": 1.27, "server_ip": "192.168.0.2", "port": 7777, "threads": 1, "threshold": 0, "n_fun": 3, "payload_bl": 2, "fun_type": 0, "overlap": 25, "nmegabins": 4, "poly_size": 947, "bit_len": 60}, "network": {"type": "WAN", "delay": 29, "loss": 0.1, "rateDown": 50, "rateUp": 50}, "s_output": {"rtt": 40.2618, "throughput": 2.5398, "result": 0, "hashing_t": 1.74012, "oprf_t": 912.757, "poly_t": 141.849, "poly_trans_t": 0.045661, "aby_online_t": 244.5, "aby_setup_t": 824.343, "aby_total_t": 1068.84, "aby_baseot_t": 51663.1, "total_t": 54789.2, "nobase_t": 2707.17, "poly_d_rs": [0, 30304], "oprf_d_rs": [83297, 16944], "aby_online_d_rs": [29000, 29000], "aby_setup_d_rs": [1228843, 1228843], "aby_total_d_rs": [1257843, 1257843], "aby_baseot_d_rs": [67159124, 67159124], "total_d_rs": [1341140, 1305091], "nobase_d_rs": [18446744073643733559, 18446744073643680683]}, "c_output": {"result": 0, "hashing_t": 1.394, "oprf_t": 827.796, "poly_t": 24.522, "poly_trans_t": 125.92, "aby_online_t": 204.231, "aby_setup_t": 882.123, "aby_total_t": 1086.35, "aby_baseot_t": 51649.6, "total_t": 54783.0, "nobase_t": 2368.92, "poly_d_rs": [30304, 0], "oprf_d_rs": [16944, 83297], "aby_online_d_rs": [28991, 29000], "aby_setup_d_rs": [1228852, 1228843], "aby_total_d_rs": [1257843, 1257843], "aby_baseot_d_rs": [67159124, 67159124], "total_d_rs": [1305091, 1341140], "nobase_d_rs": [18446744073643680683, 18446744073643733559]}, "batch": "NetworkBenchmarkingWAN"}