{"setup": "desktop-app", "repeat": 18, "parameters": {"client_neles": 1024, "server_neles": 1024, "epsilon": 1.27, "server_ip": "192.168.0.2", "port": 7777, "threads": 1, "threshold": 0, "n_fun": 3, "payload_bl": 2, "fun_type": 0, "overlap": 25, "nmegabins": 4, "poly_size": 947, "bit_len": 60}, "network": {"type": "WAN", "delay": 29, "loss": 0.1, "rateDown": 50, "rateUp": 50}, "s_output": {"rtt": 39.1037, "throughput": 1.95613, "result": 0, "hashing_t": 4.08204, "oprf_t": 1029.36, "poly_t": 130.229, "poly_trans_t": 0.042297, "aby_online_t": 170.823, "aby_setup_t": 640.719, "aby_total_t": 811.542, "aby_baseot_t": 66644.1, "total_t": 69636.1, "nobase_t": 2521.21, "poly_d_rs": [0, 30304], "oprf_d_rs": [83297, 16944], "aby_online_d_rs": [28999, 29000], "aby_setup_d_rs": [1228844, 1228843], "aby_total_d_rs": [1257843, 1257843], "aby_baseot_d_rs": [67159124, 67159124], "total_d_rs": [1341140, 1305091], "nobase_d_rs": [18446744073643733559, 18446744073643680683]}, "c_output": {"result": 0, "hashing_t": 2.59, "oprf_t": 952.011, "poly_t": 29.412, "poly_trans_t": 149.325, "aby_online_t": 208.688, "aby_setup_t": 648.405, "aby_total_t": 857.093, "aby_baseot_t": 66638.5, "total_t": 69670.2, "nobase_t": 2152.67, "poly_d_rs": [30304, 0], "oprf_d_rs": [16944, 83297], "aby_online_d_rs": [29009, 29000], "aby_setup_d_rs": [1228843, 1228843], "aby_total_d_rs": [1257852, 1257843], "aby_baseot_d_rs": [67159124, 67159124], "total_d_rs": [1305100, 1341140], "nobase_d_rs": [18446744073643680692, 18446744073643733559]}, "batch": "NetworkBenchmarkingWAN"}