{"setup": "desktop-app", "repeat": 7, "parameters": {"client_neles": 1024, "server_neles": 1024, "epsilon": 1.27, "server_ip": "192.168.0.2", "port": 7777, "threads": 1, "threshold": 0, "n_fun": 3, "payload_bl": 2, "fun_type": 0, "overlap": 25, "nmegabins": 4, "poly_size": 947, "bit_len": 60}, "network": {"type": "WAN", "delay": 29, "loss": 0.1, "rateDown": 50, "rateUp": 50}, "s_output": {"rtt": 40.7405, "throughput": 2.13544, "result": 0, "hashing_t": 0.997543, "oprf_t": 1038.45, "poly_t": 170.36, "poly_trans_t": 0.04559, "aby_online_t": 182.323, "aby_setup_t": 708.983, "aby_total_t": 891.306, "aby_baseot_t": 61197.6, "total_t": 64284.9, "nobase_t": 2636.16, "poly_d_rs": [0, 30304], "oprf_d_rs": [83297, 16944], "aby_online_d_rs": [29000, 29000], "aby_setup_d_rs": [1228842, 1228843], "aby_total_d_rs": [1257842, 1257843], "aby_baseot_d_rs": [67159125, 67159124], "total_d_rs": [1341139, 1305091], "nobase_d_rs": [18446744073643733557, 18446744073643680683]}, "c_output": {"result": 0, "hashing_t": 2.576, "oprf_t": 943.113, "poly_t": 24.19, "poly_trans_t": 148.826, "aby_online_t": 211.631, "aby_setup_t": 731.155, "aby_total_t": 942.786, "aby_baseot_t": 61177.8, "total_t": 64315.3, "nobase_t": 2255.73, "poly_d_rs": [30304, 0], "oprf_d_rs": [16944, 83297], "aby_online_d_rs": [29000, 29000], "aby_setup_d_rs": [1228843, 1228843], "aby_total_d_rs": [1257843, 1257843], "aby_baseot_d_rs": [67159124, 67159124], "total_d_rs": [1305091, 1341140], "nobase_d_rs": [18446744073643680683, 18446744073643733559]}, "batch": "NetworkBenchmarkingWAN"}