{"setup": "desktop-app", "repeat": 21, "parameters": {"client_neles": 1024, "server_neles": 1024, "epsilon": 1.27, "server_ip": "192.168.0.2", "port": 7777, "threads": 1, "threshold": 0, "n_fun": 3, "payload_bl": 2, "fun_type": 0, "overlap": 25, "nmegabins": 4, "poly_size": 947, "bit_len": 60}, "network": {"type": "WAN", "delay": 29, "loss": 0.1, "rateDown": 50, "rateUp": 50}, "s_output": {"rtt": 41.0329, "throughput": 2.55354, "result": 0, "hashing_t": 3.39168, "oprf_t": 1025.03, "poly_t": 109.612, "poly_trans_t": 0.045146, "aby_online_t": 168.411, "aby_setup_t": 1203.37, "aby_total_t": 1371.78, "aby_baseot_t": 51370.5, "total_t": 54887.7, "nobase_t": 3090.68, "poly_d_rs": [0, 30304], "oprf_d_rs": [83297, 16944], "aby_online_d_rs": [28999, 29000], "aby_setup_d_rs": [1228844, 1228843], "aby_total_d_rs": [1257843, 1257843], "aby_baseot_d_rs": [67159124, 67159124], "total_d_rs": [1341140, 1305091], "nobase_d_rs": [18446744073643733559, 18446744073643680683]}, "c_output": {"result": 0, "hashing_t": 1.349, "oprf_t": 936.219, "poly_t": 34.572, "poly_trans_t": 142.049, "aby_online_t": 199.75, "aby_setup_t": 1208.93, "aby_total_t": 1408.68, "aby_baseot_t": 51374.9, "total_t": 54923.9, "nobase_t": 2684.54, "poly_d_rs": [30304, 0], "oprf_d_rs": [16944, 83297], "aby_online_d_rs": [29000, 29000], "aby_setup_d_rs": [1228843, 1228843], "aby_total_d_rs": [1257843, 1257843], "aby_baseot_d_rs": [67159124, 67159124], "total_d_rs": [1305091, 1341140], "nobase_d_rs": [18446744073643680683, 18446744073643733559]}, "batch": "NetworkBenchmarkingWAN"}