{"setup": "desktop-app", "repeat": 6, "parameters": {"client_neles": 1024, "server_neles": 1024, "epsilon": 1.27, "server_ip": "192.168.0.2", "port": 7777, "threads": 1, "threshold": 0, "n_fun": 3, "payload_bl": 2, "fun_type": 0, "overlap": 25, "nmegabins": 4, "poly_size": 947, "bit_len": 60}, "network": {"type": "WAN", "delay": 29, "loss": 0.1, "rateDown": 50, "rateUp": 50}, "s_output": {"rtt": 39.8779, "throughput": 2.17926, "result": 0, "hashing_t": 1.34115, "oprf_t": 928.975, "poly_t": 134.054, "poly_trans_t": 0.044617, "aby_online_t": 178.469, "aby_setup_t": 874.212, "aby_total_t": 1052.68, "aby_baseot_t": 59975.3, "total_t": 63094.7, "nobase_t": 2705.37, "poly_d_rs": [0, 30304], "oprf_d_rs": [83297, 16944], "aby_online_d_rs": [28991, 29000], "aby_setup_d_rs": [1228852, 1228843], "aby_total_d_rs": [1257843, 1257843], "aby_baseot_d_rs": [67159124, 67159124], "total_d_rs": [1341140, 1305091], "nobase_d_rs": [18446744073643733559, 18446744073643680683]}, "c_output": {"result": 0, "hashing_t": 6.575, "oprf_t": 829.832, "poly_t": 23.61, "poly_trans_t": 128.915, "aby_online_t": 199.609, "aby_setup_t": 889.293, "aby_total_t": 1088.9, "aby_baseot_t": 59957.6, "total_t": 63109.7, "nobase_t": 2395.79, "poly_d_rs": [30304, 0], "oprf_d_rs": [16944, 83297], "aby_online_d_rs": [29000, 29000], "aby_setup_d_rs": [1228843, 1228843], "aby_total_d_rs": [1257843, 1257843], "aby_baseot_d_rs": [67159124, 67159124], "total_d_rs": [1305091, 1341140], "nobase_d_rs": [18446744073643680683, 18446744073643733559]}, "batch": "NetworkBenchmarkingWAN"}