{"setup": "desktop-app", "repeat": 11, "parameters": {"client_neles": 1024, "server_neles": 1024, "epsilon": 1.27, "server_ip": "192.168.0.2", "port": 7777, "threads": 1, "threshold": 0, "n_fun": 3, "payload_bl": 2, "fun_type": 0, "overlap": 25, "nmegabins": 4, "poly_size": 947, "bit_len": 60}, "network": {"type": "WAN", "delay": 29, "loss": 0.1, "rateDown": 50, "rateUp": 50}, "s_output": {"rtt": 39.2524, "throughput": 2.55129, "result": 0, "hashing_t": 4.13399, "oprf_t": 985.159, "poly_t": 163.426, "poly_trans_t": 0.039069, "aby_online_t": 200.064, "aby_setup_t": 695.22, "aby_total_t": 895.284, "aby_baseot_t": 51468.9, "total_t": 54535.7, "nobase_t": 2586.66, "poly_d_rs": [0, 30304], "oprf_d_rs": [83297, 16944], "aby_online_d_rs": [29000, 29000], "aby_setup_d_rs": [1228843, 1228843], "aby_total_d_rs": [1257843, 1257843], "aby_baseot_d_rs": [67159124, 67159124], "total_d_rs": [1341140, 1305091], "nobase_d_rs": [18446744073643733559, 18446744073643680683]}, "c_output": {"result": 0, "hashing_t": 2.548, "oprf_t": 889.48, "poly_t": 31.756, "poly_trans_t": 167.357, "aby_online_t": 201.629, "aby_setup_t": 713.228, "aby_total_t": 914.857, "aby_baseot_t": 51460.1, "total_t": 54532.8, "nobase_t": 2251.44, "poly_d_rs": [30304, 0], "oprf_d_rs": [16944, 83297], "aby_online_d_rs": [29000, 29000], "aby_setup_d_rs": [1228843, 1228843], "aby_total_d_rs": [1257843, 1257843], "aby_baseot_d_rs": [67159124, 67159124], "total_d_rs": [1305091, 1341140], "nobase_d_rs": [18446744073643680683, 18446744073643733559]}, "batch": "NetworkBenchmarkingWAN"}