{"setup": "desktop-app", "repeat": 2, "parameters": {"client_neles": 1024, "server_neles": 1024, "epsilon": 1.27, "server_ip": "192.168.0.2", "port": 7777, "threads": 1, "threshold": 0, "n_fun": 3, "payload_bl": 2, "fun_type": 0, "overlap": 25, "nmegabins": 4, "poly_size": 947, "bit_len": 60}, "network": {"type": "WAN", "delay": 29, "loss": 0.1, "rateDown": 50, "rateUp": 50}, "s_output": {"rtt": 40.1826, "throughput": 2.20343, "result": 0, "hashing_t": 4.06392, "oprf_t": 993.965, "poly_t": 124.097, "poly_trans_t": 0.046376, "aby_online_t": 164.674, "aby_setup_t": 1320.23, "aby_total_t": 1484.91, "aby_baseot_t": 59344.4, "total_t": 62973.4, "nobase_t": 3166.78, "poly_d_rs": [0, 30304], "oprf_d_rs": [83297, 16944], "aby_online_d_rs": [28991, 28991], "aby_setup_d_rs": [1228843, 1228843], "aby_total_d_rs": [1257834, 1257834], "aby_baseot_d_rs": [67159133, 67159124], "total_d_rs": [1341131, 1305082], "nobase_d_rs": [18446744073643733541, 18446744073643680674]}, "c_output": {"result": 0, "hashing_t": 6.88, "oprf_t": 901.302, "poly_t": 33.439, "poly_trans_t": 157.376, "aby_online_t": 208.544, "aby_setup_t": 1345.92, "aby_total_t": 1554.47, "aby_baseot_t": 59317.6, "total_t": 63006.9, "nobase_t": 2866.25, "poly_d_rs": [30304, 0], "oprf_d_rs": [16944, 83297], "aby_online_d_rs": [29009, 29000], "aby_setup_d_rs": [1228843, 1228843], "aby_total_d_rs": [1257852, 1257843], "aby_baseot_d_rs": [67159124, 67159124], "total_d_rs": [1305100, 1341140], "nobase_d_rs": [18446744073643680692, 18446744073643733559]}, "batch": "NetworkBenchmarkingWAN"}