{"setup": "desktop-app", "repeat": 24, "parameters": {"client_neles": 1024, "server_neles": 1024, "epsilon": 1.27, "server_ip": "192.168.0.2", "port": 7777, "threads": 1, "threshold": 0, "n_fun": 3, "payload_bl": 2, "fun_type": 0, "overlap": 25, "nmegabins": 4, "poly_size": 947, "bit_len": 60}, "network": {"type": "WAN", "delay": 29, "loss": 0.1, "rateDown": 50, "rateUp": 50}, "s_output": {"rtt": 40.2165, "throughput": 2.09166, "result": 0, "hashing_t": 1.04023, "oprf_t": 1000.34, "poly_t": 166.585, "poly_trans_t": 0.028266, "aby_online_t": 171.2, "aby_setup_t": 1619.5, "aby_total_t": 1790.7, "aby_baseot_t": 62447.3, "total_t": 66425.8, "nobase_t": 3535.5, "poly_d_rs": [0, 30304], "oprf_d_rs": [83297, 16944], "aby_online_d_rs": [29000, 29000], "aby_setup_d_rs": [1228843, 1228843], "aby_total_d_rs": [1257843, 1257843], "aby_baseot_d_rs": [67159124, 67159124], "total_d_rs": [1341140, 1305091], "nobase_d_rs": [18446744073643733559, 18446744073643680683]}, "c_output": {"result": 0, "hashing_t": 2.679, "oprf_t": 903.493, "poly_t": 21.43, "poly_trans_t": 164.877, "aby_online_t": 187.792, "aby_setup_t": 1643.49, "aby_total_t": 1831.28, "aby_baseot_t": 62431.7, "total_t": 66445.9, "nobase_t": 3160.38, "poly_d_rs": [30304, 0], "oprf_d_rs": [16944, 83297], "aby_online_d_rs": [29000, 29000], "aby_setup_d_rs": [1228843, 1228843], "aby_total_d_rs": [1257843, 1257843], "aby_baseot_d_rs": [67159124, 67159124], "total_d_rs": [1305091, 1341140], "nobase_d_rs": [18446744073643680683, 18446744073643733559]}, "batch": "NetworkBenchmarkingWAN"}