{"setup": "desktop-app", "repeat": 20, "parameters": {"client_neles": 1024, "server_neles": 1024, "epsilon": 1.27, "server_ip": "192.168.0.2", "port": 7777, "threads": 1, "threshold": 0, "n_fun": 3, "payload_bl": 2, "fun_type": 0, "overlap": 25, "nmegabins": 4, "poly_size": 947, "bit_len": 60}, "network": {"type": "WAN", "delay": 29, "loss": 0.1, "rateDown": 50, "rateUp": 50}, "s_output": {"rtt": 40.5328, "throughput": 2.20734, "result": 0, "hashing_t": 2.20797, "oprf_t": 1021.12, "poly_t": 165.254, "poly_trans_t": 0.028956, "aby_online_t": 175.716, "aby_setup_t": 1289.06, "aby_total_t": 1464.78, "aby_baseot_t": 59225.8, "total_t": 62895.8, "nobase_t": 3235.38, "poly_d_rs": [0, 30304], "oprf_d_rs": [83297, 16944], "aby_online_d_rs": [28999, 29000], "aby_setup_d_rs": [1228844, 1228843], "aby_total_d_rs": [1257843, 1257843], "aby_baseot_d_rs": [67159124, 67159124], "total_d_rs": [1341140, 1305091], "nobase_d_rs": [18446744073643733559, 18446744073643680683]}, "c_output": {"result": 0, "hashing_t": 5.963, "oprf_t": 927.482, "poly_t": 23.093, "poly_trans_t": 167.277, "aby_online_t": 193.018, "aby_setup_t": 1296.24, "aby_total_t": 1489.26, "aby_baseot_t": 59220.5, "total_t": 62904.8, "nobase_t": 2820.85, "poly_d_rs": [30304, 0], "oprf_d_rs": [16944, 83297], "aby_online_d_rs": [29000, 29009], "aby_setup_d_rs": [1228843, 1228834], "aby_total_d_rs": [1257843, 1257843], "aby_baseot_d_rs": [67159124, 67159115], "total_d_rs": [1305091, 1341140], "nobase_d_rs": [18446744073643680683, 18446744073643733568]}, "batch": "NetworkBenchmarkingWAN"}