{"setup": "desktop-app", "repeat": 3, "parameters": {"client_neles": 1024, "server_neles": 1024, "epsilon": 1.27, "server_ip": "192.168.0.2", "port": 7777, "threads": 1, "threshold": 0, "n_fun": 3, "payload_bl": 2, "fun_type": 0, "overlap": 25, "nmegabins": 4, "poly_size": 947, "bit_len": 60}, "network": {"type": "WAN", "delay": 29, "loss": 0.1, "rateDown": 50, "rateUp": 50}, "s_output": {"rtt": 39.5102, "throughput": 1.86049, "result": 0, "hashing_t": 4.03859, "oprf_t": 970.05, "poly_t": 173.841, "poly_trans_t": 0.036219, "aby_online_t": 168.784, "aby_setup_t": 693.137, "aby_total_t": 861.921, "aby_baseot_t": 70033.0, "total_t": 73052.2, "nobase_t": 2537.99, "poly_d_rs": [0, 30304], "oprf_d_rs": [83297, 16944], "aby_online_d_rs": [28999, 28991], "aby_setup_d_rs": [1228843, 1228843], "aby_total_d_rs": [1257842, 1257834], "aby_baseot_d_rs": [67159125, 67159124], "total_d_rs": [1341139, 1305082], "nobase_d_rs": [18446744073643733557, 18446744073643680674]}, "c_output": {"result": 0, "hashing_t": 1.39, "oprf_t": 885.979, "poly_t": 27.158, "poly_trans_t": 163.557, "aby_online_t": 210.299, "aby_setup_t": 713.983, "aby_total_t": 924.282, "aby_baseot_t": 70015.1, "total_t": 73089.6, "nobase_t": 2259.24, "poly_d_rs": [30304, 0], "oprf_d_rs": [16944, 83297], "aby_online_d_rs": [29000, 29000], "aby_setup_d_rs": [1228843, 1228843], "aby_total_d_rs": [1257843, 1257843], "aby_baseot_d_rs": [67159124, 67159124], "total_d_rs": [1305091, 1341140], "nobase_d_rs": [18446744073643680683, 18446744073643733559]}, "batch": "NetworkBenchmarkingWAN"}