{"setup": "desktop-app", "repeat": 5, "parameters": {"client_neles": 1024, "server_neles": 1024, "epsilon": 1.27, "server_ip": "192.168.0.2", "port": 7777, "threads": 1, "threshold": 0, "n_fun": 3, "payload_bl": 2, "fun_type": 0, "overlap": 25, "nmegabins": 4, "poly_size": 947, "bit_len": 60}, "network": {"type": "WAN", "delay": 29, "loss": 0.1, "rateDown": 50, "rateUp": 50}, "s_output": {"rtt": 40.4051, "throughput": 2.64723, "result": 0, "hashing_t": 3.7724, "oprf_t": 971.2, "poly_t": 145.829, "poly_trans_t": 0.043127, "aby_online_t": 212.834, "aby_setup_t": 1180.0, "aby_total_t": 1392.83, "aby_baseot_t": 49594.8, "total_t": 53103.0, "nobase_t": 3069.81, "poly_d_rs": [0, 30304], "oprf_d_rs": [83297, 16944], "aby_online_d_rs": [29000, 29000], "aby_setup_d_rs": [1228843, 1228843], "aby_total_d_rs": [1257843, 1257843], "aby_baseot_d_rs": [67159124, 67159124], "total_d_rs": [1341140, 1305091], "nobase_d_rs": [18446744073643733559, 18446744073643680683]}, "c_output": {"result": 0, "hashing_t": 1.581, "oprf_t": 895.924, "poly_t": 27.752, "poly_trans_t": 162.417, "aby_online_t": 169.164, "aby_setup_t": 1235.58, "aby_total_t": 1404.74, "aby_baseot_t": 49583.0, "total_t": 53093.0, "nobase_t": 2695.9, "poly_d_rs": [30304, 0], "oprf_d_rs": [16944, 83297], "aby_online_d_rs": [28991, 29000], "aby_setup_d_rs": [1228852, 1228843], "aby_total_d_rs": [1257843, 1257843], "aby_baseot_d_rs": [67159124, 67159124], "total_d_rs": [1305091, 1341140], "nobase_d_rs": [18446744073643680683, 18446744073643733559]}, "batch": "NetworkBenchmarkingWAN"}