{"setup": "desktop-app", "repeat": 14, "parameters": {"client_neles": 1024, "server_neles": 1024, "epsilon": 1.27, "server_ip": "192.168.0.2", "port": 7777, "threads": 1, "threshold": 0, "n_fun": 3, "payload_bl": 2, "fun_type": 0, "overlap": 25, "nmegabins": 4, "poly_size": 947, "bit_len": 60}, "network": {"type": "WAN", "delay": 29, "loss": 0.1, "rateDown": 50, "rateUp": 50}, "s_output": {"rtt": 39.7977, "throughput": 1.71372, "result": 0, "hashing_t": 1.00674, "oprf_t": 936.924, "poly_t": 176.466, "poly_trans_t": 0.039077, "aby_online_t": 232.685, "aby_setup_t": 653.334, "aby_total_t": 886.019, "aby_baseot_t": 75968.6, "total_t": 78979.2, "nobase_t": 2574.02, "poly_d_rs": [0, 30304], "oprf_d_rs": [83297, 16944], "aby_online_d_rs": [29000, 29000], "aby_setup_d_rs": [1228842, 1228843], "aby_total_d_rs": [1257842, 1257843], "aby_baseot_d_rs": [67159124, 67159124], "total_d_rs": [1341139, 1305091], "nobase_d_rs": [18446744073643733558, 18446744073643680683]}, "c_output": {"result": 0, "hashing_t": 2.593, "oprf_t": 841.951, "poly_t": 28.879, "poly_trans_t": 154.69, "aby_online_t": 197.804, "aby_setup_t": 714.58, "aby_total_t": 912.384, "aby_baseot_t": 75953.0, "total_t": 78978.2, "nobase_t": 2257.49, "poly_d_rs": [30304, 0], "oprf_d_rs": [16944, 83297], "aby_online_d_rs": [28991, 29000], "aby_setup_d_rs": [1228852, 1228843], "aby_total_d_rs": [1257843, 1257843], "aby_baseot_d_rs": [67159124, 67159124], "total_d_rs": [1305091, 1341140], "nobase_d_rs": [18446744073643680683, 18446744073643733559]}, "batch": "NetworkBenchmarkingWAN"}