{"setup": "desktop-app", "repeat": 16, "parameters": {"client_neles": 1024, "server_neles": 1024, "epsilon": 1.27, "server_ip": "192.168.0.2", "port": 7777, "threads": 1, "threshold": 0, "n_fun": 3, "payload_bl": 2, "fun_type": 0, "overlap": 25, "nmegabins": 4, "poly_size": 947, "bit_len": 60}, "network": {"type": "WAN", "delay": 29, "loss": 0.1, "rateDown": 50, "rateUp": 50}, "s_output": {"rtt": 39.4123, "throughput": 1.98368, "result": 0, "hashing_t": 3.96734, "oprf_t": 963.777, "poly_t": 105.125, "poly_trans_t": 0.04468, "aby_online_t": 201.466, "aby_setup_t": 1183.4, "aby_total_t": 1384.86, "aby_baseot_t": 65756.5, "total_t": 69225.0, "nobase_t": 3001.42, "poly_d_rs": [0, 30304], "oprf_d_rs": [83297, 16944], "aby_online_d_rs": [29000, 29000], "aby_setup_d_rs": [1228843, 1228843], "aby_total_d_rs": [1257843, 1257843], "aby_baseot_d_rs": [67159124, 67159124], "total_d_rs": [1341140, 1305091], "nobase_d_rs": [18446744073643733559, 18446744073643680683]}, "c_output": {"result": 0, "hashing_t": 1.393, "oprf_t": 870.652, "poly_t": 28.987, "poly_trans_t": 132.051, "aby_online_t": 165.928, "aby_setup_t": 1232.67, "aby_total_t": 1398.6, "aby_baseot_t": 65749.8, "total_t": 69223.4, "nobase_t": 2671.61, "poly_d_rs": [30304, 0], "oprf_d_rs": [16944, 83297], "aby_online_d_rs": [28991, 29000], "aby_setup_d_rs": [1228852, 1228843], "aby_total_d_rs": [1257843, 1257843], "aby_baseot_d_rs": [67159124, 67159124], "total_d_rs": [1305091, 1341140], "nobase_d_rs": [18446744073643680683, 18446744073643733559]}, "batch": "NetworkBenchmarkingWAN"}