{"setup": "desktop-app", "repeat": 9, "parameters": {"client_neles": 1024, "server_neles": 1024, "epsilon": 1.27, "server_ip": "192.168.0.2", "port": 7777, "threads": 1, "threshold": 0, "n_fun": 3, "payload_bl": 2, "fun_type": 0, "overlap": 25, "nmegabins": 4, "poly_size": 947, "bit_len": 60}, "network": {"type": "WAN", "delay": 29, "loss": 0.1, "rateDown": 50, "rateUp": 50}, "s_output": {"rtt": 41.1713, "throughput": 3.00597, "result": 0, "hashing_t": 1.10639, "oprf_t": 976.871, "poly_t": 146.056, "poly_trans_t": 0.043165, "aby_online_t": 202.867, "aby_setup_t": 1295.44, "aby_total_t": 1498.31, "aby_baseot_t": 43840.7, "total_t": 47485.5, "nobase_t": 3233.57, "poly_d_rs": [0, 30304], "oprf_d_rs": [83297, 16944], "aby_online_d_rs": [29000, 29000], "aby_setup_d_rs": [1228843, 1228843], "aby_total_d_rs": [1257843, 1257843], "aby_baseot_d_rs": [67159124, 67159124], "total_d_rs": [1341140, 1305091], "nobase_d_rs": [18446744073643733559, 18446744073643680683]}, "c_output": {"result": 0, "hashing_t": 2.637, "oprf_t": 888.141, "poly_t": 32.626, "poly_trans_t": 129.765, "aby_online_t": 172.73, "aby_setup_t": 1347.51, "aby_total_t": 1520.24, "aby_baseot_t": 43834.5, "total_t": 47489.6, "nobase_t": 2820.5, "poly_d_rs": [30304, 0], "oprf_d_rs": [16944, 83297], "aby_online_d_rs": [29000, 29000], "aby_setup_d_rs": [1228843, 1228843], "aby_total_d_rs": [1257843, 1257843], "aby_baseot_d_rs": [67159124, 67159124], "total_d_rs": [1305091, 1341140], "nobase_d_rs": [18446744073643680683, 18446744073643733559]}, "batch": "NetworkBenchmarkingWAN"}