{"setup": "desktop-app", "repeat": 13, "parameters": {"client_neles": 1024, "server_neles": 1024, "epsilon": 1.27, "server_ip": "192.168.0.2", "port": 7777, "threads": 1, "threshold": 0, "n_fun": 3, "payload_bl": 2, "fun_type": 0, "overlap": 25, "nmegabins": 4, "poly_size": 947, "bit_len": 60}, "network": {"type": "WAN", "delay": 29, "loss": 0.1, "rateDown": 50, "rateUp": 50}, "s_output": {"rtt": 41.1571, "throughput": 2.14725, "result": 0, "hashing_t": 0.961389, "oprf_t": 940.679, "poly_t": 163.566, "poly_trans_t": 0.029073, "aby_online_t": 170.16, "aby_setup_t": 893.205, "aby_total_t": 1063.37, "aby_baseot_t": 60889.6, "total_t": 64073.8, "nobase_t": 2717.18, "poly_d_rs": [0, 30304], "oprf_d_rs": [83297, 16944], "aby_online_d_rs": [28999, 29000], "aby_setup_d_rs": [1228843, 1228843], "aby_total_d_rs": [1257842, 1257843], "aby_baseot_d_rs": [67159125, 67159124], "total_d_rs": [1341139, 1305091], "nobase_d_rs": [18446744073643733557, 18446744073643680683]}, "c_output": {"result": 0, "hashing_t": 2.582, "oprf_t": 851.663, "poly_t": 33.819, "poly_trans_t": 157.086, "aby_online_t": 201.781, "aby_setup_t": 914.65, "aby_total_t": 1116.43, "aby_baseot_t": 60875.9, "total_t": 64107.3, "nobase_t": 2431.91, "poly_d_rs": [30304, 0], "oprf_d_rs": [16944, 83297], "aby_online_d_rs": [29000, 29000], "aby_setup_d_rs": [1228843, 1228843], "aby_total_d_rs": [1257843, 1257843], "aby_baseot_d_rs": [67159124, 67159124], "total_d_rs": [1305091, 1341140], "nobase_d_rs": [18446744073643680683, 18446744073643733559]}, "batch": "NetworkBenchmarkingWAN"}