{"setup": "desktop-app", "repeat": 15, "parameters": {"client_neles": 1024, "server_neles": 1024, "epsilon": 1.27, "server_ip": "192.168.0.2", "port": 7777, "threads": 1, "threshold": 0, "n_fun": 3, "payload_bl": 2, "fun_type": 0, "overlap": 25, "nmegabins": 4, "poly_size": 947, "bit_len": 60}, "network": {"type": "WAN", "delay": 29, "loss": 0.1, "rateDown": 50, "rateUp": 50}, "s_output": {"rtt": 39.1773, "throughput": 2.37797, "result": 0, "hashing_t": 1.01563, "oprf_t": 978.705, "poly_t": 172.508, "poly_trans_t": 0.050691, "aby_online_t": 158.119, "aby_setup_t": 1989.69, "aby_total_t": 2147.8, "aby_baseot_t": 55040.9, "total_t": 59360.6, "nobase_t": 3858.23, "poly_d_rs": [0, 30304], "oprf_d_rs": [83297, 16944], "aby_online_d_rs": [29000, 29000], "aby_setup_d_rs": [1228843, 1228843], "aby_total_d_rs": [1257843, 1257843], "aby_baseot_d_rs": [67159124, 67159124], "total_d_rs": [1341140, 1305091], "nobase_d_rs": [18446744073643733559, 18446744073643680683]}, "c_output": {"result": 0, "hashing_t": 2.61, "oprf_t": 880.448, "poly_t": 23.417, "poly_trans_t": 168.362, "aby_online_t": 194.721, "aby_setup_t": 1993.64, "aby_total_t": 2188.36, "aby_baseot_t": 55040.8, "total_t": 59390.0, "nobase_t": 3539.55, "poly_d_rs": [30304, 0], "oprf_d_rs": [16944, 83297], "aby_online_d_rs": [29000, 29000], "aby_setup_d_rs": [1228843, 1228843], "aby_total_d_rs": [1257843, 1257843], "aby_baseot_d_rs": [67159124, 67159124], "total_d_rs": [1305091, 1341140], "nobase_d_rs": [18446744073643680683, 18446744073643733559]}, "batch": "NetworkBenchmarkingWAN"}