{"setup": "desktop-app", "repeat": 19, "parameters": {"client_neles": 1024, "server_neles": 1024, "epsilon": 1.27, "server_ip": "192.168.0.2", "port": 7777, "threads": 1, "threshold": 0, "n_fun": 3, "payload_bl": 2, "fun_type": 0, "overlap": 25, "nmegabins": 4, "poly_size": 947, "bit_len": 60}, "network": {"type": "WAN", "delay": 29, "loss": 0.1, "rateDown": 50, "rateUp": 50}, "s_output": {"rtt": 40.7956, "throughput": 1.97308, "result": 0, "hashing_t": 4.04881, "oprf_t": 1034.8, "poly_t": 175.157, "poly_trans_t": 0.025737, "aby_online_t": 169.798, "aby_setup_t": 865.394, "aby_total_t": 1035.19, "aby_baseot_t": 66144.6, "total_t": 69406.3, "nobase_t": 2749.87, "poly_d_rs": [0, 30304], "oprf_d_rs": [83297, 16944], "aby_online_d_rs": [28999, 28991], "aby_setup_d_rs": [1228844, 1228843], "aby_total_d_rs": [1257843, 1257834], "aby_baseot_d_rs": [67159124, 67159124], "total_d_rs": [1341140, 1305082], "nobase_d_rs": [18446744073643733559, 18446744073643680674]}, "c_output": {"result": 0, "hashing_t": 2.685, "oprf_t": 950.949, "poly_t": 23.034, "poly_trans_t": 157.2, "aby_online_t": 207.529, "aby_setup_t": 887.578, "aby_total_t": 1095.11, "aby_baseot_t": 66130.6, "total_t": 69439.6, "nobase_t": 2428.71, "poly_d_rs": [30304, 0], "oprf_d_rs": [16944, 83297], "aby_online_d_rs": [29000, 29000], "aby_setup_d_rs": [1228843, 1228843], "aby_total_d_rs": [1257843, 1257843], "aby_baseot_d_rs": [67159124, 67159124], "total_d_rs": [1305091, 1341140], "nobase_d_rs": [18446744073643680683, 18446744073643733559]}, "batch": "NetworkBenchmarkingWAN"}