{"setup": "desktop-app", "repeat": 22, "parameters": {"client_neles": 1024, "server_neles": 1024, "epsilon": 1.27, "server_ip": "192.168.0.2", "port": 7777, "threads": 1, "threshold": 0, "n_fun": 3, "payload_bl": 2, "fun_type": 0, "overlap": 25, "nmegabins": 4, "poly_size": 947, "bit_len": 60}, "network": {"type": "WAN", "delay": 29, "loss": 0.1, "rateDown": 50, "rateUp": 50}, "s_output": {"rtt": 39.3822, "throughput": 2.72476, "result": 0, "hashing_t": 1.01433, "oprf_t": 1029.12, "poly_t": 157.285, "poly_trans_t": 0.040599, "aby_online_t": 163.543, "aby_setup_t": 892.231, "aby_total_t": 1055.77, "aby_baseot_t": 48228.7, "total_t": 51482.6, "nobase_t": 2770.73, "poly_d_rs": [0, 30304], "oprf_d_rs": [83297, 16944], "aby_online_d_rs": [28991, 29000], "aby_setup_d_rs": [1228852, 1228843], "aby_total_d_rs": [1257843, 1257843], "aby_baseot_d_rs": [67159124, 67159124], "total_d_rs": [1341140, 1305091], "nobase_d_rs": [18446744073643733559, 18446744073643680683]}, "c_output": {"result": 0, "hashing_t": 2.651, "oprf_t": 929.438, "poly_t": 28.271, "poly_trans_t": 161.559, "aby_online_t": 191.773, "aby_setup_t": 904.843, "aby_total_t": 1096.62, "aby_baseot_t": 48223.1, "total_t": 51507.2, "nobase_t": 2420.84, "poly_d_rs": [30304, 0], "oprf_d_rs": [16944, 83297], "aby_online_d_rs": [29000, 29000], "aby_setup_d_rs": [1228843, 1228843], "aby_total_d_rs": [1257843, 1257843], "aby_baseot_d_rs": [67159124, 67159124], "total_d_rs": [1305091, 1341140], "nobase_d_rs": [18446744073643680683, 18446744073643733559]}, "batch": "NetworkBenchmarkingWAN"}