{"setup": "desktop-app", "parameters": {"client_neles": 1024, "server_neles": 1024, "epsilon": 1.27, "server_ip": "192.168.0.2", "port": 7777, "threads": 1, "threshold": 0, "n_fun": 3, "payload_bl": 2, "fun_type": 0, "overlap": 20, "nmegabins": 4, "poly_size": 947, "bit_len": 60}, "s_output": {"result": 0, "hashing_t": 5.42427, "oprf_t": 723.326, "poly_t": 94.3226, "poly_trans_t": 0.030722, "aby_online_t": 16.24, "aby_setup_t": 171.401, "aby_total_t": 187.641, "aby_baseot_t": 2965.26, "total_t": 4832.28, "nobase_t": 1572.58, "poly_d_rs": [0, 30304], "oprf_d_rs": [83297, 16944], "aby_online_d_rs": [28991, 29000], "aby_setup_d_rs": [1228852, 1228843], "aby_total_d_rs": [1257843, 1257843], "aby_baseot_d_rs": [67159124, 67159124], "total_d_rs": [1341140, 1305091], "nobase_d_rs": [18446744073643733559, 18446744073643680683]}, "c_output": {"result": 0, "hashing_t": 2.113, "oprf_t": 703.404, "poly_t": 27.21, "poly_trans_t": 70.853, "aby_online_t": 16.65, "aby_setup_t": 171.814, "aby_total_t": 188.464, "aby_baseot_t": 2969.71, "total_t": 4831.54, "nobase_t": 1192.7, "poly_d_rs": [30304, 0], "oprf_d_rs": [16944, 83297], "aby_online_d_rs": [29000, 29009], "aby_setup_d_rs": [1228843, 1228834], "aby_total_d_rs": [1257843, 1257843], "aby_baseot_d_rs": [67159124, 67159116], "total_d_rs": [1305091, 1341140], "nobase_d_rs": [18446744073643680683, 18446744073643733567]}}