{"setup": "desktop-app", "parameters": {"client_neles": 1024, "server_neles": 1024, "epsilon": 1.27, "server_ip": "192.168.0.2", "port": 7777, "threads": 1, "threshold": 0, "n_fun": 3, "payload_bl": 2, "fun_type": 0, "overlap": 20, "nmegabins": 4, "poly_size": 947, "bit_len": 60}, "s_output": {"result": 0, "hashing_t": 1.03379, "oprf_t": 713.672, "poly_t": 104.165, "poly_trans_t": 0.031027, "aby_online_t": 10.584, "aby_setup_t": 154.626, "aby_total_t": 165.21, "aby_baseot_t": 3362.24, "total_t": 5206.43, "nobase_t": 1551.42, "poly_d_rs": [0, 30304], "oprf_d_rs": [83297, 16944], "aby_online_d_rs": [28991, 29000], "aby_setup_d_rs": [1228852, 1228843], "aby_total_d_rs": [1257843, 1257843], "aby_baseot_d_rs": [67159124, 67159124], "total_d_rs": [1341140, 1305091], "nobase_d_rs": [18446744073643733559, 18446744073643680683]}, "c_output": {"result": 0, "hashing_t": 3.221, "oprf_t": 699.261, "poly_t": 23.506, "poly_trans_t": 90.244, "aby_online_t": 11.149, "aby_setup_t": 154.379, "aby_total_t": 165.528, "aby_baseot_t": 3367.46, "total_t": 5205.63, "nobase_t": 1168.8, "poly_d_rs": [30304, 0], "oprf_d_rs": [16944, 83297], "aby_online_d_rs": [29000, 29000], "aby_setup_d_rs": [1228843, 1228843], "aby_total_d_rs": [1257843, 1257843], "aby_baseot_d_rs": [67159124, 67159116], "total_d_rs": [1305091, 1341140], "nobase_d_rs": [18446744073643680683, 18446744073643733567]}}