{"setup": "desktop-desktop", "parameters": {"client_neles": 1024, "server_neles": 1024, "epsilon": 1.27, "server_ip": "192.168.0.2", "port": 7777, "threads": 1, "threshold": 0, "n_fun": 3, "payload_bl": 2, "fun_type": 0, "overlap": 20, "nmegabins": 4, "poly_size": 947, "bit_len": 60}, "s_output": {"result": 0, "hashing_t": 0.942264, "oprf_t": 292.902, "poly_t": 85.4191, "poly_trans_t": 0.06629, "aby_online_t": 1.009, "aby_setup_t": 22.161, "aby_total_t": 23.17, "aby_baseot_t": 323.439, "total_t": 1029.39, "nobase_t": 434.435, "poly_d_rs": [0, 30304], "oprf_d_rs": [83297, 16944], "aby_online_d_rs": [29000, 29000], "aby_setup_d_rs": [1228843, 1228843], "aby_total_d_rs": [1257843, 1257843], "aby_baseot_d_rs": [67159124, 67159124], "total_d_rs": [1341140, 1305091], "nobase_d_rs": [18446744073643733559, 18446744073643680683]}, "c_output": {"result": 0, "hashing_t": 0.45129, "oprf_t": 289.822, "poly_t": 7.56202, "poly_trans_t": 68.334, "aby_online_t": 1.075, "aby_setup_t": 22.29, "aby_total_t": 23.365, "aby_baseot_t": 323.217, "total_t": 1029.45, "nobase_t": 424.99, "poly_d_rs": [30304, 0], "oprf_d_rs": [16944, 83297], "aby_online_d_rs": [29000, 28991], "aby_setup_d_rs": [1228843, 1228843], "aby_total_d_rs": [1257843, 1257834], "aby_baseot_d_rs": [67159124, 67159115], "total_d_rs": [1305091, 1341131], "nobase_d_rs": [18446744073643680683, 18446744073643733559]}}