{"setup": "desktop-app", "parameters": {"client_neles": 1024, "server_neles": 1024, "epsilon": 1.27, "server_ip": "192.168.0.2", "port": 7777, "threads": 1, "threshold": 0, "n_fun": 3, "payload_bl": 2, "fun_type": 0, "overlap": 20, "nmegabins": 4, "poly_size": 947, "bit_len": 60}, "network": {"type": "LTE", "delay": 80, "loss": null, "rateDown": null, "rateUp": null}, "s_output": {"rtt": 88.712, "throughput": 9.91349, "result": 0, "hashing_t": 1.11342, "oprf_t": 1305.97, "poly_t": 157.984, "poly_trans_t": 0.031645, "aby_online_t": 371.03, "aby_setup_t": 654.09, "aby_total_t": 1025.12, "aby_baseot_t": 14886.7, "total_t": 18565.7, "nobase_t": 3073.35, "poly_d_rs": [0, 30304], "oprf_d_rs": [83297, 16944], "aby_online_d_rs": [29001, 29000], "aby_setup_d_rs": [1228843, 1228843], "aby_total_d_rs": [1257844, 1257843], "aby_baseot_d_rs": [67159124, 67159124], "total_d_rs": [1341141, 1305091], "nobase_d_rs": [18446744073643733560, 18446744073643680683]}, "c_output": {"result": 0, "hashing_t": 2.617, "oprf_t": 1129.49, "poly_t": 24.641, "poly_trans_t": 225.942, "aby_online_t": 363.573, "aby_setup_t": 659.399, "aby_total_t": 1022.97, "aby_baseot_t": 14893.5, "total_t": 18564.0, "nobase_t": 2664.03, "poly_d_rs": [30304, 0], "oprf_d_rs": [16944, 83297], "aby_online_d_rs": [29000, 29000], "aby_setup_d_rs": [1228843, 1228843], "aby_total_d_rs": [1257843, 1257843], "aby_baseot_d_rs": [67159124, 67159124], "total_d_rs": [1305091, 1341140], "nobase_d_rs": [18446744073643680683, 18446744073643733559]}}