{"setup": "desktop-app", "parameters": {"client_neles": 1024, "server_neles": 1024, "epsilon": 1.27, "server_ip": "192.168.0.2", "port": 7777, "threads": 1, "threshold": 0, "n_fun": 3, "payload_bl": 2, "fun_type": 0, "overlap": 20, "nmegabins": 4, "poly_size": 947, "bit_len": 60}, "s_output": {"result": 0, "hashing_t": 4.83107, "oprf_t": 752.479, "poly_t": 92.4118, "poly_trans_t": 0.029993, "aby_online_t": 13.007, "aby_setup_t": 128.003, "aby_total_t": 141.01, "aby_baseot_t": 3028.83, "total_t": 4888.37, "nobase_t": 1567.91, "poly_d_rs": [0, 30304], "oprf_d_rs": [83297, 16944], "aby_online_d_rs": [28999, 28991], "aby_setup_d_rs": [1228844, 1228843], "aby_total_d_rs": [1257843, 1257834], "aby_baseot_d_rs": [67159124, 67159124], "total_d_rs": [1341140, 1305082], "nobase_d_rs": [18446744073643733559, 18446744073643680674]}, "c_output": {"result": 0, "hashing_t": 2.742, "oprf_t": 732.825, "poly_t": 29.106, "poly_trans_t": 71.245, "aby_online_t": 15.062, "aby_setup_t": 127.989, "aby_total_t": 143.051, "aby_baseot_t": 3033.46, "total_t": 4889.62, "nobase_t": 1153.26, "poly_d_rs": [30304, 0], "oprf_d_rs": [16944, 83297], "aby_online_d_rs": [29000, 29000], "aby_setup_d_rs": [1228843, 1228843], "aby_total_d_rs": [1257843, 1257843], "aby_baseot_d_rs": [67159124, 67159116], "total_d_rs": [1305091, 1341140], "nobase_d_rs": [18446744073643680683, 18446744073643733567]}}