{"setup": "desktop-app", "parameters": {"client_neles": 1024, "server_neles": 1024, "epsilon": 1.27, "server_ip": "192.168.0.3", "port": 7777, "threads": 1, "threshold": 0, "n_fun": 3, "payload_bl": 2, "fun_type": 0, "overlap": 20, "nmegabins": 4, "poly_size": 947, "bit_len": 60}, "network": {"type": "LTE"}, "s_output": {"result": 0, "hashing_t": 4.08493, "oprf_t": 1885.7, "poly_t": 339.745, "poly_trans_t": 0.031936, "aby_online_t": 393.711, "aby_setup_t": 4099.43, "aby_total_t": 4493.14, "aby_baseot_t": 872.955, "total_t": 7985.03, "nobase_t": 5900.77, "poly_d_rs": [0, 30304], "oprf_d_rs": [83297, 16944], "aby_online_d_rs": [29000, 29000], "aby_setup_d_rs": [1228843, 1228843], "aby_total_d_rs": [1257843, 1257843], "aby_baseot_d_rs": [49956, 49956], "total_d_rs": [1341140, 1305091], "nobase_d_rs": [1291111, 1238235]}, "c_output": {"result": 0, "hashing_t": 2.69, "oprf_t": 1571.84, "poly_t": 33.611, "poly_trans_t": 346.743, "aby_online_t": 474.44, "aby_setup_t": 4093.69, "aby_total_t": 4568.13, "aby_baseot_t": 881.174, "total_t": 8059.62, "nobase_t": 5715.73, "poly_d_rs": [30304, 0], "oprf_d_rs": [16944, 83297], "aby_online_d_rs": [29001, 29000], "aby_setup_d_rs": [1228843, 1228843], "aby_total_d_rs": [1257844, 1257843], "aby_baseot_d_rs": [49956, 49956], "total_d_rs": [1305092, 1341140], "nobase_d_rs": [1238236, 1291111]}}