{"setup": "desktop-app", "parameters": {"client_neles": 1024, "server_neles": 1024, "epsilon": 1.27, "server_ip": "192.168.0.2", "port": 7777, "threads": 1, "threshold": 0, "n_fun": 3, "payload_bl": 2, "fun_type": 0, "overlap": 20, "nmegabins": 4, "poly_size": 947, "bit_len": 60}, "s_output": {"result": 0, "hashing_t": 4.17004, "oprf_t": 1016.88, "poly_t": 163.511, "poly_trans_t": 0.054619, "aby_online_t": 17.881, "aby_setup_t": 159.802, "aby_total_t": 177.683, "aby_baseot_t": 610.781, "total_t": 2022.36, "nobase_t": 692.907, "poly_d_rs": [0, 30304], "oprf_d_rs": [83297, 16944], "aby_online_d_rs": [29000, 29000], "aby_setup_d_rs": [1228843, 1228843], "aby_total_d_rs": [1257843, 1257843], "aby_baseot_d_rs": [49956, 49956], "total_d_rs": [1341140, 1305091], "nobase_d_rs": [1291111, 1238235]}, "c_output": {"result": 0, "hashing_t": 1.104, "oprf_t": 1003.35, "poly_t": 29.368, "poly_trans_t": 138.837, "aby_online_t": 16.823, "aby_setup_t": 164.479, "aby_total_t": 181.302, "aby_baseot_t": 611.924, "total_t": 2024.8, "nobase_t": 429.846, "poly_d_rs": [30304, 0], "oprf_d_rs": [16944, 83297], "aby_online_d_rs": [28991, 29000], "aby_setup_d_rs": [1228852, 1228843], "aby_total_d_rs": [1257843, 1257843], "aby_baseot_d_rs": [49956, 49956], "total_d_rs": [1305091, 1341140], "nobase_d_rs": [1238235, 1291111]}}