{"setup": "desktop-desktop", "parameters": {"client_neles": 4096, "server_neles": 4096, "bit_len": 61, "epsilon": 2.4, "server_ip": "192.168.178.66", "port": 7777, "threads": 1, "threshold": 0, "nmegabins": 16, "poly_size": 975, "n_fun": 3, "payload_bl": 2, "fun_type": 2, "overlap": 20}, "s_output": {"result": 819, "hashing_t": 6.31277, "oprf_t": 501.318, "poly_t": 469.375, "poly_trans_t": 0.072364, "aby_online_t": 13.502, "aby_setup_t": 137.349, "aby_total_t": 150.851, "total_t": 1518.61, "nobase_t": 812.604, "poly_d_rs": [0, 124800], "oprf_d_rs": [629217, 16944], "aby_online_d_rs": [225092, 225092], "aby_setup_d_rs": [9597071, 9597071], "aby_total_d_rs": [9822163, 9822163], "total_d_rs": [10451380, 9963907]}, "c_output": {"result": 819, "hashing_t": 2.64265, "oprf_t": 484.202, "poly_t": 82.6921, "poly_trans_t": 385.619, "aby_online_t": 13.331, "aby_setup_t": 137.098, "aby_total_t": 150.429, "total_t": 1518.65, "nobase_t": 786.925, "poly_d_rs": [124800, 0], "oprf_d_rs": [16944, 629217], "aby_online_d_rs": [225092, 225092], "aby_setup_d_rs": [9597071, 9597071], "aby_total_d_rs": [9822163, 9822163], "total_d_rs": [9963907, 10451380]}}