{"setup": "desktop-app", "parameters": {"client_neles": 1024, "server_neles": 1024, "epsilon": 1.27, "server_ip": "192.168.0.2", "port": 7777, "threads": 1, "threshold": 0, "n_fun": 3, "payload_bl": 2, "fun_type": 0, "overlap": 20, "nmegabins": 4, "poly_size": 947, "bit_len": 60}, "network": {"type": "LTE", "delay": 80, "loss": null, "rateDown": null, "rateUp": null}, "s_output": {"rtt": 2.22994, "throughput": 50.3366, "result": 0, "hashing_t": 4.08214, "oprf_t": 753.566, "poly_t": 101.771, "poly_trans_t": 0.03098, "aby_online_t": 10.117, "aby_setup_t": 127.677, "aby_total_t": 137.794, "aby_baseot_t": 3074.44, "total_t": 4951.37, "nobase_t": 1570.9, "poly_d_rs": [0, 30304], "oprf_d_rs": [83297, 16944], "aby_online_d_rs": [29000, 29000], "aby_setup_d_rs": [1228843, 1228843], "aby_total_d_rs": [1257843, 1257843], "aby_baseot_d_rs": [67159124, 67159124], "total_d_rs": [1341140, 1305091], "nobase_d_rs": [18446744073643733559, 18446744073643680683]}, "c_output": {"result": 0, "hashing_t": 5.637, "oprf_t": 737.783, "poly_t": 26.339, "poly_trans_t": 87.674, "aby_online_t": 11.176, "aby_setup_t": 127.789, "aby_total_t": 138.965, "aby_baseot_t": 3074.94, "total_t": 4951.77, "nobase_t": 1168.91, "poly_d_rs": [30304, 0], "oprf_d_rs": [16944, 83297], "aby_online_d_rs": [29000, 29000], "aby_setup_d_rs": [1228843, 1228843], "aby_total_d_rs": [1257843, 1257843], "aby_baseot_d_rs": [67159124, 67159116], "total_d_rs": [1305091, 1341140], "nobase_d_rs": [18446744073643680683, 18446744073643733567]}}