{"setup": "desktop-app", "parameters": {"client_neles": 1024, "server_neles": 1024, "epsilon": 1.27, "server_ip": "192.168.0.2", "port": 7777, "threads": 1, "threshold": 0, "n_fun": 3, "payload_bl": 2, "fun_type": 0, "overlap": 20, "nmegabins": 4, "poly_size": 947, "bit_len": 60}, "network": {"type": "LTE", "delay": 80, "loss": null, "rateDown": 24, "rateUp": 4}, "s_output": {"result": 0, "hashing_t": 2.30362, "oprf_t": 1422.86, "poly_t": 258.466, "poly_trans_t": 0.021747, "aby_online_t": 401.994, "aby_setup_t": 3355.59, "aby_total_t": 3757.58, "aby_baseot_t": 184653.0, "total_t": 191323.0, "nobase_t": 5999.85, "poly_d_rs": [0, 30304], "oprf_d_rs": [83297, 16944], "aby_online_d_rs": [29000, 29000], "aby_setup_d_rs": [1228842, 1228843], "aby_total_d_rs": [1257842, 1257843], "aby_baseot_d_rs": [67159125, 67159124], "total_d_rs": [1341139, 1305091], "nobase_d_rs": [18446744073643733557, 18446744073643680683]}, "c_output": {"result": 0, "hashing_t": 9.205, "oprf_t": 1135.4, "poly_t": 29.666, "poly_trans_t": 267.758, "aby_online_t": 467.225, "aby_setup_t": 3377.13, "aby_total_t": 3844.35, "aby_baseot_t": 184639.0, "total_t": 191392.0, "nobase_t": 5725.33, "poly_d_rs": [30304, 0], "oprf_d_rs": [16944, 83297], "aby_online_d_rs": [29000, 29000], "aby_setup_d_rs": [1228843, 1228843], "aby_total_d_rs": [1257843, 1257843], "aby_baseot_d_rs": [67159124, 67159124], "total_d_rs": [1305091, 1341140], "nobase_d_rs": [18446744073643680683, 18446744073643733559]}}