{"setup": "desktop-desktop", "parameters": {"client_neles": 1024, "server_neles": 1024, "epsilon": 1.27, "server_ip": "192.168.0.2", "port": 7777, "threads": 1, "threshold": 0, "n_fun": 3, "payload_bl": 2, "fun_type": 0, "overlap": 20, "nmegabins": 4, "poly_size": 947, "bit_len": 60}, "s_output": {"result": 0, "hashing_t": 0.953374, "oprf_t": 292.87, "poly_t": 67.1259, "poly_trans_t": 0.07585, "aby_online_t": 0.877, "aby_setup_t": 22.584, "aby_total_t": 23.461, "aby_baseot_t": 317.416, "total_t": 1062.69, "nobase_t": 479.172, "poly_d_rs": [0, 30304], "oprf_d_rs": [83297, 16944], "aby_online_d_rs": [29000, 29000], "aby_setup_d_rs": [1228843, 1228843], "aby_total_d_rs": [1257843, 1257843], "aby_baseot_d_rs": [67159124, 67159116], "total_d_rs": [1341140, 1305091], "nobase_d_rs": [18446744073643733559, 18446744073643680691]}, "c_output": {"result": 0, "hashing_t": 0.470513, "oprf_t": 289.888, "poly_t": 7.56115, "poly_trans_t": 60.3459, "aby_online_t": 0.961, "aby_setup_t": 22.407, "aby_total_t": 23.368, "aby_baseot_t": 317.508, "total_t": 1062.76, "nobase_t": 464.083, "poly_d_rs": [30304, 0], "oprf_d_rs": [16944, 83297], "aby_online_d_rs": [29000, 29000], "aby_setup_d_rs": [1228843, 1228843], "aby_total_d_rs": [1257843, 1257843], "aby_baseot_d_rs": [67159124, 67159124], "total_d_rs": [1305091, 1341140], "nobase_d_rs": [18446744073643680683, 18446744073643733559]}}