{"setup": "desktop-desktop", "parameters": {"client_neles": 1024, "server_neles": 1024, "epsilon": 1.27, "server_ip": "192.168.0.2", "port": 7777, "threads": 1, "threshold": 0, "n_fun": 3, "payload_bl": 2, "fun_type": 0, "overlap": 20, "nmegabins": 4, "poly_size": 947, "bit_len": 60}, "s_output": {"result": 0, "hashing_t": 1.34082, "oprf_t": 360.272, "poly_t": 69.0581, "poly_trans_t": 0.062841, "aby_online_t": 1.085, "aby_setup_t": 30.225, "aby_total_t": 31.31, "aby_baseot_t": 370.178, "total_t": 1143.57, "nobase_t": 438.14, "poly_d_rs": [0, 30304], "oprf_d_rs": [83297, 16944], "aby_online_d_rs": [29000, 29000], "aby_setup_d_rs": [1228843, 1228843], "aby_total_d_rs": [1257843, 1257843], "aby_baseot_d_rs": [67159124, 67159115], "total_d_rs": [1341140, 1305091], "nobase_d_rs": [18446744073643733559, 18446744073643680692]}, "c_output": {"result": 0, "hashing_t": 1.04643, "oprf_t": 355.222, "poly_t": 8.24156, "poly_trans_t": 53.6718, "aby_online_t": 1.1, "aby_setup_t": 30.183, "aby_total_t": 31.283, "aby_baseot_t": 370.367, "total_t": 1143.67, "nobase_t": 428.654, "poly_d_rs": [30304, 0], "oprf_d_rs": [16944, 83297], "aby_online_d_rs": [29000, 29000], "aby_setup_d_rs": [1228843, 1228843], "aby_total_d_rs": [1257843, 1257843], "aby_baseot_d_rs": [67159124, 67159124], "total_d_rs": [1305091, 1341140], "nobase_d_rs": [18446744073643680683, 18446744073643733559]}}