{"setup": "desktop-desktop", "parameters": {"client_neles": 1024, "server_neles": 16384, "epsilon": 1.27, "server_ip": "192.168.0.2", "port": 7777, "threads": 1, "threshold": 0, "n_fun": 3, "payload_bl": 2, "fun_type": 0, "overlap": 20, "nmegabins": 66, "poly_size": 974, "bit_len": 60}, "network": {"type": "LTE", "delay": 80, "loss": null, "rateDown": 24, "rateUp": 4}, "s_output": {"result": 0, "hashing_t": 57.7324, "oprf_t": 556.59, "poly_t": 1365.86, "poly_trans_t": 0.164837, "aby_online_t": 1.592, "aby_setup_t": 31.729, "aby_total_t": 33.321, "aby_baseot_t": 412.802, "total_t": 2822.1, "nobase_t": 1969.99, "poly_d_rs": [0, 514272], "oprf_d_rs": [83297, 16944], "aby_online_d_rs": [29000, 29000], "aby_setup_d_rs": [1228843, 1228843], "aby_total_d_rs": [1257843, 1257843], "aby_baseot_d_rs": [67159124, 67159124], "total_d_rs": [1341140, 1789059], "nobase_d_rs": [18446744073643733559, 18446744073644164651]}, "c_output": {"result": 0, "hashing_t": 1.77761, "oprf_t": 533.668, "poly_t": 11.9788, "poly_trans_t": 1351.26, "aby_online_t": 1.682, "aby_setup_t": 31.766, "aby_total_t": 33.448, "aby_baseot_t": 412.725, "total_t": 2822.32, "nobase_t": 1894.12, "poly_d_rs": [514272, 0], "oprf_d_rs": [16944, 83297], "aby_online_d_rs": [29000, 28992], "aby_setup_d_rs": [1228843, 1228843], "aby_total_d_rs": [1257843, 1257835], "aby_baseot_d_rs": [67159124, 67159116], "total_d_rs": [1789059, 1341132], "nobase_d_rs": [18446744073644164651, 18446744073643733559]}}