{"setup": "desktop-desktop", "parameters": {"client_neles": 1024, "server_neles": 1024, "epsilon": 1.27, "server_ip": "192.168.0.2", "port": 7777, "threads": 1, "threshold": 0, "n_fun": 3, "payload_bl": 2, "fun_type": 0, "overlap": 20, "nmegabins": 4, "poly_size": 947, "bit_len": 60}, "network": {"type": "LTE", "delay": 80, "loss": null, "rateDown": 24, "rateUp": 4}, "s_output": {"result": 0, "hashing_t": 2.14503, "oprf_t": 301.5, "poly_t": 70.8063, "poly_trans_t": 0.029778, "aby_online_t": 1.132, "aby_setup_t": 22.097, "aby_total_t": 23.229, "aby_baseot_t": 277.819, "total_t": 967.278, "nobase_t": 417.886, "poly_d_rs": [0, 30304], "oprf_d_rs": [83297, 16944], "aby_online_d_rs": [29000, 29000], "aby_setup_d_rs": [1228843, 1228843], "aby_total_d_rs": [1257843, 1257843], "aby_baseot_d_rs": [67159124, 67159115], "total_d_rs": [1341140, 1305091], "nobase_d_rs": [18446744073643733559, 18446744073643680692]}, "c_output": {"result": 0, "hashing_t": 0.975317, "oprf_t": 299.111, "poly_t": 8.16344, "poly_trans_t": 53.3376, "aby_online_t": 1.016, "aby_setup_t": 21.963, "aby_total_t": 22.979, "aby_baseot_t": 278.009, "total_t": 967.421, "nobase_t": 402.535, "poly_d_rs": [30304, 0], "oprf_d_rs": [16944, 83297], "aby_online_d_rs": [29000, 29000], "aby_setup_d_rs": [1228843, 1228843], "aby_total_d_rs": [1257843, 1257843], "aby_baseot_d_rs": [67159124, 67159124], "total_d_rs": [1305091, 1341140], "nobase_d_rs": [18446744073643680683, 18446744073643733559]}}