{"setup": "desktop-app", "parameters": {"client_neles": 1024, "server_neles": 1024, "epsilon": 1.27, "server_ip": "192.168.0.2", "port": 7777, "threads": 1, "threshold": 0, "n_fun": 3, "payload_bl": 2, "fun_type": 0, "overlap": 20, "nmegabins": 4, "poly_size": 947, "bit_len": 60}, "network": {"type": "LTE", "delay": 70, "loss": null, "rateDown": null, "rateUp": null}, "s_output": {"result": 0, "hashing_t": 1.12103, "oprf_t": 1207.33, "poly_t": 181.728, "poly_trans_t": 0.025558, "aby_online_t": 315.789, "aby_setup_t": 589.204, "aby_total_t": 904.993, "aby_baseot_t": 696.03, "total_t": 3335.01, "nobase_t": 2031.51, "poly_d_rs": [0, 30304], "oprf_d_rs": [83297, 16944], "aby_online_d_rs": [19241, 29000], "aby_setup_d_rs": [1238602, 1228843], "aby_total_d_rs": [1257843, 1257843], "aby_baseot_d_rs": [49956, 49956], "total_d_rs": [1341140, 1305091], "nobase_d_rs": [1291111, 1238235]}, "c_output": {"result": 0, "hashing_t": 2.669, "oprf_t": 1042.5, "poly_t": 29.94, "poly_trans_t": 229.616, "aby_online_t": 391.51, "aby_setup_t": 587.396, "aby_total_t": 978.906, "aby_baseot_t": 698.618, "total_t": 3399.18, "nobase_t": 1770.65, "poly_d_rs": [30304, 0], "oprf_d_rs": [16944, 83297], "aby_online_d_rs": [29000, 29000], "aby_setup_d_rs": [1228843, 1228843], "aby_total_d_rs": [1257843, 1257843], "aby_baseot_d_rs": [49956, 49956], "total_d_rs": [1305091, 1341140], "nobase_d_rs": [1238235, 1291111]}}