{"setup": "desktop-desktop", "parameters": {"client_neles": 1024, "server_neles": 1024, "epsilon": 1.27, "server_ip": "192.168.0.2", "port": 7777, "threads": 1, "threshold": 0, "n_fun": 3, "payload_bl": 2, "fun_type": 0, "overlap": 20, "nmegabins": 4, "poly_size": 947, "bit_len": 60}, "s_output": {"result": 0, "hashing_t": 1.34206, "oprf_t": 302.333, "poly_t": 70.9044, "poly_trans_t": 0.030225, "aby_online_t": 1.167, "aby_setup_t": 22.176, "aby_total_t": 23.343, "aby_baseot_t": 279.464, "total_t": 1031.93, "nobase_t": 478.848, "poly_d_rs": [0, 30304], "oprf_d_rs": [83297, 16944], "aby_online_d_rs": [29000, 28992], "aby_setup_d_rs": [1228843, 1228843], "aby_total_d_rs": [1257843, 1257835], "aby_baseot_d_rs": [67159124, 67159115], "total_d_rs": [1341140, 1305083], "nobase_d_rs": [18446744073643733559, 18446744073643680684]}, "c_output": {"result": 0, "hashing_t": 1.02217, "oprf_t": 299.245, "poly_t": 10.025, "poly_trans_t": 53.2647, "aby_online_t": 1.317, "aby_setup_t": 21.917, "aby_total_t": 23.234, "aby_baseot_t": 279.597, "total_t": 1032.03, "nobase_t": 463.341, "poly_d_rs": [30304, 0], "oprf_d_rs": [16944, 83297], "aby_online_d_rs": [29000, 29000], "aby_setup_d_rs": [1228843, 1228843], "aby_total_d_rs": [1257843, 1257843], "aby_baseot_d_rs": [67159124, 67159124], "total_d_rs": [1305091, 1341140], "nobase_d_rs": [18446744073643680683, 18446744073643733559]}}