{"setup": "desktop-app", "parameters": {"client_neles": 1024, "server_neles": 1024, "epsilon": 1.27, "server_ip": "192.168.0.3", "port": 7777, "threads": 1, "threshold": 0, "n_fun": 3, "payload_bl": 2, "fun_type": 0, "overlap": 20, "nmegabins": 4, "poly_size": 947, "bit_len": 60}, "network": {"type": "LTE", "delay": 80, "loss": null, "rateDown": 24, "rateUp": 4}, "s_output": {"result": 0, "hashing_t": 3.59593, "oprf_t": 1654.13, "poly_t": 336.139, "poly_trans_t": 0.033323, "aby_online_t": 389.805, "aby_setup_t": 3532.7, "aby_total_t": 3922.5, "aby_baseot_t": 863.233, "total_t": 7171.4, "nobase_t": 5313.95, "poly_d_rs": [0, 30304], "oprf_d_rs": [83297, 16944], "aby_online_d_rs": [28991, 29000], "aby_setup_d_rs": [1228852, 1228843], "aby_total_d_rs": [1257843, 1257843], "aby_baseot_d_rs": [49956, 49956], "total_d_rs": [1341140, 1305091], "nobase_d_rs": [1291111, 1238235]}, "c_output": {"result": 0, "hashing_t": 9.203, "oprf_t": 1346.42, "poly_t": 31.194, "poly_trans_t": 352.026, "aby_online_t": 465.481, "aby_setup_t": 3527.71, "aby_total_t": 3993.19, "aby_baseot_t": 869.731, "total_t": 7243.46, "nobase_t": 5156.03, "poly_d_rs": [30304, 0], "oprf_d_rs": [16944, 83297], "aby_online_d_rs": [29000, 29000], "aby_setup_d_rs": [1228843, 1228843], "aby_total_d_rs": [1257843, 1257843], "aby_baseot_d_rs": [49956, 49956], "total_d_rs": [1305091, 1341140], "nobase_d_rs": [1238235, 1291111]}}