{"setup": "desktop-desktop", "parameters": {"client_neles": 1024, "server_neles": 1024, "epsilon": 1.27, "server_ip": "192.168.0.2", "port": 7777, "threads": 1, "threshold": 0, "n_fun": 3, "payload_bl": 2, "fun_type": 0, "overlap": 20, "nmegabins": 4, "poly_size": 947, "bit_len": 60}, "s_output": {"result": 0, "hashing_t": 1.2556, "oprf_t": 318.674, "poly_t": 76.449, "poly_trans_t": 0.050968, "aby_online_t": 0.93, "aby_setup_t": 24.55, "aby_total_t": 25.48, "aby_baseot_t": 358.611, "total_t": 1123.65, "nobase_t": 473.834, "poly_d_rs": [0, 30304], "oprf_d_rs": [83297, 16944], "aby_online_d_rs": [29000, 29000], "aby_setup_d_rs": [1228843, 1228843], "aby_total_d_rs": [1257843, 1257843], "aby_baseot_d_rs": [67159124, 67159124], "total_d_rs": [1341140, 1305091], "nobase_d_rs": [18446744073643733559, 18446744073643680683]}, "c_output": {"result": 0, "hashing_t": 0.617526, "oprf_t": 315.559, "poly_t": 9.04765, "poly_trans_t": 59.486, "aby_online_t": 1.034, "aby_setup_t": 24.571, "aby_total_t": 25.605, "aby_baseot_t": 358.525, "total_t": 1123.73, "nobase_t": 459.254, "poly_d_rs": [30304, 0], "oprf_d_rs": [16944, 83297], "aby_online_d_rs": [29000, 29000], "aby_setup_d_rs": [1228843, 1228843], "aby_total_d_rs": [1257843, 1257843], "aby_baseot_d_rs": [67159124, 67159124], "total_d_rs": [1305091, 1341140], "nobase_d_rs": [18446744073643680683, 18446744073643733559]}}