{"setup": "desktop-desktop", "parameters": {"client_neles": 1024, "server_neles": 1024, "epsilon": 1.27, "server_ip": "192.168.0.2", "port": 7777, "threads": 1, "threshold": 0, "n_fun": 3, "payload_bl": 2, "fun_type": 0, "overlap": 20, "nmegabins": 4, "poly_size": 947, "bit_len": 60}, "network": {"type": "LTE", "delay": 80, "loss": null, "rateDown": 24, "rateUp": 4}, "s_output": {"result": 0, "hashing_t": 1.4143, "oprf_t": 301.004, "poly_t": 92.8975, "poly_trans_t": 0.031577, "aby_online_t": 1.033, "aby_setup_t": 22.334, "aby_total_t": 23.367, "aby_baseot_t": 289.632, "total_t": 1003.08, "nobase_t": 439.642, "poly_d_rs": [0, 30304], "oprf_d_rs": [83297, 16944], "aby_online_d_rs": [29000, 28992], "aby_setup_d_rs": [1228843, 1228843], "aby_total_d_rs": [1257843, 1257835], "aby_baseot_d_rs": [67159124, 67159124], "total_d_rs": [1341140, 1305083], "nobase_d_rs": [18446744073643733559, 18446744073643680675]}, "c_output": {"result": 0, "hashing_t": 0.681535, "oprf_t": 298.198, "poly_t": 8.16912, "poly_trans_t": 75.2143, "aby_online_t": 1.134, "aby_setup_t": 22.085, "aby_total_t": 23.219, "aby_baseot_t": 289.782, "total_t": 1003.2, "nobase_t": 424.919, "poly_d_rs": [30304, 0], "oprf_d_rs": [16944, 83297], "aby_online_d_rs": [29000, 29000], "aby_setup_d_rs": [1228843, 1228843], "aby_total_d_rs": [1257843, 1257843], "aby_baseot_d_rs": [67159124, 67159124], "total_d_rs": [1305091, 1341140], "nobase_d_rs": [18446744073643680683, 18446744073643733559]}}