{"setup": "desktop-desktop", "parameters": {"client_neles": 1024, "server_neles": 1024, "epsilon": 1.27, "server_ip": "192.168.0.2", "port": 7777, "threads": 1, "threshold": 0, "n_fun": 3, "payload_bl": 2, "fun_type": 0, "overlap": 20, "nmegabins": 4, "poly_size": 947, "bit_len": 60}, "s_output": {"result": 0, "hashing_t": 1.33364, "oprf_t": 296.718, "poly_t": 70.7131, "poly_trans_t": 0.031838, "aby_online_t": 0.995, "aby_setup_t": 22.485, "aby_total_t": 23.48, "aby_baseot_t": 328.249, "total_t": 1017.35, "nobase_t": 419.604, "poly_d_rs": [0, 30304], "oprf_d_rs": [83297, 16944], "aby_online_d_rs": [29000, 29000], "aby_setup_d_rs": [1228843, 1228843], "aby_total_d_rs": [1257843, 1257843], "aby_baseot_d_rs": [67159124, 67159124], "total_d_rs": [1341140, 1305091], "nobase_d_rs": [18446744073643733559, 18446744073643680683]}, "c_output": {"result": 0, "hashing_t": 0.657847, "oprf_t": 293.68, "poly_t": 8.18631, "poly_trans_t": 53.3404, "aby_online_t": 1.158, "aby_setup_t": 22.452, "aby_total_t": 23.61, "aby_baseot_t": 328.186, "total_t": 1017.44, "nobase_t": 405.146, "poly_d_rs": [30304, 0], "oprf_d_rs": [16944, 83297], "aby_online_d_rs": [29000, 29000], "aby_setup_d_rs": [1228843, 1228843], "aby_total_d_rs": [1257843, 1257843], "aby_baseot_d_rs": [67159124, 67159115], "total_d_rs": [1305091, 1341140], "nobase_d_rs": [18446744073643680683, 18446744073643733568]}}