{"setup": "desktop-desktop", "parameters": {"client_neles": 1024, "server_neles": 16384, "epsilon": 1.27, "server_ip": "192.168.0.2", "port": 7777, "threads": 1, "threshold": 0, "n_fun": 3, "payload_bl": 2, "fun_type": 0, "overlap": 20, "nmegabins": 66, "poly_size": 974, "bit_len": 60}, "s_output": {"result": 0, "hashing_t": 23.0381, "oprf_t": 585.913, "poly_t": 1367.65, "poly_trans_t": 0.201028, "aby_online_t": 1.4, "aby_setup_t": 31.707, "aby_total_t": 33.107, "aby_baseot_t": 403.785, "total_t": 2809.74, "nobase_t": 1925.78, "poly_d_rs": [0, 514272], "oprf_d_rs": [83297, 16944], "aby_online_d_rs": [29000, 29000], "aby_setup_d_rs": [1228843, 1228843], "aby_total_d_rs": [1257843, 1257843], "aby_baseot_d_rs": [67159124, 67159124], "total_d_rs": [1341140, 1789059], "nobase_d_rs": [18446744073643733559, 18446744073644164651]}, "c_output": {"result": 0, "hashing_t": 0.753275, "oprf_t": 534.304, "poly_t": 12.0386, "poly_trans_t": 1347.66, "aby_online_t": 1.59, "aby_setup_t": 31.703, "aby_total_t": 33.293, "aby_baseot_t": 403.662, "total_t": 2809.86, "nobase_t": 1883.96, "poly_d_rs": [514272, 0], "oprf_d_rs": [16944, 83297], "aby_online_d_rs": [29000, 29000], "aby_setup_d_rs": [1228843, 1228843], "aby_total_d_rs": [1257843, 1257843], "aby_baseot_d_rs": [67159124, 67159115], "total_d_rs": [1789059, 1341140], "nobase_d_rs": [18446744073644164651, 18446744073643733568]}}