{"setup": "desktop-app", "parameters": {"client_neles": 1024, "server_neles": 1024, "epsilon": 1.27, "server_ip": "192.168.0.2", "port": 7777, "threads": 1, "threshold": 0, "n_fun": 3, "payload_bl": 2, "fun_type": 0, "overlap": 20, "nmegabins": 4, "poly_size": 947, "bit_len": 60}, "s_output": {"result": 0, "hashing_t": 1.10138, "oprf_t": 696.74, "poly_t": 89.3891, "poly_trans_t": 0.032413, "aby_online_t": 13.964, "aby_setup_t": 156.825, "aby_total_t": 170.789, "aby_baseot_t": 3346.59, "total_t": 5183.78, "nobase_t": 1538.64, "poly_d_rs": [0, 30304], "oprf_d_rs": [83297, 16944], "aby_online_d_rs": [19241, 29000], "aby_setup_d_rs": [1238602, 1228843], "aby_total_d_rs": [1257843, 1257843], "aby_baseot_d_rs": [67159124, 67159124], "total_d_rs": [1341140, 1305091], "nobase_d_rs": [18446744073643733559, 18446744073643680683]}, "c_output": {"result": 0, "hashing_t": 2.19, "oprf_t": 673.538, "poly_t": 21.633, "poly_trans_t": 72.004, "aby_online_t": 14.744, "aby_setup_t": 156.545, "aby_total_t": 171.289, "aby_baseot_t": 3351.24, "total_t": 5183.25, "nobase_t": 1176.5, "poly_d_rs": [30304, 0], "oprf_d_rs": [16944, 83297], "aby_online_d_rs": [29000, 29000], "aby_setup_d_rs": [1228843, 1228843], "aby_total_d_rs": [1257843, 1257843], "aby_baseot_d_rs": [67159124, 67159116], "total_d_rs": [1305091, 1341140], "nobase_d_rs": [18446744073643680683, 18446744073643733567]}}