{"setup": "desktop-app", "parameters": {"client_neles": 1024, "server_neles": 1024, "epsilon": 1.27, "server_ip": "192.168.0.2", "port": 7777, "threads": 1, "threshold": 0, "n_fun": 3, "payload_bl": 2, "fun_type": 0, "overlap": 20, "nmegabins": 4, "poly_size": 947, "bit_len": 60}, "s_output": {"result": 0, "hashing_t": 1.12096, "oprf_t": 1177.28, "poly_t": 148.784, "poly_trans_t": 0.029033, "aby_online_t": 222.435, "aby_setup_t": 3336.88, "aby_total_t": 3559.31, "aby_baseot_t": 625.95, "total_t": 5735.53, "nobase_t": 4594.02, "poly_d_rs": [0, 30304], "oprf_d_rs": [83297, 16944], "aby_online_d_rs": [28999, 29000], "aby_setup_d_rs": [1228844, 1228843], "aby_total_d_rs": [1257843, 1257843], "aby_baseot_d_rs": [49956, 49956], "total_d_rs": [1341140, 1305091], "nobase_d_rs": [1291111, 1238235]}, "c_output": {"result": 0, "hashing_t": 2.578, "oprf_t": 956.703, "poly_t": 23.585, "poly_trans_t": 154.36, "aby_online_t": 248.046, "aby_setup_t": 3337.05, "aby_total_t": 3585.1, "aby_baseot_t": 626.232, "total_t": 5751.75, "nobase_t": 4254.33, "poly_d_rs": [30304, 0], "oprf_d_rs": [16944, 83297], "aby_online_d_rs": [29000, 29000], "aby_setup_d_rs": [1228843, 1228843], "aby_total_d_rs": [1257843, 1257843], "aby_baseot_d_rs": [49956, 49956], "total_d_rs": [1305091, 1341140], "nobase_d_rs": [1238235, 1291111]}}