{"setup": "desktop-desktop", "parameters": {"client_neles": 1024, "server_neles": 1024, "epsilon": 1.27, "server_ip": "192.168.0.2", "port": 7777, "threads": 1, "threshold": 0, "n_fun": 3, "payload_bl": 2, "fun_type": 0, "overlap": 20, "nmegabins": 4, "poly_size": 947, "bit_len": 60}, "s_output": {"result": 0, "hashing_t": 1.32953, "oprf_t": 300.548, "poly_t": 70.5831, "poly_trans_t": 0.032354, "aby_online_t": 1.076, "aby_setup_t": 22.288, "aby_total_t": 23.364, "aby_baseot_t": 277.09, "total_t": 971.142, "nobase_t": 420.635, "poly_d_rs": [0, 30304], "oprf_d_rs": [83297, 16944], "aby_online_d_rs": [29000, 29000], "aby_setup_d_rs": [1228843, 1228843], "aby_total_d_rs": [1257843, 1257843], "aby_baseot_d_rs": [67159124, 67159124], "total_d_rs": [1341140, 1305091], "nobase_d_rs": [18446744073643733559, 18446744073643680683]}, "c_output": {"result": 0, "hashing_t": 0.644538, "oprf_t": 297.572, "poly_t": 7.57204, "poly_trans_t": 53.1649, "aby_online_t": 1.139, "aby_setup_t": 22.337, "aby_total_t": 23.476, "aby_baseot_t": 276.979, "total_t": 971.22, "nobase_t": 406.491, "poly_d_rs": [30304, 0], "oprf_d_rs": [16944, 83297], "aby_online_d_rs": [29000, 29000], "aby_setup_d_rs": [1228843, 1228843], "aby_total_d_rs": [1257843, 1257843], "aby_baseot_d_rs": [67159124, 67159115], "total_d_rs": [1305091, 1341140], "nobase_d_rs": [18446744073643680683, 18446744073643733568]}}