{"setup": "desktop-desktop", "parameters": {"client_neles": 1024, "server_neles": 1024, "epsilon": 1.27, "server_ip": "192.168.0.2", "port": 7777, "threads": 1, "threshold": 0, "n_fun": 3, "payload_bl": 2, "fun_type": 0, "overlap": 20, "nmegabins": 4, "poly_size": 947, "bit_len": 60}, "s_output": {"result": 0, "hashing_t": 1.28765, "oprf_t": 332.148, "poly_t": 78.7662, "poly_trans_t": 0.050801, "aby_online_t": 1.015, "aby_setup_t": 25.152, "aby_total_t": 26.167, "aby_baseot_t": 405.869, "total_t": 1190.6, "nobase_t": 482.304, "poly_d_rs": [0, 30304], "oprf_d_rs": [83297, 16944], "aby_online_d_rs": [29000, 29000], "aby_setup_d_rs": [1228843, 1228843], "aby_total_d_rs": [1257843, 1257843], "aby_baseot_d_rs": [67159124, 67159124], "total_d_rs": [1341140, 1305091], "nobase_d_rs": [18446744073643733559, 18446744073643680683]}, "c_output": {"result": 0, "hashing_t": 0.648329, "oprf_t": 329.023, "poly_t": 9.32016, "poly_trans_t": 61.7948, "aby_online_t": 1.089, "aby_setup_t": 25.236, "aby_total_t": 26.325, "aby_baseot_t": 405.745, "total_t": 1190.69, "nobase_t": 466.275, "poly_d_rs": [30304, 0], "oprf_d_rs": [16944, 83297], "aby_online_d_rs": [29000, 29000], "aby_setup_d_rs": [1228843, 1228843], "aby_total_d_rs": [1257843, 1257843], "aby_baseot_d_rs": [67159124, 67159115], "total_d_rs": [1305091, 1341140], "nobase_d_rs": [18446744073643680683, 18446744073643733568]}}