{"setup": "desktop-desktop", "parameters": {"client_neles": 4096, "server_neles": 262144, "epsilon": 1.27, "server_ip": "192.168.0.2", "port": 7777, "threads": 1, "threshold": 0, "n_fun": 3, "payload_bl": 2, "fun_type": 0, "overlap": 20, "nmegabins": 996, "poly_size": 1024, "bit_len": 53}, "s_output": {"result": 0, "hashing_t": 352.595, "oprf_t": 1313.58, "poly_t": 15742.9, "poly_trans_t": 2.01475, "aby_online_t": 1.803, "aby_setup_t": 79.591, "aby_total_t": 81.394, "aby_baseot_t": 199.935, "total_t": 17774.8, "nobase_t": 17211.7, "poly_d_rs": [0, 8159232], "oprf_d_rs": [332961, 16944], "aby_online_d_rs": [102149, 102149], "aby_setup_d_rs": [4329565, 4329565], "aby_total_d_rs": [4431714, 4431714], "aby_baseot_d_rs": [49956, 49956], "total_d_rs": [4764675, 12607890], "nobase_d_rs": [4714646, 12541034]}, "c_output": {"result": 0, "hashing_t": 2.80474, "oprf_t": 764.765, "poly_t": 36.8796, "poly_trans_t": 15699.4, "aby_online_t": 1.956, "aby_setup_t": 79.624, "aby_total_t": 81.58, "aby_baseot_t": 199.787, "total_t": 17774.8, "nobase_t": 16834.2, "poly_d_rs": [8159232, 0], "oprf_d_rs": [16944, 332961], "aby_online_d_rs": [102149, 102149], "aby_setup_d_rs": [4329565, 4329565], "aby_total_d_rs": [4431714, 4431714], "aby_baseot_d_rs": [49956, 49947], "total_d_rs": [12607890, 4764675], "nobase_d_rs": [12541034, 4714655]}}