{"setup": "desktop-app", "parameters": {"client_neles": 1024, "server_neles": 1024, "epsilon": 1.27, "server_ip": "192.168.0.2", "port": 7777, "threads": 1, "threshold": 0, "n_fun": 3, "payload_bl": 2, "fun_type": 0, "overlap": 20, "nmegabins": 4, "poly_size": 947, "bit_len": 60}, "network": {"type": "LTE", "delay": 70, "loss": null, "rateDown": null, "rateUp": null}, "s_output": {"rtt": 79.2444, "throughput": 12.6062, "result": 0, "hashing_t": 1.94749, "oprf_t": 1353.78, "poly_t": 175.618, "poly_trans_t": 0.032148, "aby_online_t": 310.543, "aby_setup_t": 591.211, "aby_total_t": 901.754, "aby_baseot_t": 11974.1, "total_t": 15584.5, "nobase_t": 2937.51, "poly_d_rs": [0, 30304], "oprf_d_rs": [83297, 16944], "aby_online_d_rs": [28991, 29000], "aby_setup_d_rs": [1228852, 1228843], "aby_total_d_rs": [1257843, 1257843], "aby_baseot_d_rs": [67159124, 67159124], "total_d_rs": [1341140, 1305091], "nobase_d_rs": [18446744073643733559, 18446744073643680683]}, "c_output": {"result": 0, "hashing_t": 2.64, "oprf_t": 1192.39, "poly_t": 34.801, "poly_trans_t": 230.977, "aby_online_t": 320.35, "aby_setup_t": 590.924, "aby_total_t": 911.274, "aby_baseot_t": 11977.8, "total_t": 15589.8, "nobase_t": 2535.17, "poly_d_rs": [30304, 0], "oprf_d_rs": [16944, 83297], "aby_online_d_rs": [29000, 29000], "aby_setup_d_rs": [1228843, 1228843], "aby_total_d_rs": [1257843, 1257843], "aby_baseot_d_rs": [67159124, 67159124], "total_d_rs": [1305091, 1341140], "nobase_d_rs": [18446744073643680683, 18446744073643733559]}}