{"setup": "desktop-app", "parameters": {"client_neles": 1024, "server_neles": 1024, "epsilon": 1.27, "server_ip": "192.168.0.2", "port": 7777, "threads": 1, "threshold": 0, "n_fun": 3, "payload_bl": 2, "fun_type": 0, "overlap": 20, "nmegabins": 4, "poly_size": 947, "bit_len": 60}, "network": {"type": "LTE", "delay": 70, "loss": null, "rateDown": null, "rateUp": null}, "s_output": {"rtt": 78.8961, "throughput": 12.7933, "result": 0, "hashing_t": 0.950126, "oprf_t": 1273.33, "poly_t": 145.872, "poly_trans_t": 0.03889, "aby_online_t": 328.436, "aby_setup_t": 592.492, "aby_total_t": 920.928, "aby_baseot_t": 11827.2, "total_t": 15331.7, "nobase_t": 2907.43, "poly_d_rs": [0, 30304], "oprf_d_rs": [83297, 16944], "aby_online_d_rs": [28991, 29000], "aby_setup_d_rs": [1228852, 1228843], "aby_total_d_rs": [1257843, 1257843], "aby_baseot_d_rs": [67159124, 67159124], "total_d_rs": [1341140, 1305091], "nobase_d_rs": [18446744073643733559, 18446744073643680683]}, "c_output": {"result": 0, "hashing_t": 2.614, "oprf_t": 1116.93, "poly_t": 28.745, "poly_trans_t": 200.626, "aby_online_t": 324.738, "aby_setup_t": 590.657, "aby_total_t": 915.395, "aby_baseot_t": 11835.7, "total_t": 15325.0, "nobase_t": 2489.66, "poly_d_rs": [30304, 0], "oprf_d_rs": [16944, 83297], "aby_online_d_rs": [29000, 29000], "aby_setup_d_rs": [1228843, 1228843], "aby_total_d_rs": [1257843, 1257843], "aby_baseot_d_rs": [67159124, 67159124], "total_d_rs": [1305091, 1341140], "nobase_d_rs": [18446744073643680683, 18446744073643733559]}}