{"setup": "desktop-app", "parameters": {"client_neles": 1024, "server_neles": 1024, "epsilon": 1.27, "server_ip": "192.168.0.2", "port": 7777, "threads": 1, "threshold": 0, "n_fun": 3, "payload_bl": 2, "fun_type": 0, "overlap": 20, "nmegabins": 4, "poly_size": 947, "bit_len": 60}, "network": {"type": "LTE", "delay": 70, "loss": 4, "rateDown": 24, "rateUp": 4}, "s_output": {"result": 0, "hashing_t": 4.05622, "oprf_t": 1510.83, "poly_t": 240.184, "poly_trans_t": 0.024461, "aby_online_t": 546.287, "aby_setup_t": 8793.71, "aby_total_t": 9340.0, "aby_baseot_t": 723.978, "total_t": 12179.3, "nobase_t": 10753.7, "poly_d_rs": [0, 30304], "oprf_d_rs": [83297, 16944], "aby_online_d_rs": [28991, 29000], "aby_setup_d_rs": [1228852, 1228843], "aby_total_d_rs": [1257843, 1257843], "aby_baseot_d_rs": [49956, 49956], "total_d_rs": [1341140, 1305091], "nobase_d_rs": [1291111, 1238235]}, "c_output": {"result": 0, "hashing_t": 2.637, "oprf_t": 1220.58, "poly_t": 29.978, "poly_trans_t": 239.122, "aby_online_t": 548.61, "aby_setup_t": 8792.79, "aby_total_t": 9341.4, "aby_baseot_t": 722.93, "total_t": 12176.5, "nobase_t": 10344.9, "poly_d_rs": [30304, 0], "oprf_d_rs": [16944, 83297], "aby_online_d_rs": [29000, 28991], "aby_setup_d_rs": [1228843, 1228843], "aby_total_d_rs": [1257843, 1257834], "aby_baseot_d_rs": [49956, 49956], "total_d_rs": [1305091, 1341131], "nobase_d_rs": [1238235, 1291102]}}