{"setup": "desktop-app", "repeat": 1, "parameters": {"client_neles": 1024, "server_neles": 1024, "epsilon": 1.27, "server_ip": "192.168.0.2", "port": 7777, "threads": 1, "threshold": 0, "n_fun": 3, "payload_bl": 2, "fun_type": 0, "overlap": 25, "nmegabins": 4, "poly_size": 947, "bit_len": 60}, "network": {"type": "LTE", "delay": 39, "loss": null, "rateDown": 24, "rateUp": 4}, "s_output": {"rtt": 49.69, "throughput": 0.765766, "result": 0, "hashing_t": 1.08465, "oprf_t": 1129.78, "poly_t": 178.571, "poly_trans_t": 0.024743, "aby_online_t": 235.691, "aby_setup_t": 3175.31, "aby_total_t": 3411.0, "aby_baseot_t": 168616.0, "total_t": 174384.0, "nobase_t": 5239.17, "poly_d_rs": [0, 30304], "oprf_d_rs": [83297, 16944], "aby_online_d_rs": [29000, 29000], "aby_setup_d_rs": [1228843, 1228843], "aby_total_d_rs": [1257843, 1257843], "aby_baseot_d_rs": [67159124, 67159124], "total_d_rs": [1341140, 1305091], "nobase_d_rs": [18446744073643733559, 18446744073643680683]}, "c_output": {"result": 0, "hashing_t": 2.621, "oprf_t": 928.24, "poly_t": 22.227, "poly_trans_t": 176.896, "aby_online_t": 253.701, "aby_setup_t": 3197.65, "aby_total_t": 3451.35, "aby_baseot_t": 168601.0, "total_t": 174407.0, "nobase_t": 4956.51, "poly_d_rs": [30304, 0], "oprf_d_rs": [16944, 83297], "aby_online_d_rs": [29000, 29000], "aby_setup_d_rs": [1228843, 1228843], "aby_total_d_rs": [1257843, 1257843], "aby_baseot_d_rs": [67159124, 67159124], "total_d_rs": [1305091, 1341140], "nobase_d_rs": [18446744073643680683, 18446744073643733559]}, "batch": "NetworkDebugging_NewRTTs_LTE"}