{"setup": "desktop-app", "repeat": 0, "parameters": {"client_neles": 1024, "server_neles": 1024, "epsilon": 1.27, "server_ip": "192.168.0.2", "port": 7777, "threads": 1, "threshold": 0, "n_fun": 3, "payload_bl": 2, "fun_type": 0, "overlap": 25, "nmegabins": 4, "poly_size": 947, "bit_len": 60}, "network": {"type": "LTE", "delay": 39, "loss": null, "rateDown": 24, "rateUp": 4}, "s_output": {"rtt": 50.098, "throughput": 0.765897, "result": 0, "hashing_t": 63.3271, "oprf_t": 1245.06, "poly_t": 187.031, "poly_trans_t": 0.030954, "aby_online_t": 220.69, "aby_setup_t": 3170.35, "aby_total_t": 3391.04, "aby_baseot_t": 168576.0, "total_t": 174538.0, "nobase_t": 5463.58, "poly_d_rs": [0, 30304], "oprf_d_rs": [83297, 16944], "aby_online_d_rs": [29000, 29000], "aby_setup_d_rs": [1228843, 1228843], "aby_total_d_rs": [1257843, 1257843], "aby_baseot_d_rs": [67159124, 67159124], "total_d_rs": [1341140, 1305091], "nobase_d_rs": [18446744073643733559, 18446744073643680683]}, "c_output": {"result": 0, "hashing_t": 1.395, "oprf_t": 1057.57, "poly_t": 32.655, "poly_trans_t": 186.767, "aby_online_t": 266.052, "aby_setup_t": 3182.58, "aby_total_t": 3448.63, "aby_baseot_t": 168572.0, "total_t": 174579.0, "nobase_t": 5014.15, "poly_d_rs": [30304, 0], "oprf_d_rs": [16944, 83297], "aby_online_d_rs": [29009, 29000], "aby_setup_d_rs": [1228843, 1228843], "aby_total_d_rs": [1257852, 1257843], "aby_baseot_d_rs": [67159124, 67159124], "total_d_rs": [1305100, 1341140], "nobase_d_rs": [18446744073643680692, 18446744073643733559]}, "batch": "NetworkDebugging_NewRTTs_LTE"}