{"setup": "desktop-app", "repeat": 4, "parameters": {"client_neles": 1024, "server_neles": 1024, "epsilon": 1.27, "server_ip": "192.168.0.2", "port": 7777, "threads": 1, "threshold": 0, "n_fun": 3, "payload_bl": 2, "fun_type": 0, "overlap": 25, "nmegabins": 4, "poly_size": 947, "bit_len": 60}, "network": {"type": "LTE", "delay": 39, "loss": null, "rateDown": 24, "rateUp": 4}, "s_output": {"rtt": 49.8023, "throughput": 0.765495, "result": 0, "hashing_t": 0.943461, "oprf_t": 1128.27, "poly_t": 152.391, "poly_trans_t": 0.038797, "aby_online_t": 221.317, "aby_setup_t": 3193.24, "aby_total_t": 3414.55, "aby_baseot_t": 168659.0, "total_t": 174418.0, "nobase_t": 5291.9, "poly_d_rs": [0, 30304], "oprf_d_rs": [83297, 16944], "aby_online_d_rs": [28999, 29000], "aby_setup_d_rs": [1228844, 1228843], "aby_total_d_rs": [1257843, 1257843], "aby_baseot_d_rs": [67159124, 67159124], "total_d_rs": [1341140, 1305091], "nobase_d_rs": [18446744073643733559, 18446744073643680683]}, "c_output": {"result": 0, "hashing_t": 2.648, "oprf_t": 898.773, "poly_t": 28.535, "poly_trans_t": 153.004, "aby_online_t": 261.491, "aby_setup_t": 3199.41, "aby_total_t": 3460.9, "aby_baseot_t": 168657.0, "total_t": 174450.0, "nobase_t": 4971.39, "poly_d_rs": [30304, 0], "oprf_d_rs": [16944, 83297], "aby_online_d_rs": [29000, 29000], "aby_setup_d_rs": [1228843, 1228843], "aby_total_d_rs": [1257843, 1257843], "aby_baseot_d_rs": [67159124, 67159124], "total_d_rs": [1305091, 1341140], "nobase_d_rs": [18446744073643680683, 18446744073643733559]}, "batch": "NetworkDebugging_NewRTTs_LTE"}