{"setup": "desktop-app", "repeat": 2, "parameters": {"client_neles": 1024, "server_neles": 1024, "epsilon": 1.27, "server_ip": "192.168.0.2", "port": 7777, "threads": 1, "threshold": 0, "n_fun": 3, "payload_bl": 2, "fun_type": 0, "overlap": 25, "nmegabins": 4, "poly_size": 947, "bit_len": 60}, "network": {"type": "LTE", "delay": 39, "loss": null, "rateDown": 24, "rateUp": 4}, "s_output": {"rtt": 50.0857, "throughput": 0.766538, "result": 0, "hashing_t": 1.51797, "oprf_t": 1105.1, "poly_t": 141.612, "poly_trans_t": 0.035236, "aby_online_t": 229.146, "aby_setup_t": 3194.47, "aby_total_t": 3423.62, "aby_baseot_t": 168457.0, "total_t": 174190.0, "nobase_t": 5298.76, "poly_d_rs": [0, 30304], "oprf_d_rs": [83297, 16944], "aby_online_d_rs": [28999, 29000], "aby_setup_d_rs": [1228844, 1228843], "aby_total_d_rs": [1257843, 1257843], "aby_baseot_d_rs": [67159124, 67159124], "total_d_rs": [1341140, 1305091], "nobase_d_rs": [18446744073643733559, 18446744073643680683]}, "c_output": {"result": 0, "hashing_t": 4.839, "oprf_t": 859.822, "poly_t": 29.644, "poly_trans_t": 142.516, "aby_online_t": 258.284, "aby_setup_t": 3211.13, "aby_total_t": 3469.41, "aby_baseot_t": 168444.0, "total_t": 174214.0, "nobase_t": 4983.03, "poly_d_rs": [30304, 0], "oprf_d_rs": [16944, 83297], "aby_online_d_rs": [29000, 29000], "aby_setup_d_rs": [1228843, 1228843], "aby_total_d_rs": [1257843, 1257843], "aby_baseot_d_rs": [67159124, 67159124], "total_d_rs": [1305091, 1341140], "nobase_d_rs": [18446744073643680683, 18446744073643733559]}, "batch": "NetworkDebugging_NewRTTs_LTE"}