{"setup": "desktop-app", "repeat": 3, "parameters": {"client_neles": 1024, "server_neles": 1024, "epsilon": 1.27, "server_ip": "192.168.0.2", "port": 7777, "threads": 1, "threshold": 0, "n_fun": 3, "payload_bl": 2, "fun_type": 0, "overlap": 25, "nmegabins": 4, "poly_size": 947, "bit_len": 60}, "network": {"type": "LTE", "delay": 39, "loss": null, "rateDown": 24, "rateUp": 4}, "s_output": {"rtt": 51.7529, "throughput": 0.766716, "result": 0, "hashing_t": 3.28953, "oprf_t": 1186.39, "poly_t": 149.447, "poly_trans_t": 0.024252, "aby_online_t": 237.789, "aby_setup_t": 3196.16, "aby_total_t": 3433.95, "aby_baseot_t": 168427.0, "total_t": 174261.0, "nobase_t": 5299.52, "poly_d_rs": [0, 30304], "oprf_d_rs": [83297, 16944], "aby_online_d_rs": [28991, 29000], "aby_setup_d_rs": [1228852, 1228843], "aby_total_d_rs": [1257843, 1257843], "aby_baseot_d_rs": [67159124, 67159124], "total_d_rs": [1341140, 1305091], "nobase_d_rs": [18446744073643733559, 18446744073643680683]}, "c_output": {"result": 0, "hashing_t": 2.662, "oprf_t": 988.915, "poly_t": 29.493, "poly_trans_t": 153.917, "aby_online_t": 270.89, "aby_setup_t": 3201.01, "aby_total_t": 3471.9, "aby_baseot_t": 168424.0, "total_t": 174291.0, "nobase_t": 4955.76, "poly_d_rs": [30304, 0], "oprf_d_rs": [16944, 83297], "aby_online_d_rs": [29000, 29000], "aby_setup_d_rs": [1228843, 1228843], "aby_total_d_rs": [1257843, 1257843], "aby_baseot_d_rs": [67159124, 67159124], "total_d_rs": [1305091, 1341140], "nobase_d_rs": [18446744073643680683, 18446744073643733559]}, "batch": "NetworkDebugging_NewRTTs_LTE"}