{"setup": "desktop-app", "repeat": 2, "parameters": {"client_neles": 4096, "server_neles": 4096, "bit_len": 53, "epsilon": 1.27, "server_ip": "192.168.0.2", "port": 7777, "threads": 1, "threshold": 0, "nmegabins": 16, "poly_size": 975, "n_fun": 3, "payload_bl": 2, "fun_type": 2, "overlap": 25}, "s_output": {"result": 1024, "hashing_t": 3.71493, "oprf_t": 811.01, "poly_t": 274.148, "poly_trans_t": 6.42281, "aby_online_t": 59.043, "aby_setup_t": 287.859, "aby_total_t": 346.902, "total_t": 2051.17, "nobase_t": 1249.84, "poly_d_rs": [0, 124800], "oprf_d_rs": [332961, 16944], "aby_online_d_rs": [119183, 119192], "aby_setup_d_rs": [5079142, 5079133], "aby_total_d_rs": [5198325, 5198325], "total_d_rs": [5531286, 5340069], "nobase_d_rs": [5481257, 5273213]}, "c_output": {"result": 1024, "hashing_t": 10.801, "oprf_t": 766.473, "poly_t": 67.521, "poly_trans_t": 253.429, "aby_online_t": 63.036, "aby_setup_t": 284.197, "aby_total_t": 347.233, "total_t": 2050.56, "nobase_t": 817.367, "poly_d_rs": [124800, 0], "oprf_d_rs": [16944, 332961], "aby_online_d_rs": [119192, 119192], "aby_setup_d_rs": [5079133, 5079133], "aby_total_d_rs": [5198325, 5198325], "total_d_rs": [5340069, 5531286], "nobase_d_rs": [5273213, 5481265]}, "batch": "PsiTypesDA_2"}