{"setup": "desktop-app", "repeat": 1, "parameters": {"client_neles": 4096, "server_neles": 4096, "bit_len": 53, "epsilon": 1.27, "server_ip": "192.168.0.2", "port": 7777, "threads": 1, "threshold": 0, "nmegabins": 16, "poly_size": 975, "n_fun": 3, "payload_bl": 2, "fun_type": 4, "overlap": 25}, "s_output": {"result": 1563, "hashing_t": 7.45658, "oprf_t": 813.922, "poly_t": 268.983, "poly_trans_t": 4.78589, "aby_online_t": 39.727, "aby_setup_t": 340.719, "aby_total_t": 380.446, "total_t": 2102.6, "nobase_t": 1292.77, "poly_d_rs": [0, 124800], "oprf_d_rs": [332961, 16944], "aby_online_d_rs": [82021, 286810], "aby_setup_d_rs": [5369990, 5161062], "aby_total_d_rs": [5452011, 5447872], "total_d_rs": [5784972, 5589616], "nobase_d_rs": [5734943, 5522760]}, "c_output": {"result": 1563, "hashing_t": 4.782, "oprf_t": 784.657, "poly_t": 72.222, "poly_trans_t": 250.873, "aby_online_t": 43.492, "aby_setup_t": 338.13, "aby_total_t": 381.622, "total_t": 2102.91, "nobase_t": 834.045, "poly_d_rs": [124800, 0], "oprf_d_rs": [16944, 332961], "aby_online_d_rs": [286819, 122988], "aby_setup_d_rs": [5161062, 5329023], "aby_total_d_rs": [5447881, 5452011], "total_d_rs": [5589625, 5784972], "nobase_d_rs": [5522769, 5734943]}, "batch": "PsiTypesDA_2"}