{"setup": "desktop-app", "repeat": 3, "parameters": {"client_neles": 4096, "server_neles": 4096, "bit_len": 53, "epsilon": 1.27, "server_ip": "192.168.0.2", "port": 7777, "threads": 1, "threshold": 0, "nmegabins": 16, "poly_size": 975, "n_fun": 3, "payload_bl": 2, "fun_type": 9, "overlap": 25}, "s_output": {"result": 2369, "hashing_t": 4.80189, "oprf_t": 950.532, "poly_t": 536.178, "poly_trans_t": 5.14054, "aby_online_t": 582.559, "aby_setup_t": 6472.14, "aby_total_t": 7054.7, "total_t": 9983.72, "nobase_t": 9062.78, "poly_d_rs": [0, 249600], "oprf_d_rs": [332961, 16944], "aby_online_d_rs": [3366798, 6010653], "aby_setup_d_rs": [211630643, 208970210], "aby_total_d_rs": [214997441, 214980863], "total_d_rs": [215330402, 215247407], "nobase_d_rs": [215280373, 215180551]}, "c_output": {"result": 2369, "hashing_t": 6.137, "oprf_t": 848.325, "poly_t": 144.396, "poly_trans_t": 594.305, "aby_online_t": 581.85, "aby_setup_t": 6479.93, "aby_total_t": 7061.78, "total_t": 9987.09, "nobase_t": 8718.76, "poly_d_rs": [249600, 0], "oprf_d_rs": [16944, 332961], "aby_online_d_rs": [6010653, 3366798], "aby_setup_d_rs": [208970219, 211630643], "aby_total_d_rs": [214980872, 214997441], "total_d_rs": [215247416, 215330402], "nobase_d_rs": [215180560, 215280381]}, "batch": "PsiTypesDA_2"}