{"setup": "desktop-app", "repeat": 0, "parameters": {"client_neles": 4096, "server_neles": 4096, "bit_len": 53, "epsilon": 1.27, "server_ip": "192.168.0.2", "port": 7777, "threads": 1, "threshold": 0, "nmegabins": 16, "poly_size": 975, "n_fun": 3, "payload_bl": 2, "fun_type": 7, "overlap": 25}, "s_output": {"result": 3094, "hashing_t": 4.85756, "oprf_t": 883.316, "poly_t": 541.105, "poly_trans_t": 5.03744, "aby_online_t": 342.708, "aby_setup_t": 699.272, "aby_total_t": 1041.98, "total_t": 3869.94, "nobase_t": 2984.42, "poly_d_rs": [0, 249600], "oprf_d_rs": [332961, 16944], "aby_online_d_rs": [363562, 5566967], "aby_setup_d_rs": [20726096, 15487206], "aby_total_d_rs": [21089658, 21054173], "total_d_rs": [21422619, 21320717], "nobase_d_rs": [21372590, 21253861]}, "c_output": {"result": 3094, "hashing_t": 10.457, "oprf_t": 804.53, "poly_t": 136.778, "poly_trans_t": 570.286, "aby_online_t": 342.356, "aby_setup_t": 703.996, "aby_total_t": 1046.35, "total_t": 3871.73, "nobase_t": 2633.5, "poly_d_rs": [249600, 0], "oprf_d_rs": [16944, 332961], "aby_online_d_rs": [5566976, 363562], "aby_setup_d_rs": [15487206, 20726096], "aby_total_d_rs": [21054182, 21089658], "total_d_rs": [21320726, 21422619], "nobase_d_rs": [21253870, 21372590]}, "batch": "PsiTypesDA_2"}