{"setup": "desktop-app", "repeat": 3, "parameters": {"client_neles": 4096, "server_neles": 4096, "bit_len": 53, "epsilon": 1.27, "server_ip": "192.168.0.2", "port": 7777, "threads": 1, "threshold": 0, "nmegabins": 16, "poly_size": 975, "n_fun": 3, "payload_bl": 2, "fun_type": 4, "overlap": 25}, "s_output": {"result": 1563, "hashing_t": 6.65876, "oprf_t": 809.002, "poly_t": 280.8, "poly_trans_t": 4.90235, "aby_online_t": 47.343, "aby_setup_t": 340.28, "aby_total_t": 387.623, "total_t": 2098.43, "nobase_t": 1274.18, "poly_d_rs": [0, 124800], "oprf_d_rs": [332961, 16944], "aby_online_d_rs": [122987, 286810], "aby_setup_d_rs": [5329024, 5161062], "aby_total_d_rs": [5452011, 5447872], "total_d_rs": [5784972, 5589616], "nobase_d_rs": [5734943, 5522760]}, "c_output": {"result": 1563, "hashing_t": 5.59, "oprf_t": 754.49, "poly_t": 68.551, "poly_trans_t": 260.682, "aby_online_t": 50.417, "aby_setup_t": 338.779, "aby_total_t": 389.196, "total_t": 2099.53, "nobase_t": 874.575, "poly_d_rs": [124800, 0], "oprf_d_rs": [16944, 332961], "aby_online_d_rs": [286819, 122988], "aby_setup_d_rs": [5161062, 5329023], "aby_total_d_rs": [5447881, 5452011], "total_d_rs": [5589625, 5784972], "nobase_d_rs": [5522769, 5734943]}, "batch": "PsiTypesDA_2"}