{"setup": "desktop-app", "repeat": 1, "parameters": {"client_neles": 4096, "server_neles": 4096, "bit_len": 53, "epsilon": 1.27, "server_ip": "192.168.0.2", "port": 7777, "threads": 1, "threshold": 0, "nmegabins": 16, "poly_size": 975, "n_fun": 3, "payload_bl": 2, "fun_type": 9, "overlap": 25}, "s_output": {"result": 2369, "hashing_t": 9.40357, "oprf_t": 935.428, "poly_t": 555.344, "poly_trans_t": 5.94371, "aby_online_t": 603.248, "aby_setup_t": 6553.7, "aby_total_t": 7156.94, "total_t": 10059.2, "nobase_t": 9132.63, "poly_d_rs": [0, 249600], "oprf_d_rs": [332961, 16944], "aby_online_d_rs": [3366798, 6010653], "aby_setup_d_rs": [211630643, 208970210], "aby_total_d_rs": [214997441, 214980863], "total_d_rs": [215330402, 215247407], "nobase_d_rs": [215280373, 215180551]}, "c_output": {"result": 2369, "hashing_t": 7.551, "oprf_t": 847.613, "poly_t": 146.598, "poly_trans_t": 593.601, "aby_online_t": 602.638, "aby_setup_t": 6555.85, "aby_total_t": 7158.49, "total_t": 10061.1, "nobase_t": 8792.28, "poly_d_rs": [249600, 0], "oprf_d_rs": [16944, 332961], "aby_online_d_rs": [6010662, 3366798], "aby_setup_d_rs": [208970210, 211630643], "aby_total_d_rs": [214980872, 214997441], "total_d_rs": [215247416, 215330402], "nobase_d_rs": [215180560, 215280381]}, "batch": "PsiTypesDA_2"}