{"setup": "desktop-app", "repeat": 0, "parameters": {"client_neles": 4096, "server_neles": 4096, "bit_len": 53, "epsilon": 1.27, "server_ip": "192.168.0.2", "port": 7777, "threads": 1, "threshold": 0, "nmegabins": 16, "poly_size": 975, "n_fun": 3, "payload_bl": 2, "fun_type": 8, "overlap": 25}, "s_output": {"result": 2369, "hashing_t": 9.14971, "oprf_t": 882.79, "poly_t": 544.438, "poly_trans_t": 5.73463, "aby_online_t": 613.559, "aby_setup_t": 6194.58, "aby_total_t": 6808.14, "total_t": 9645.73, "nobase_t": 8787.17, "poly_d_rs": [0, 249600], "oprf_d_rs": [332961, 16944], "aby_online_d_rs": [3366781, 6007580], "aby_setup_d_rs": [211628561, 208964063], "aby_total_d_rs": [214995342, 214971643], "total_d_rs": [215328303, 215238187], "nobase_d_rs": [215278274, 215171331]}, "c_output": {"result": 2369, "hashing_t": 4.714, "oprf_t": 788.167, "poly_t": 136.901, "poly_trans_t": 586.941, "aby_online_t": 609.314, "aby_setup_t": 6200.69, "aby_total_t": 6810.01, "total_t": 9647.68, "nobase_t": 8438.7, "poly_d_rs": [249600, 0], "oprf_d_rs": [16944, 332961], "aby_online_d_rs": [6007580, 3366781], "aby_setup_d_rs": [208964072, 211628561], "aby_total_d_rs": [214971652, 214995342], "total_d_rs": [215238196, 215328303], "nobase_d_rs": [215171340, 215278274]}, "batch": "PsiTypesDA_2"}