{"setup": "desktop-app", "repeat": 2, "parameters": {"client_neles": 4096, "server_neles": 4096, "bit_len": 53, "epsilon": 1.27, "server_ip": "192.168.0.2", "port": 7777, "threads": 1, "threshold": 0, "nmegabins": 16, "poly_size": 975, "n_fun": 3, "payload_bl": 2, "fun_type": 7, "overlap": 25}, "s_output": {"result": 3094, "hashing_t": 8.65599, "oprf_t": 936.156, "poly_t": 550.378, "poly_trans_t": 5.65743, "aby_online_t": 357.826, "aby_setup_t": 718.886, "aby_total_t": 1076.71, "total_t": 3999.82, "nobase_t": 3106.1, "poly_d_rs": [0, 249600], "oprf_d_rs": [332961, 16944], "aby_online_d_rs": [363562, 5566967], "aby_setup_d_rs": [20726096, 15487206], "aby_total_d_rs": [21089658, 21054174], "total_d_rs": [21422619, 21320718], "nobase_d_rs": [21372590, 21253862]}, "c_output": {"result": 3094, "hashing_t": 10.778, "oprf_t": 825.453, "poly_t": 144.453, "poly_trans_t": 619.991, "aby_online_t": 356.518, "aby_setup_t": 720.91, "aby_total_t": 1077.43, "total_t": 4001.19, "nobase_t": 2750.34, "poly_d_rs": [249600, 0], "oprf_d_rs": [16944, 332961], "aby_online_d_rs": [5566976, 363562], "aby_setup_d_rs": [15487206, 20726096], "aby_total_d_rs": [21054182, 21089658], "total_d_rs": [21320726, 21422619], "nobase_d_rs": [21253870, 21372598]}, "batch": "PsiTypesDA_2"}