{"setup": "desktop-app", "repeat": 4, "parameters": {"client_neles": 4096, "server_neles": 4096, "bit_len": 53, "epsilon": 1.27, "server_ip": "192.168.0.2", "port": 7777, "threads": 1, "threshold": 0, "nmegabins": 16, "poly_size": 975, "n_fun": 3, "payload_bl": 2, "fun_type": 5, "overlap": 25}, "s_output": {"result": 1563, "hashing_t": 5.89328, "oprf_t": 801.526, "poly_t": 267.277, "poly_trans_t": 6.04007, "aby_online_t": 44.34, "aby_setup_t": 281.978, "aby_total_t": 326.318, "total_t": 2033.2, "nobase_t": 1226.44, "poly_d_rs": [0, 124800], "oprf_d_rs": [332961, 16944], "aby_online_d_rs": [123005, 289883], "aby_setup_d_rs": [5331105, 5167209], "aby_total_d_rs": [5454110, 5457092], "total_d_rs": [5787071, 5598836], "nobase_d_rs": [5737042, 5531980]}, "c_output": {"result": 1563, "hashing_t": 10.73, "oprf_t": 739.501, "poly_t": 67.069, "poly_trans_t": 250.571, "aby_online_t": 43.4, "aby_setup_t": 285.147, "aby_total_t": 328.547, "total_t": 2034.79, "nobase_t": 806.964, "poly_d_rs": [124800, 0], "oprf_d_rs": [16944, 332961], "aby_online_d_rs": [289892, 123005], "aby_setup_d_rs": [5167209, 5331105], "aby_total_d_rs": [5457101, 5454110], "total_d_rs": [5598845, 5787071], "nobase_d_rs": [5531989, 5737042]}, "batch": "PsiTypesDA_2"}