{"setup": "desktop-app", "repeat": 1, "parameters": {"client_neles": 4096, "server_neles": 4096, "bit_len": 53, "epsilon": 1.27, "server_ip": "192.168.0.2", "port": 7777, "threads": 1, "threshold": 0, "nmegabins": 16, "poly_size": 975, "n_fun": 3, "payload_bl": 2, "fun_type": 6, "overlap": 25}, "s_output": {"result": 3094, "hashing_t": 4.88711, "oprf_t": 958.13, "poly_t": 527.178, "poly_trans_t": 5.70732, "aby_online_t": 344.778, "aby_setup_t": 750.199, "aby_total_t": 1094.98, "total_t": 3967.44, "nobase_t": 3008.48, "poly_d_rs": [0, 249600], "oprf_d_rs": [332961, 16944], "aby_online_d_rs": [363536, 5563903], "aby_setup_d_rs": [20724023, 15481059], "aby_total_d_rs": [21087559, 21044962], "total_d_rs": [21420520, 21311506], "nobase_d_rs": [21370491, 21244650]}, "c_output": {"result": 3094, "hashing_t": 5.459, "oprf_t": 862.264, "poly_t": 134.873, "poly_trans_t": 582.183, "aby_online_t": 348.428, "aby_setup_t": 748.318, "aby_total_t": 1096.75, "total_t": 3967.83, "nobase_t": 2680.33, "poly_d_rs": [249600, 0], "oprf_d_rs": [16944, 332961], "aby_online_d_rs": [5563903, 363545], "aby_setup_d_rs": [15481059, 20724014], "aby_total_d_rs": [21044962, 21087559], "total_d_rs": [21311506, 21420520], "nobase_d_rs": [21244650, 21370499]}, "batch": "PsiTypesDA_2"}