{"setup": "desktop-app", "repeat": 3, "parameters": {"client_neles": 4096, "server_neles": 4096, "bit_len": 53, "epsilon": 1.27, "server_ip": "192.168.0.2", "port": 7777, "threads": 1, "threshold": 0, "nmegabins": 16, "poly_size": 975, "n_fun": 3, "payload_bl": 2, "fun_type": 8, "overlap": 25}, "s_output": {"result": 2369, "hashing_t": 4.74326, "oprf_t": 879.825, "poly_t": 543.099, "poly_trans_t": 6.22217, "aby_online_t": 610.577, "aby_setup_t": 5990.22, "aby_total_t": 6600.8, "total_t": 9466.56, "nobase_t": 8602.09, "poly_d_rs": [0, 249600], "oprf_d_rs": [332961, 16944], "aby_online_d_rs": [3215942, 6007589], "aby_setup_d_rs": [211779400, 208964063], "aby_total_d_rs": [214995342, 214971652], "total_d_rs": [215328303, 215238196], "nobase_d_rs": [215278274, 215171340]}, "c_output": {"result": 2369, "hashing_t": 6.54, "oprf_t": 799.014, "poly_t": 136.926, "poly_trans_t": 575.849, "aby_online_t": 618.975, "aby_setup_t": 5983.01, "aby_total_t": 6601.99, "total_t": 9466.93, "nobase_t": 8244.24, "poly_d_rs": [249600, 0], "oprf_d_rs": [16944, 332961], "aby_online_d_rs": [6007589, 3366781], "aby_setup_d_rs": [208964063, 211628561], "aby_total_d_rs": [214971652, 214995342], "total_d_rs": [215238196, 215328303], "nobase_d_rs": [215171340, 215278274]}, "batch": "PsiTypesDA_2"}