{"setup": "desktop-desktop", "repeat": 4, "parameters": {"client_neles": 4096, "server_neles": 32768, "epsilon": 1.27, "server_ip": "127.0.0.1", "port": 7777, "threads": 1, "threshold": 0, "n_fun": 3, "payload_bl": 2, "fun_type": 0, "overlap": 25, "nmegabins": 124, "poly_size": 1018, "bit_len": 53}, "s_output": {"result": 0, "hashing_t": 58.9031, "oprf_t": 469.97, "poly_t": 1907.87, "poly_trans_t": 0.25551, "aby_online_t": 1.888, "aby_setup_t": 64.82, "aby_total_t": 66.708, "total_t": 2784.29, "nobase_t": 2208.04, "poly_d_rs": [0, 1009856], "oprf_d_rs": [332961, 16944], "aby_online_d_rs": [117750, 117750], "aby_setup_d_rs": [4995165, 4995165], "aby_total_d_rs": [5112915, 5112915], "total_d_rs": [5445876, 6139715], "nobase_d_rs": [5395847, 6072859]}, "c_output": {"result": 0, "hashing_t": 2.71212, "oprf_t": 421.45, "poly_t": 32.7457, "poly_trans_t": 1877.34, "aby_online_t": 2.034, "aby_setup_t": 64.537, "aby_total_t": 66.571, "total_t": 2784.34, "nobase_t": 2138.85, "poly_d_rs": [1009856, 0], "oprf_d_rs": [16944, 332961], "aby_online_d_rs": [117750, 117750], "aby_setup_d_rs": [4995165, 4995165], "aby_total_d_rs": [5112915, 5112915], "total_d_rs": [6139715, 5445876], "nobase_d_rs": [6072859, 5395847]}, "batch": "ServerScalingAnalyticsDD_1"}