{"setup": "desktop-desktop", "repeat": 1, "parameters": {"client_neles": 4096, "server_neles": 524288, "epsilon": 1.27, "server_ip": "127.0.0.1", "port": 7777, "threads": 1, "threshold": 0, "n_fun": 3, "payload_bl": 2, "fun_type": 0, "overlap": 25, "nmegabins": 1996, "poly_size": 1024, "bit_len": 53}, "s_output": {"result": 0, "hashing_t": 711.263, "oprf_t": 2229.49, "poly_t": 30574.9, "poly_trans_t": 3.68897, "aby_online_t": 1.765, "aby_setup_t": 74.473, "aby_total_t": 76.238, "total_t": 33986.9, "nobase_t": 33270.0, "poly_d_rs": [0, 16351232], "oprf_d_rs": [332961, 16944], "aby_online_d_rs": [117750, 117750], "aby_setup_d_rs": [4995165, 4995165], "aby_total_d_rs": [5112915, 5112915], "total_d_rs": [5445876, 21481091], "nobase_d_rs": [5395847, 21414244]}, "c_output": {"result": 0, "hashing_t": 2.14349, "oprf_t": 1259.99, "poly_t": 39.6143, "poly_trans_t": 30533.2, "aby_online_t": 1.612, "aby_setup_t": 74.446, "aby_total_t": 76.058, "total_t": 33987.0, "nobase_t": 32546.3, "poly_d_rs": [16351232, 0], "oprf_d_rs": [16944, 332961], "aby_online_d_rs": [117750, 117750], "aby_setup_d_rs": [4995165, 4995165], "aby_total_d_rs": [5112915, 5112915], "total_d_rs": [21481091, 5445876], "nobase_d_rs": [21414235, 5395847]}, "batch": "ServerScalingAnalyticsDD_1"}