{"setup": "desktop-desktop", "repeat": 0, "parameters": {"client_neles": 4096, "server_neles": 65536, "epsilon": 1.27, "server_ip": "127.0.0.1", "port": 7777, "threads": 1, "threshold": 0, "n_fun": 3, "payload_bl": 2, "fun_type": 0, "overlap": 25, "nmegabins": 248, "poly_size": 1021, "bit_len": 53}, "s_output": {"result": 0, "hashing_t": 101.129, "oprf_t": 524.65, "poly_t": 3774.28, "poly_trans_t": 0.489046, "aby_online_t": 1.759, "aby_setup_t": 89.284, "aby_total_t": 91.043, "total_t": 4739.37, "nobase_t": 4248.52, "poly_d_rs": [0, 2025664], "oprf_d_rs": [332961, 16944], "aby_online_d_rs": [117750, 117741], "aby_setup_d_rs": [4995165, 4995165], "aby_total_d_rs": [5112915, 5112906], "total_d_rs": [5445876, 7155514], "nobase_d_rs": [5395847, 7088666]}, "c_output": {"result": 0, "hashing_t": 2.95664, "oprf_t": 413.943, "poly_t": 35.3683, "poly_trans_t": 3743.18, "aby_online_t": 1.916, "aby_setup_t": 89.042, "aby_total_t": 90.958, "total_t": 4739.48, "nobase_t": 4138.91, "poly_d_rs": [2025664, 0], "oprf_d_rs": [16944, 332961], "aby_online_d_rs": [117750, 117750], "aby_setup_d_rs": [4995165, 4995165], "aby_total_d_rs": [5112915, 5112915], "total_d_rs": [7155523, 5445876], "nobase_d_rs": [7088667, 5395847]}, "batch": "ServerScalingAnalyticsDD_1"}