{"setup": "desktop-desktop", "repeat": 3, "parameters": {"client_neles": 4096, "server_neles": 1048576, "epsilon": 1.27, "server_ip": "127.0.0.1", "port": 7777, "threads": 1, "threshold": 0, "n_fun": 3, "payload_bl": 2, "fun_type": 0, "overlap": 25, "nmegabins": 2601, "poly_size": 1500, "bit_len": 53}, "s_output": {"result": 0, "hashing_t": 1446.17, "oprf_t": 4654.39, "poly_t": 80567.0, "poly_trans_t": 7.07253, "aby_online_t": 1.674, "aby_setup_t": 76.479, "aby_total_t": 78.153, "total_t": 87509.6, "nobase_t": 86524.9, "poly_d_rs": [0, 31212000], "oprf_d_rs": [332961, 16944], "aby_online_d_rs": [117750, 117741], "aby_setup_d_rs": [4995165, 4995165], "aby_total_d_rs": [5112915, 5112906], "total_d_rs": [5445876, 36341850], "nobase_d_rs": [5395847, 36274994]}, "c_output": {"result": 0, "hashing_t": 1.95841, "oprf_t": 2240.46, "poly_t": 67.8242, "poly_trans_t": 80503.1, "aby_online_t": 1.796, "aby_setup_t": 76.439, "aby_total_t": 78.235, "total_t": 87509.7, "nobase_t": 85067.1, "poly_d_rs": [31212000, 0], "oprf_d_rs": [16944, 332961], "aby_online_d_rs": [117750, 117750], "aby_setup_d_rs": [4995165, 4995165], "aby_total_d_rs": [5112915, 5112915], "total_d_rs": [36341859, 5445876], "nobase_d_rs": [36275003, 5395847]}, "batch": "ServerScalingAnalyticsDD_1"}