{"setup": "desktop-desktop", "repeat": 2, "parameters": {"client_neles": 4096, "server_neles": 524288, "epsilon": 1.27, "server_ip": "127.0.0.1", "port": 7777, "threads": 1, "threshold": 0, "n_fun": 3, "payload_bl": 2, "fun_type": 0, "overlap": 25, "nmegabins": 1996, "poly_size": 1024, "bit_len": 53}, "s_output": {"result": 0, "hashing_t": 706.892, "oprf_t": 2213.1, "poly_t": 30530.7, "poly_trans_t": 3.65966, "aby_online_t": 1.721, "aby_setup_t": 75.89, "aby_total_t": 77.611, "total_t": 33927.3, "nobase_t": 33225.9, "poly_d_rs": [0, 16351232], "oprf_d_rs": [332961, 16944], "aby_online_d_rs": [117750, 117750], "aby_setup_d_rs": [4995165, 4995165], "aby_total_d_rs": [5112915, 5112915], "total_d_rs": [5445876, 21481091], "nobase_d_rs": [5395847, 21414235]}, "c_output": {"result": 0, "hashing_t": 1.82272, "oprf_t": 1236.06, "poly_t": 39.2254, "poly_trans_t": 30480.5, "aby_online_t": 1.886, "aby_setup_t": 75.852, "aby_total_t": 77.738, "total_t": 33927.4, "nobase_t": 32506.8, "poly_d_rs": [16351232, 0], "oprf_d_rs": [16944, 332961], "aby_online_d_rs": [117750, 117750], "aby_setup_d_rs": [4995165, 4995165], "aby_total_d_rs": [5112915, 5112915], "total_d_rs": [21481091, 5445876], "nobase_d_rs": [21414235, 5395855]}, "batch": "ServerScalingAnalyticsDD_1"}