{"setup": "desktop-desktop", "repeat": 4, "parameters": {"client_neles": 4096, "server_neles": 524288, "epsilon": 1.27, "server_ip": "127.0.0.1", "port": 7777, "threads": 1, "threshold": 0, "n_fun": 3, "payload_bl": 2, "fun_type": 0, "overlap": 25, "nmegabins": 1996, "poly_size": 1024, "bit_len": 53}, "s_output": {"result": 0, "hashing_t": 712.614, "oprf_t": 2215.9, "poly_t": 31870.0, "poly_trans_t": 3.62232, "aby_online_t": 1.651, "aby_setup_t": 66.06, "aby_total_t": 67.711, "total_t": 35326.1, "nobase_t": 34575.8, "poly_d_rs": [0, 16351232], "oprf_d_rs": [332961, 16944], "aby_online_d_rs": [117750, 117750], "aby_setup_d_rs": [4995165, 4995165], "aby_total_d_rs": [5112915, 5112915], "total_d_rs": [5445876, 21481091], "nobase_d_rs": [5395847, 21414235]}, "c_output": {"result": 0, "hashing_t": 2.12943, "oprf_t": 1261.6, "poly_t": 39.3681, "poly_trans_t": 31823.0, "aby_online_t": 1.802, "aby_setup_t": 65.989, "aby_total_t": 67.791, "total_t": 35326.2, "nobase_t": 33853.2, "poly_d_rs": [16351232, 0], "oprf_d_rs": [16944, 332961], "aby_online_d_rs": [117750, 117750], "aby_setup_d_rs": [4995165, 4995165], "aby_total_d_rs": [5112915, 5112915], "total_d_rs": [21481091, 5445876], "nobase_d_rs": [21414235, 5395856]}, "batch": "ServerScalingAnalyticsDD_1"}