{"setup": "desktop-desktop", "repeat": 2, "parameters": {"client_neles": 4096, "server_neles": 65536, "epsilon": 1.27, "server_ip": "127.0.0.1", "port": 7777, "threads": 1, "threshold": 0, "n_fun": 3, "payload_bl": 2, "fun_type": 0, "overlap": 25, "nmegabins": 248, "poly_size": 1021, "bit_len": 53}, "s_output": {"result": 0, "hashing_t": 96.4644, "oprf_t": 518.371, "poly_t": 3800.18, "poly_trans_t": 0.486952, "aby_online_t": 1.806, "aby_setup_t": 64.13, "aby_total_t": 65.936, "total_t": 4709.42, "nobase_t": 4242.52, "poly_d_rs": [0, 2025664], "oprf_d_rs": [332961, 16944], "aby_online_d_rs": [117750, 117750], "aby_setup_d_rs": [4995165, 4995165], "aby_total_d_rs": [5112915, 5112915], "total_d_rs": [5445876, 7155523], "nobase_d_rs": [5395847, 7088667]}, "c_output": {"result": 0, "hashing_t": 2.73483, "oprf_t": 403.676, "poly_t": 33.0064, "poly_trans_t": 3764.34, "aby_online_t": 1.705, "aby_setup_t": 64.16, "aby_total_t": 65.865, "total_t": 4709.5, "nobase_t": 4134.93, "poly_d_rs": [2025664, 0], "oprf_d_rs": [16944, 332961], "aby_online_d_rs": [117750, 117750], "aby_setup_d_rs": [4995165, 4995165], "aby_total_d_rs": [5112915, 5112915], "total_d_rs": [7155523, 5445876], "nobase_d_rs": [7088667, 5395847]}, "batch": "ServerScalingAnalyticsDD_1"}