{"setup": "desktop-desktop", "repeat": 0, "parameters": {"client_neles": 4096, "server_neles": 8192, "epsilon": 1.27, "server_ip": "127.0.0.1", "port": 7777, "threads": 1, "threshold": 0, "n_fun": 3, "payload_bl": 2, "fun_type": 0, "overlap": 25, "nmegabins": 31, "poly_size": 1009, "bit_len": 53}, "s_output": {"result": 0, "hashing_t": 13.0368, "oprf_t": 409.449, "poly_t": 587.271, "poly_trans_t": 0.097928, "aby_online_t": 2.24, "aby_setup_t": 112.252, "aby_total_t": 114.492, "total_t": 1434.96, "nobase_t": 835.825, "poly_d_rs": [0, 250232], "oprf_d_rs": [332961, 16944], "aby_online_d_rs": [117750, 117750], "aby_setup_d_rs": [4995165, 4995165], "aby_total_d_rs": [5112915, 5112915], "total_d_rs": [5445876, 5380091], "nobase_d_rs": [5395847, 5313244]}, "c_output": {"result": 0, "hashing_t": 2.61541, "oprf_t": 387.192, "poly_t": 39.4827, "poly_trans_t": 547.02, "aby_online_t": 1.97, "aby_setup_t": 112.347, "aby_total_t": 114.317, "total_t": 1435.05, "nobase_t": 804.796, "poly_d_rs": [250232, 0], "oprf_d_rs": [16944, 332961], "aby_online_d_rs": [117750, 117750], "aby_setup_d_rs": [4995165, 4995165], "aby_total_d_rs": [5112915, 5112915], "total_d_rs": [5380091, 5445876], "nobase_d_rs": [5313235, 5395847]}, "batch": "ServerScalingAnalyticsDD_1"}