{"setup": "desktop-desktop", "repeat": 1, "parameters": {"client_neles": 4096, "server_neles": 32768, "epsilon": 1.27, "server_ip": "127.0.0.1", "port": 7777, "threads": 1, "threshold": 0, "n_fun": 3, "payload_bl": 2, "fun_type": 0, "overlap": 25, "nmegabins": 124, "poly_size": 1018, "bit_len": 53}, "s_output": {"result": 0, "hashing_t": 53.1863, "oprf_t": 453.34, "poly_t": 1885.92, "poly_trans_t": 0.253954, "aby_online_t": 1.838, "aby_setup_t": 82.335, "aby_total_t": 84.173, "total_t": 2704.4, "nobase_t": 2199.91, "poly_d_rs": [0, 1009856], "oprf_d_rs": [332961, 16944], "aby_online_d_rs": [117750, 117750], "aby_setup_d_rs": [4995165, 4995165], "aby_total_d_rs": [5112915, 5112915], "total_d_rs": [5445876, 6139715], "nobase_d_rs": [5395847, 6072859]}, "c_output": {"result": 0, "hashing_t": 2.77054, "oprf_t": 398.836, "poly_t": 32.7901, "poly_trans_t": 1855.41, "aby_online_t": 1.979, "aby_setup_t": 81.98, "aby_total_t": 83.959, "total_t": 2704.47, "nobase_t": 2135.08, "poly_d_rs": [1009856, 0], "oprf_d_rs": [16944, 332961], "aby_online_d_rs": [117750, 117741], "aby_setup_d_rs": [4995165, 4995165], "aby_total_d_rs": [5112915, 5112906], "total_d_rs": [6139715, 5445867], "nobase_d_rs": [6072859, 5395847]}, "batch": "ServerScalingAnalyticsDD_1"}