{"setup": "desktop-desktop", "repeat": 4, "parameters": {"client_neles": 4096, "server_neles": 8192, "epsilon": 1.27, "server_ip": "127.0.0.1", "port": 7777, "threads": 1, "threshold": 0, "n_fun": 3, "payload_bl": 2, "fun_type": 0, "overlap": 25, "nmegabins": 31, "poly_size": 1009, "bit_len": 53}, "s_output": {"result": 0, "hashing_t": 11.6186, "oprf_t": 354.227, "poly_t": 516.417, "poly_trans_t": 0.076587, "aby_online_t": 2.026, "aby_setup_t": 66.309, "aby_total_t": 68.335, "total_t": 1246.33, "nobase_t": 696.924, "poly_d_rs": [0, 250232], "oprf_d_rs": [332961, 16944], "aby_online_d_rs": [117750, 117750], "aby_setup_d_rs": [4995165, 4995165], "aby_total_d_rs": [5112915, 5112915], "total_d_rs": [5445876, 5380091], "nobase_d_rs": [5395847, 5313244]}, "c_output": {"result": 0, "hashing_t": 2.85418, "oprf_t": 335.585, "poly_t": 33.1359, "poly_trans_t": 480.88, "aby_online_t": 2.165, "aby_setup_t": 66.033, "aby_total_t": 68.198, "total_t": 1246.43, "nobase_t": 672.635, "poly_d_rs": [250232, 0], "oprf_d_rs": [16944, 332961], "aby_online_d_rs": [117750, 117750], "aby_setup_d_rs": [4995165, 4995165], "aby_total_d_rs": [5112915, 5112915], "total_d_rs": [5380091, 5445876], "nobase_d_rs": [5313235, 5395847]}, "batch": "ServerScalingAnalyticsDD_1"}