{"setup": "desktop-desktop", "repeat": 1, "parameters": {"client_neles": 4096, "server_neles": 1048576, "epsilon": 1.27, "server_ip": "127.0.0.1", "port": 7777, "threads": 1, "threshold": 0, "n_fun": 3, "payload_bl": 2, "fun_type": 0, "overlap": 25, "nmegabins": 2601, "poly_size": 1500, "bit_len": 53}, "s_output": {"result": 0, "hashing_t": 1449.47, "oprf_t": 4782.81, "poly_t": 78801.9, "poly_trans_t": 7.01485, "aby_online_t": 2.006, "aby_setup_t": 62.045, "aby_total_t": 64.051, "total_t": 85785.7, "nobase_t": 84816.4, "poly_d_rs": [0, 31212000], "oprf_d_rs": [332961, 16944], "aby_online_d_rs": [117750, 117750], "aby_setup_d_rs": [4995165, 4995165], "aby_total_d_rs": [5112915, 5112915], "total_d_rs": [5445876, 36341859], "nobase_d_rs": [5395847, 36275012]}, "c_output": {"result": 0, "hashing_t": 1.91421, "oprf_t": 2246.77, "poly_t": 61.893, "poly_trans_t": 78746.4, "aby_online_t": 1.815, "aby_setup_t": 62.046, "aby_total_t": 63.861, "total_t": 85785.7, "nobase_t": 83353.8, "poly_d_rs": [31212000, 0], "oprf_d_rs": [16944, 332961], "aby_online_d_rs": [117750, 117750], "aby_setup_d_rs": [4995165, 4995165], "aby_total_d_rs": [5112915, 5112915], "total_d_rs": [36341859, 5445876], "nobase_d_rs": [36275003, 5395847]}, "batch": "ServerScalingAnalyticsDD_1"}