{"setup": "desktop-desktop", "repeat": 0, "parameters": {"client_neles": 4096, "server_neles": 4096, "epsilon": 1.27, "server_ip": "127.0.0.1", "port": 7777, "threads": 1, "threshold": 0, "n_fun": 3, "payload_bl": 2, "fun_type": 0, "overlap": 25, "nmegabins": 16, "poly_size": 975, "bit_len": 53}, "s_output": {"result": 0, "hashing_t": 6.91822, "oprf_t": 337.516, "poly_t": 249.958, "poly_trans_t": 0.070003, "aby_online_t": 1.976, "aby_setup_t": 74.178, "aby_total_t": 76.154, "total_t": 903.403, "nobase_t": 424.318, "poly_d_rs": [0, 124800], "oprf_d_rs": [332961, 16944], "aby_online_d_rs": [117750, 117750], "aby_setup_d_rs": [4995165, 4995165], "aby_total_d_rs": [5112915, 5112915], "total_d_rs": [5445876, 5254659], "nobase_d_rs": [5395847, 5187803]}, "c_output": {"result": 0, "hashing_t": 2.58765, "oprf_t": 328.144, "poly_t": 32.0594, "poly_trans_t": 222.022, "aby_online_t": 1.961, "aby_setup_t": 74.264, "aby_total_t": 76.225, "total_t": 903.488, "nobase_t": 399.721, "poly_d_rs": [124800, 0], "oprf_d_rs": [16944, 332961], "aby_online_d_rs": [117750, 117742], "aby_setup_d_rs": [4995165, 4995165], "aby_total_d_rs": [5112915, 5112907], "total_d_rs": [5254659, 5445868], "nobase_d_rs": [5187803, 5395847]}, "batch": "ServerScalingAnalyticsDD_1"}