{"setup": "desktop-desktop", "repeat": 2, "parameters": {"client_neles": 4096, "server_neles": 16384, "epsilon": 1.27, "server_ip": "127.0.0.1", "port": 7777, "threads": 1, "threshold": 0, "n_fun": 3, "payload_bl": 2, "fun_type": 0, "overlap": 25, "nmegabins": 62, "poly_size": 1014, "bit_len": 53}, "s_output": {"result": 0, "hashing_t": 28.1297, "oprf_t": 363.942, "poly_t": 949.421, "poly_trans_t": 0.150917, "aby_online_t": 1.87, "aby_setup_t": 63.805, "aby_total_t": 65.675, "total_t": 1633.7, "nobase_t": 1166.84, "poly_d_rs": [0, 502944], "oprf_d_rs": [332961, 16944], "aby_online_d_rs": [117750, 117742], "aby_setup_d_rs": [4995165, 4995165], "aby_total_d_rs": [5112915, 5112907], "total_d_rs": [5445876, 5632795], "nobase_d_rs": [5395847, 5565939]}, "c_output": {"result": 0, "hashing_t": 2.57098, "oprf_t": 336.965, "poly_t": 32.5264, "poly_trans_t": 918.561, "aby_online_t": 2.017, "aby_setup_t": 63.797, "aby_total_t": 65.814, "total_t": 1633.8, "nobase_t": 1127.32, "poly_d_rs": [502944, 0], "oprf_d_rs": [16944, 332961], "aby_online_d_rs": [117750, 117750], "aby_setup_d_rs": [4995165, 4995165], "aby_total_d_rs": [5112915, 5112915], "total_d_rs": [5632803, 5445876], "nobase_d_rs": [5565947, 5395847]}, "batch": "ServerScalingAnalyticsDD_1"}