{"setup": "desktop-desktop", "repeat": 3, "parameters": {"client_neles": 4096, "server_neles": 16384, "epsilon": 1.27, "server_ip": "127.0.0.1", "port": 7777, "threads": 1, "threshold": 0, "n_fun": 3, "payload_bl": 2, "fun_type": 0, "overlap": 25, "nmegabins": 62, "poly_size": 1014, "bit_len": 53}, "s_output": {"result": 0, "hashing_t": 27.7359, "oprf_t": 365.687, "poly_t": 950.234, "poly_trans_t": 0.152128, "aby_online_t": 1.558, "aby_setup_t": 75.827, "aby_total_t": 77.385, "total_t": 1660.79, "nobase_t": 1179.32, "poly_d_rs": [0, 502944], "oprf_d_rs": [332961, 16944], "aby_online_d_rs": [117750, 117741], "aby_setup_d_rs": [4995165, 4995165], "aby_total_d_rs": [5112915, 5112906], "total_d_rs": [5445876, 5632794], "nobase_d_rs": [5395847, 5565938]}, "c_output": {"result": 0, "hashing_t": 2.86684, "oprf_t": 337.985, "poly_t": 32.4824, "poly_trans_t": 919.641, "aby_online_t": 1.62, "aby_setup_t": 75.904, "aby_total_t": 77.524, "total_t": 1660.9, "nobase_t": 1140.51, "poly_d_rs": [502944, 0], "oprf_d_rs": [16944, 332961], "aby_online_d_rs": [117750, 117750], "aby_setup_d_rs": [4995165, 4995165], "aby_total_d_rs": [5112915, 5112915], "total_d_rs": [5632803, 5445876], "nobase_d_rs": [5565947, 5395855]}, "batch": "ServerScalingAnalyticsDD_1"}