{"setup": "desktop-desktop", "repeat": 4, "parameters": {"client_neles": 4096, "server_neles": 1048576, "epsilon": 1.27, "server_ip": "127.0.0.1", "port": 7777, "threads": 1, "threshold": 0, "n_fun": 3, "payload_bl": 2, "fun_type": 0, "overlap": 25, "nmegabins": 2601, "poly_size": 1500, "bit_len": 53}, "s_output": {"result": 0, "hashing_t": 1502.47, "oprf_t": 4685.27, "poly_t": 80199.8, "poly_trans_t": 7.00783, "aby_online_t": 2.096, "aby_setup_t": 112.808, "aby_total_t": 114.904, "total_t": 87297.5, "nobase_t": 86286.1, "poly_d_rs": [0, 31212000], "oprf_d_rs": [332961, 16944], "aby_online_d_rs": [117750, 117741], "aby_setup_d_rs": [4995165, 4995165], "aby_total_d_rs": [5112915, 5112906], "total_d_rs": [5445876, 36341850], "nobase_d_rs": [5395847, 36274994]}, "c_output": {"result": 0, "hashing_t": 2.07341, "oprf_t": 2278.02, "poly_t": 66.0155, "poly_trans_t": 80137.2, "aby_online_t": 2.271, "aby_setup_t": 112.724, "aby_total_t": 114.995, "total_t": 87297.6, "nobase_t": 84773.7, "poly_d_rs": [31212000, 0], "oprf_d_rs": [16944, 332961], "aby_online_d_rs": [117750, 117750], "aby_setup_d_rs": [4995165, 4995165], "aby_total_d_rs": [5112915, 5112915], "total_d_rs": [36341859, 5445876], "nobase_d_rs": [36275003, 5395847]}, "batch": "ServerScalingAnalyticsDD_1"}