{"setup": "desktop-desktop", "repeat": 6, "parameters": {"client_neles": 4096, "server_neles": 4096, "bit_len": 53, "epsilon": 1.27, "server_ip": "192.168.0.2", "port": 7777, "threads": 1, "threshold": 0, "nmegabins": 16, "poly_size": 975, "n_fun": 3, "payload_bl": 2, "fun_type": 0, "overlap": 25}, "s_output": {"result": 0, "hashing_t": 5.55541, "oprf_t": 325.375, "poly_t": 268.977, "poly_trans_t": 0.05479, "aby_online_t": 2.175, "aby_setup_t": 95.231, "aby_total_t": 97.406, "total_t": 926.545, "nobase_t": 457.725, "poly_d_rs": [0, 124800], "oprf_d_rs": [332961, 16944], "aby_online_d_rs": [117750, 117750], "aby_setup_d_rs": [4995165, 4995165], "aby_total_d_rs": [5112915, 5112915], "total_d_rs": [5445876, 5254659], "nobase_d_rs": [5395847, 5187803]}, "c_output": {"result": 0, "hashing_t": 2.6088, "oprf_t": 315.567, "poly_t": 33.4422, "poly_trans_t": 229.504, "aby_online_t": 2.04, "aby_setup_t": 95.378, "aby_total_t": 97.418, "total_t": 926.594, "nobase_t": 441.073, "poly_d_rs": [124800, 0], "oprf_d_rs": [16944, 332961], "aby_online_d_rs": [117750, 117750], "aby_setup_d_rs": [4995165, 4995165], "aby_total_d_rs": [5112915, 5112915], "total_d_rs": [5254659, 5445876], "nobase_d_rs": [5187803, 5395847]}, "batch": "ScalingElementsDD_2"}