{"setup": "desktop-desktop", "repeat": 9, "parameters": {"client_neles": 4096, "server_neles": 4096, "bit_len": 53, "epsilon": 1.27, "server_ip": "192.168.0.2", "port": 7777, "threads": 1, "threshold": 0, "nmegabins": 16, "poly_size": 975, "n_fun": 3, "payload_bl": 2, "fun_type": 0, "overlap": 25}, "s_output": {"result": 0, "hashing_t": 5.48808, "oprf_t": 366.435, "poly_t": 268.148, "poly_trans_t": 0.048252, "aby_online_t": 1.693, "aby_setup_t": 64.61, "aby_total_t": 66.303, "total_t": 988.225, "nobase_t": 424.563, "poly_d_rs": [0, 124800], "oprf_d_rs": [332961, 16944], "aby_online_d_rs": [117750, 117741], "aby_setup_d_rs": [4995165, 4995165], "aby_total_d_rs": [5112915, 5112906], "total_d_rs": [5445876, 5254650], "nobase_d_rs": [5395847, 5187794]}, "c_output": {"result": 0, "hashing_t": 2.57364, "oprf_t": 355.536, "poly_t": 33.4176, "poly_trans_t": 229.682, "aby_online_t": 1.895, "aby_setup_t": 64.551, "aby_total_t": 66.446, "total_t": 988.32, "nobase_t": 408.362, "poly_d_rs": [124800, 0], "oprf_d_rs": [16944, 332961], "aby_online_d_rs": [117750, 117750], "aby_setup_d_rs": [4995165, 4995165], "aby_total_d_rs": [5112915, 5112915], "total_d_rs": [5254659, 5445876], "nobase_d_rs": [5187803, 5395847]}, "batch": "ScalingElementsDD_2"}