{"setup": "desktop-desktop", "repeat": 5, "parameters": {"client_neles": 4096, "server_neles": 4096, "bit_len": 53, "epsilon": 1.27, "server_ip": "192.168.0.2", "port": 7777, "threads": 1, "threshold": 0, "nmegabins": 16, "poly_size": 975, "n_fun": 3, "payload_bl": 2, "fun_type": 0, "overlap": 25}, "s_output": {"result": 0, "hashing_t": 5.68743, "oprf_t": 322.015, "poly_t": 268.542, "poly_trans_t": 0.055335, "aby_online_t": 1.636, "aby_setup_t": 63.886, "aby_total_t": 65.522, "total_t": 918.438, "nobase_t": 426.513, "poly_d_rs": [0, 124800], "oprf_d_rs": [332961, 16944], "aby_online_d_rs": [117750, 117750], "aby_setup_d_rs": [4995165, 4995165], "aby_total_d_rs": [5112915, 5112915], "total_d_rs": [5445876, 5254659], "nobase_d_rs": [5395847, 5187803]}, "c_output": {"result": 0, "hashing_t": 2.57773, "oprf_t": 311.303, "poly_t": 33.6162, "poly_trans_t": 230.182, "aby_online_t": 1.761, "aby_setup_t": 63.63, "aby_total_t": 65.391, "total_t": 918.519, "nobase_t": 408.416, "poly_d_rs": [124800, 0], "oprf_d_rs": [16944, 332961], "aby_online_d_rs": [117750, 117750], "aby_setup_d_rs": [4995165, 4995165], "aby_total_d_rs": [5112915, 5112915], "total_d_rs": [5254659, 5445876], "nobase_d_rs": [5187803, 5395847]}, "batch": "ScalingElementsDD_2"}