{"setup": "desktop-app", "repeat": 3, "parameters": {"client_neles": 4096, "server_neles": 4096, "bit_len": 53, "epsilon": 1.27, "server_ip": "192.168.0.2", "port": 7777, "threads": 1, "threshold": 0, "nmegabins": 16, "poly_size": 975, "n_fun": 3, "payload_bl": 2, "fun_type": 7, "overlap": 25}, "s_output": {"result": 3094, "hashing_t": 4.47637, "oprf_t": 923.369, "poly_t": 559.883, "poly_trans_t": 6.04366, "aby_online_t": 377.592, "aby_setup_t": 646.836, "aby_total_t": 1024.43, "total_t": 3938.64, "nobase_t": 3014.9, "poly_d_rs": [0, 249600], "oprf_d_rs": [332961, 16944], "aby_online_d_rs": [363562, 5566976], "aby_setup_d_rs": [20726096, 15487206], "aby_total_d_rs": [21089658, 21054182], "total_d_rs": [21422619, 21320726], "nobase_d_rs": [21372590, 21253870]}, "c_output": {"result": 3094, "hashing_t": 11.892, "oprf_t": 824.755, "poly_t": 139.919, "poly_trans_t": 606.972, "aby_online_t": 371.995, "aby_setup_t": 652.649, "aby_total_t": 1024.64, "total_t": 3937.53, "nobase_t": 2664.8, "poly_d_rs": [249600, 0], "oprf_d_rs": [16944, 332961], "aby_online_d_rs": [5566976, 363562], "aby_setup_d_rs": [15487206, 20726096], "aby_total_d_rs": [21054182, 21089658], "total_d_rs": [21320726, 21422619], "nobase_d_rs": [21253870, 21372598]}, "batch": "PsiTypesDD_2"}