{"setup": "desktop-desktop", "repeat": 1, "parameters": {"client_neles": 4096, "server_neles": 4096, "bit_len": 53, "epsilon": 1.27, "server_ip": "192.168.0.2", "port": 7777, "threads": 1, "threshold": 0, "nmegabins": 16, "poly_size": 975, "n_fun": 3, "payload_bl": 2, "fun_type": 2, "overlap": 25}, "s_output": {"result": 1024, "hashing_t": 5.53429, "oprf_t": 323.097, "poly_t": 268.423, "poly_trans_t": 0.061188, "aby_online_t": 5.823, "aby_setup_t": 64.348, "aby_total_t": 70.171, "total_t": 923.552, "nobase_t": 431.014, "poly_d_rs": [0, 124800], "oprf_d_rs": [332961, 16944], "aby_online_d_rs": [119192, 119192], "aby_setup_d_rs": [5079133, 5079133], "aby_total_d_rs": [5198325, 5198325], "total_d_rs": [5531286, 5340069], "nobase_d_rs": [5481257, 5273221]}, "c_output": {"result": 1024, "hashing_t": 2.62159, "oprf_t": 312.095, "poly_t": 33.44, "poly_trans_t": 230.116, "aby_online_t": 5.722, "aby_setup_t": 64.075, "aby_total_t": 69.797, "total_t": 923.652, "nobase_t": 415.244, "poly_d_rs": [124800, 0], "oprf_d_rs": [16944, 332961], "aby_online_d_rs": [119192, 119192], "aby_setup_d_rs": [5079133, 5079133], "aby_total_d_rs": [5198325, 5198325], "total_d_rs": [5340069, 5531286], "nobase_d_rs": [5273213, 5481257]}, "batch": "PsiTypesDD_2"}