{"setup": "desktop-desktop", "repeat": 1, "parameters": {"client_neles": 4096, "server_neles": 4096, "bit_len": 53, "epsilon": 1.27, "server_ip": "192.168.0.2", "port": 7777, "threads": 1, "threshold": 0, "nmegabins": 16, "poly_size": 975, "n_fun": 3, "payload_bl": 2, "fun_type": 3, "overlap": 25}, "s_output": {"result": 1024, "hashing_t": 5.67737, "oprf_t": 348.417, "poly_t": 267.966, "poly_trans_t": 0.060348, "aby_online_t": 5.969, "aby_setup_t": 64.379, "aby_total_t": 70.348, "total_t": 944.433, "nobase_t": 432.251, "poly_d_rs": [0, 124800], "oprf_d_rs": [332961, 16944], "aby_online_d_rs": [119243, 119243], "aby_setup_d_rs": [5085320, 5085320], "aby_total_d_rs": [5204563, 5204563], "total_d_rs": [5537524, 5346307], "nobase_d_rs": [5487495, 5279451]}, "c_output": {"result": 1024, "hashing_t": 2.59472, "oprf_t": 337.795, "poly_t": 33.4295, "poly_trans_t": 229.878, "aby_online_t": 5.847, "aby_setup_t": 64.241, "aby_total_t": 70.088, "total_t": 944.536, "nobase_t": 414.867, "poly_d_rs": [124800, 0], "oprf_d_rs": [16944, 332961], "aby_online_d_rs": [119243, 119235], "aby_setup_d_rs": [5085320, 5085320], "aby_total_d_rs": [5204563, 5204555], "total_d_rs": [5346307, 5537516], "nobase_d_rs": [5279451, 5487487]}, "batch": "PsiTypesDD_2"}