{"setup": "desktop-desktop", "repeat": 2, "parameters": {"client_neles": 4096, "server_neles": 4096, "bit_len": 53, "epsilon": 1.27, "server_ip": "192.168.0.2", "port": 7777, "threads": 1, "threshold": 0, "nmegabins": 16, "poly_size": 975, "n_fun": 3, "payload_bl": 2, "fun_type": 2, "overlap": 25}, "s_output": {"result": 1024, "hashing_t": 6.09826, "oprf_t": 326.956, "poly_t": 291.701, "poly_trans_t": 0.053955, "aby_online_t": 7.762, "aby_setup_t": 96.073, "aby_total_t": 103.835, "total_t": 965.213, "nobase_t": 490.056, "poly_d_rs": [0, 124800], "oprf_d_rs": [332961, 16944], "aby_online_d_rs": [119192, 119192], "aby_setup_d_rs": [5079133, 5079133], "aby_total_d_rs": [5198325, 5198325], "total_d_rs": [5531286, 5340069], "nobase_d_rs": [5481257, 5273222]}, "c_output": {"result": 1024, "hashing_t": 2.73319, "oprf_t": 316.693, "poly_t": 33.4371, "poly_trans_t": 253.061, "aby_online_t": 7.616, "aby_setup_t": 95.776, "aby_total_t": 103.392, "total_t": 965.313, "nobase_t": 472.681, "poly_d_rs": [124800, 0], "oprf_d_rs": [16944, 332961], "aby_online_d_rs": [119192, 119192], "aby_setup_d_rs": [5079133, 5079133], "aby_total_d_rs": [5198325, 5198325], "total_d_rs": [5340069, 5531286], "nobase_d_rs": [5273213, 5481257]}, "batch": "PsiTypesDD_2"}