{"setup": "desktop-app", "repeat": 4, "parameters": {"client_neles": 4096, "server_neles": 4096, "bit_len": 53, "epsilon": 1.27, "server_ip": "192.168.0.2", "port": 7777, "threads": 1, "threshold": 0, "nmegabins": 16, "poly_size": 975, "n_fun": 3, "payload_bl": 2, "fun_type": 8, "overlap": 25}, "s_output": {"result": 2369, "hashing_t": 4.56497, "oprf_t": 874.798, "poly_t": 533.197, "poly_trans_t": 6.28937, "aby_online_t": 582.353, "aby_setup_t": 6572.01, "aby_total_t": 7154.36, "total_t": 9997.06, "nobase_t": 9063.63, "poly_d_rs": [0, 249600], "oprf_d_rs": [332961, 16944], "aby_online_d_rs": [3366781, 6007589], "aby_setup_d_rs": [211628561, 208964063], "aby_total_d_rs": [214995342, 214971652], "total_d_rs": [215328303, 215238196], "nobase_d_rs": [215278274, 215171340]}, "c_output": {"result": 2369, "hashing_t": 9.629, "oprf_t": 793.047, "poly_t": 139.717, "poly_trans_t": 567.795, "aby_online_t": 579.448, "aby_setup_t": 6577.52, "aby_total_t": 7156.97, "total_t": 9998.7, "nobase_t": 8762.03, "poly_d_rs": [249600, 0], "oprf_d_rs": [16944, 332961], "aby_online_d_rs": [6007580, 3366781], "aby_setup_d_rs": [208964072, 211628561], "aby_total_d_rs": [214971652, 214995342], "total_d_rs": [215238196, 215328303], "nobase_d_rs": [215171340, 215278274]}, "batch": "PsiTypesDD_2"}