{"setup": "desktop-desktop", "repeat": 2, "parameters": {"client_neles": 4096, "server_neles": 4096, "bit_len": 53, "epsilon": 1.27, "server_ip": "192.168.0.2", "port": 7777, "threads": 1, "threshold": 0, "nmegabins": 16, "poly_size": 975, "n_fun": 3, "payload_bl": 2, "fun_type": 3, "overlap": 25}, "s_output": {"result": 1024, "hashing_t": 5.68904, "oprf_t": 340.515, "poly_t": 267.799, "poly_trans_t": 0.052451, "aby_online_t": 6.038, "aby_setup_t": 78.011, "aby_total_t": 84.049, "total_t": 929.12, "nobase_t": 447.029, "poly_d_rs": [0, 124800], "oprf_d_rs": [332961, 16944], "aby_online_d_rs": [119243, 119243], "aby_setup_d_rs": [5085320, 5085320], "aby_total_d_rs": [5204563, 5204563], "total_d_rs": [5537524, 5346307], "nobase_d_rs": [5487495, 5279451]}, "c_output": {"result": 1024, "hashing_t": 2.78301, "oprf_t": 329.541, "poly_t": 33.4665, "poly_trans_t": 229.75, "aby_online_t": 5.85, "aby_setup_t": 78.08, "aby_total_t": 83.93, "total_t": 929.216, "nobase_t": 429.049, "poly_d_rs": [124800, 0], "oprf_d_rs": [16944, 332961], "aby_online_d_rs": [119243, 119243], "aby_setup_d_rs": [5085320, 5085320], "aby_total_d_rs": [5204563, 5204563], "total_d_rs": [5346307, 5537524], "nobase_d_rs": [5279451, 5487495]}, "batch": "PsiTypesDD_2"}