{"setup": "desktop-desktop", "repeat": 1, "parameters": {"client_neles": 4096, "server_neles": 4096, "bit_len": 53, "epsilon": 1.27, "server_ip": "192.168.0.2", "port": 7777, "threads": 1, "threshold": 0, "nmegabins": 16, "poly_size": 975, "n_fun": 3, "payload_bl": 2, "fun_type": 5, "overlap": 25}, "s_output": {"result": 1621, "hashing_t": 5.41796, "oprf_t": 324.21, "poly_t": 268.251, "poly_trans_t": 0.048879, "aby_online_t": 3.311, "aby_setup_t": 69.663, "aby_total_t": 72.974, "total_t": 1058.16, "nobase_t": 433.503, "poly_d_rs": [0, 124800], "oprf_d_rs": [332961, 16944], "aby_online_d_rs": [123005, 289892], "aby_setup_d_rs": [5331105, 5167209], "aby_total_d_rs": [5454110, 5457101], "total_d_rs": [5787071, 5598845], "nobase_d_rs": [5737042, 5531989]}, "c_output": {"result": 1621, "hashing_t": 2.60084, "oprf_t": 313.205, "poly_t": 33.4165, "poly_trans_t": 229.859, "aby_online_t": 3.308, "aby_setup_t": 69.71, "aby_total_t": 73.018, "total_t": 1058.26, "nobase_t": 416.402, "poly_d_rs": [124800, 0], "oprf_d_rs": [16944, 332961], "aby_online_d_rs": [289892, 123005], "aby_setup_d_rs": [5167209, 5331105], "aby_total_d_rs": [5457101, 5454110], "total_d_rs": [5598845, 5787071], "nobase_d_rs": [5531989, 5737042]}, "batch": "PsiTypesDD_2"}