{"setup": "desktop-desktop", "repeat": 4, "parameters": {"client_neles": 4096, "server_neles": 4096, "bit_len": 53, "epsilon": 1.27, "server_ip": "192.168.0.2", "port": 7777, "threads": 1, "threshold": 0, "nmegabins": 16, "poly_size": 975, "n_fun": 3, "payload_bl": 2, "fun_type": 1, "overlap": 25}, "s_output": {"result": 1, "hashing_t": 5.47519, "oprf_t": 332.14, "poly_t": 268.402, "poly_trans_t": 0.057668, "aby_online_t": 6.454, "aby_setup_t": 63.883, "aby_total_t": 70.337, "total_t": 980.323, "nobase_t": 429.854, "poly_d_rs": [0, 124800], "oprf_d_rs": [332961, 16944], "aby_online_d_rs": [119219, 119219], "aby_setup_d_rs": [5081181, 5081181], "aby_total_d_rs": [5200400, 5200400], "total_d_rs": [5533361, 5342144], "nobase_d_rs": [5483332, 5275288]}, "c_output": {"result": 1, "hashing_t": 2.80505, "oprf_t": 321.103, "poly_t": 33.4793, "poly_trans_t": 229.985, "aby_online_t": 6.198, "aby_setup_t": 63.927, "aby_total_t": 70.125, "total_t": 980.447, "nobase_t": 415.294, "poly_d_rs": [124800, 0], "oprf_d_rs": [16944, 332961], "aby_online_d_rs": [119219, 119219], "aby_setup_d_rs": [5081181, 5081181], "aby_total_d_rs": [5200400, 5200400], "total_d_rs": [5342144, 5533361], "nobase_d_rs": [5275288, 5483332]}, "batch": "PsiTypesDD_2"}