{"setup": "desktop-app", "repeat": 1, "parameters": {"client_neles": 4096, "server_neles": 4096, "epsilon": 1.27, "server_ip": "192.168.0.2", "port": 7777, "threads": 1, "threshold": 0, "n_fun": 3, "payload_bl": 2, "fun_type": 0, "overlap": 25, "nmegabins": 16, "poly_size": 976, "bit_len": 60}, "s_output": {"result": 0, "hashing_t": 7.73158, "oprf_t": 854.676, "poly_t": 290.702, "poly_trans_t": 5.60842, "aby_online_t": 28.899, "aby_setup_t": 350.01, "aby_total_t": 378.909, "aby_baseot_t": 506.893, "total_t": 2145.82, "nobase_t": 1326.92, "poly_d_rs": [0, 124928], "oprf_d_rs": [332961, 16944], "aby_online_d_rs": [115800, 115800], "aby_setup_d_rs": [4911197, 4911197], "aby_total_d_rs": [5026997, 5026997], "aby_baseot_d_rs": [49956, 49956], "total_d_rs": [5359958, 5168869], "nobase_d_rs": [5309929, 5102013]}, "c_output": {"result": 0, "hashing_t": 4.432, "oprf_t": 799.646, "poly_t": 67.757, "poly_trans_t": 273.45, "aby_online_t": 30.595, "aby_setup_t": 350.083, "aby_total_t": 380.678, "aby_baseot_t": 507.813, "total_t": 2145.48, "nobase_t": 878.59, "poly_d_rs": [124928, 0], "oprf_d_rs": [16944, 332961], "aby_online_d_rs": [115800, 115800], "aby_setup_d_rs": [4911197, 4911197], "aby_total_d_rs": [5026997, 5026997], "aby_baseot_d_rs": [49956, 49948], "total_d_rs": [5168869, 5359958], "nobase_d_rs": [5102013, 5309937]}, "batch": "Unbalanced12AnalyticsDA_1"}