{"setup": "desktop-app", "repeat": 23, "parameters": {"client_neles": 4096, "server_neles": 4096, "epsilon": 1.27, "server_ip": "192.168.0.2", "port": 7777, "threads": 1, "threshold": 0, "n_fun": 3, "payload_bl": 2, "fun_type": 0, "overlap": 25, "nmegabins": 16, "poly_size": 976, "bit_len": 60}, "s_output": {"result": 0, "hashing_t": 4.31231, "oprf_t": 839.212, "poly_t": 277.625, "poly_trans_t": 4.12867, "aby_online_t": 29.921, "aby_setup_t": 352.756, "aby_total_t": 382.677, "aby_baseot_t": 509.755, "total_t": 2119.92, "nobase_t": 1287.04, "poly_d_rs": [0, 124928], "oprf_d_rs": [332961, 16944], "aby_online_d_rs": [115800, 115800], "aby_setup_d_rs": [4911197, 4911197], "aby_total_d_rs": [5026997, 5026997], "aby_baseot_d_rs": [49956, 49956], "total_d_rs": [5359958, 5168869], "nobase_d_rs": [5309929, 5102013]}, "c_output": {"result": 0, "hashing_t": 3.559, "oprf_t": 789.629, "poly_t": 72.303, "poly_trans_t": 254.096, "aby_online_t": 30.451, "aby_setup_t": 353.778, "aby_total_t": 384.229, "aby_baseot_t": 509.132, "total_t": 2118.19, "nobase_t": 868.123, "poly_d_rs": [124928, 0], "oprf_d_rs": [16944, 332961], "aby_online_d_rs": [115800, 115800], "aby_setup_d_rs": [4911197, 4911197], "aby_total_d_rs": [5026997, 5026997], "aby_baseot_d_rs": [49956, 49956], "total_d_rs": [5168869, 5359958], "nobase_d_rs": [5102013, 5309929]}, "batch": "Unbalanced12AnalyticsDA_1"}