{"setup": "desktop-app", "repeat": 17, "parameters": {"client_neles": 4096, "server_neles": 4096, "epsilon": 1.27, "server_ip": "192.168.0.2", "port": 7777, "threads": 1, "threshold": 0, "n_fun": 3, "payload_bl": 2, "fun_type": 0, "overlap": 25, "nmegabins": 16, "poly_size": 976, "bit_len": 60}, "s_output": {"result": 0, "hashing_t": 8.58743, "oprf_t": 780.261, "poly_t": 279.474, "poly_trans_t": 5.72248, "aby_online_t": 22.118, "aby_setup_t": 343.789, "aby_total_t": 365.907, "aby_baseot_t": 527.223, "total_t": 2066.16, "nobase_t": 1248.47, "poly_d_rs": [0, 124928], "oprf_d_rs": [332961, 16944], "aby_online_d_rs": [76783, 115800], "aby_setup_d_rs": [4950214, 4911197], "aby_total_d_rs": [5026997, 5026997], "aby_baseot_d_rs": [49956, 49956], "total_d_rs": [5359958, 5168869], "nobase_d_rs": [5309929, 5102013]}, "c_output": {"result": 0, "hashing_t": 6.223, "oprf_t": 723.162, "poly_t": 66.381, "poly_trans_t": 258.212, "aby_online_t": 24.778, "aby_setup_t": 343.052, "aby_total_t": 367.83, "aby_baseot_t": 527.338, "total_t": 2066.17, "nobase_t": 857.234, "poly_d_rs": [124928, 0], "oprf_d_rs": [16944, 332961], "aby_online_d_rs": [115800, 115800], "aby_setup_d_rs": [4911197, 4911197], "aby_total_d_rs": [5026997, 5026997], "aby_baseot_d_rs": [49956, 49956], "total_d_rs": [5168869, 5359958], "nobase_d_rs": [5102013, 5309929]}, "batch": "Unbalanced12AnalyticsDA_1"}