{"setup": "desktop-app", "repeat": 24, "parameters": {"client_neles": 4096, "server_neles": 4096, "epsilon": 1.27, "server_ip": "192.168.0.2", "port": 7777, "threads": 1, "threshold": 0, "n_fun": 3, "payload_bl": 2, "fun_type": 0, "overlap": 25, "nmegabins": 16, "poly_size": 976, "bit_len": 60}, "s_output": {"result": 0, "hashing_t": 7.91516, "oprf_t": 739.951, "poly_t": 299.003, "poly_trans_t": 4.90259, "aby_online_t": 25.339, "aby_setup_t": 305.041, "aby_total_t": 330.38, "aby_baseot_t": 506.6, "total_t": 1983.25, "nobase_t": 1175.76, "poly_d_rs": [0, 124928], "oprf_d_rs": [332961, 16944], "aby_online_d_rs": [115800, 115800], "aby_setup_d_rs": [4911197, 4911197], "aby_total_d_rs": [5026997, 5026997], "aby_baseot_d_rs": [49956, 49956], "total_d_rs": [5359958, 5168869], "nobase_d_rs": [5309929, 5102013]}, "c_output": {"result": 0, "hashing_t": 3.61, "oprf_t": 710.668, "poly_t": 63.677, "poly_trans_t": 270.162, "aby_online_t": 26.242, "aby_setup_t": 304.967, "aby_total_t": 331.209, "aby_baseot_t": 507.075, "total_t": 1982.9, "nobase_t": 806.183, "poly_d_rs": [124928, 0], "oprf_d_rs": [16944, 332961], "aby_online_d_rs": [115800, 115791], "aby_setup_d_rs": [4911197, 4911197], "aby_total_d_rs": [5026997, 5026988], "aby_baseot_d_rs": [49956, 49948], "total_d_rs": [5168869, 5359949], "nobase_d_rs": [5102013, 5309928]}, "batch": "Unbalanced12AnalyticsDA_1"}