{"setup": "desktop-app", "repeat": 12, "parameters": {"client_neles": 4096, "server_neles": 4096, "epsilon": 1.27, "server_ip": "192.168.0.2", "port": 7777, "threads": 1, "threshold": 0, "n_fun": 3, "payload_bl": 2, "fun_type": 0, "overlap": 25, "nmegabins": 16, "poly_size": 976, "bit_len": 60}, "s_output": {"result": 0, "hashing_t": 8.86124, "oprf_t": 746.5, "poly_t": 278.749, "poly_trans_t": 5.07515, "aby_online_t": 25.659, "aby_setup_t": 305.943, "aby_total_t": 331.602, "aby_baseot_t": 522.041, "total_t": 1991.75, "nobase_t": 1183.23, "poly_d_rs": [0, 124928], "oprf_d_rs": [332961, 16944], "aby_online_d_rs": [115800, 115800], "aby_setup_d_rs": [4911197, 4911197], "aby_total_d_rs": [5026997, 5026997], "aby_baseot_d_rs": [49956, 49956], "total_d_rs": [5359958, 5168869], "nobase_d_rs": [5309929, 5102013]}, "c_output": {"result": 0, "hashing_t": 3.713, "oprf_t": 697.054, "poly_t": 66.3, "poly_trans_t": 256.09, "aby_online_t": 26.966, "aby_setup_t": 305.297, "aby_total_t": 332.263, "aby_baseot_t": 522.42, "total_t": 1992.18, "nobase_t": 812.653, "poly_d_rs": [124928, 0], "oprf_d_rs": [16944, 332961], "aby_online_d_rs": [115800, 115800], "aby_setup_d_rs": [4911197, 4911197], "aby_total_d_rs": [5026997, 5026997], "aby_baseot_d_rs": [49956, 49956], "total_d_rs": [5168869, 5359958], "nobase_d_rs": [5102013, 5309929]}, "batch": "Unbalanced12AnalyticsDA_1"}