{"setup": "desktop-app", "repeat": 8, "parameters": {"client_neles": 4096, "server_neles": 4096, "epsilon": 1.27, "server_ip": "192.168.0.2", "port": 7777, "threads": 1, "threshold": 0, "n_fun": 3, "payload_bl": 2, "fun_type": 0, "overlap": 25, "nmegabins": 16, "poly_size": 976, "bit_len": 60}, "s_output": {"result": 0, "hashing_t": 4.53731, "oprf_t": 807.618, "poly_t": 276.658, "poly_trans_t": 5.00924, "aby_online_t": 27.888, "aby_setup_t": 314.824, "aby_total_t": 342.712, "aby_baseot_t": 524.081, "total_t": 2063.31, "nobase_t": 1234.1, "poly_d_rs": [0, 124928], "oprf_d_rs": [332961, 16944], "aby_online_d_rs": [115800, 115800], "aby_setup_d_rs": [4911197, 4911197], "aby_total_d_rs": [5026997, 5026997], "aby_baseot_d_rs": [49956, 49956], "total_d_rs": [5359958, 5168869], "nobase_d_rs": [5309929, 5102013]}, "c_output": {"result": 0, "hashing_t": 9.552, "oprf_t": 745.833, "poly_t": 68.34, "poly_trans_t": 264.037, "aby_online_t": 29.218, "aby_setup_t": 314.265, "aby_total_t": 343.483, "aby_baseot_t": 528.583, "total_t": 2062.67, "nobase_t": 831.008, "poly_d_rs": [124928, 0], "oprf_d_rs": [16944, 332961], "aby_online_d_rs": [115800, 115800], "aby_setup_d_rs": [4911197, 4911197], "aby_total_d_rs": [5026997, 5026997], "aby_baseot_d_rs": [49956, 49948], "total_d_rs": [5168869, 5359958], "nobase_d_rs": [5102013, 5309937]}, "batch": "Unbalanced12AnalyticsDA_1"}