{"setup": "desktop-app", "repeat": 0, "parameters": {"client_neles": 4096, "server_neles": 4096, "epsilon": 1.27, "server_ip": "192.168.0.2", "port": 7777, "threads": 1, "threshold": 0, "n_fun": 3, "payload_bl": 2, "fun_type": 0, "overlap": 25, "nmegabins": 16, "poly_size": 976, "bit_len": 60}, "s_output": {"result": 0, "hashing_t": 4.53838, "oprf_t": 764.978, "poly_t": 273.676, "poly_trans_t": 5.91048, "aby_online_t": 19.972, "aby_setup_t": 256.864, "aby_total_t": 276.836, "aby_baseot_t": 524.77, "total_t": 1955.77, "nobase_t": 1151.56, "poly_d_rs": [0, 124928], "oprf_d_rs": [332961, 16944], "aby_online_d_rs": [115791, 115791], "aby_setup_d_rs": [4911206, 4911197], "aby_total_d_rs": [5026997, 5026988], "aby_baseot_d_rs": [49956, 49956], "total_d_rs": [5359958, 5168860], "nobase_d_rs": [5309929, 5102004]}, "c_output": {"result": 0, "hashing_t": 4.642, "oprf_t": 706.792, "poly_t": 68.36, "poly_trans_t": 254.468, "aby_online_t": 22.318, "aby_setup_t": 256.005, "aby_total_t": 278.323, "aby_baseot_t": 529.154, "total_t": 1956.22, "nobase_t": 761.348, "poly_d_rs": [124928, 0], "oprf_d_rs": [16944, 332961], "aby_online_d_rs": [115800, 115800], "aby_setup_d_rs": [4911197, 4911197], "aby_total_d_rs": [5026997, 5026997], "aby_baseot_d_rs": [49956, 49948], "total_d_rs": [5168869, 5359958], "nobase_d_rs": [5102013, 5309937]}, "batch": "Unbalanced12AnalyticsDA_1"}