{"setup": "desktop-app", "repeat": 5, "parameters": {"client_neles": 4096, "server_neles": 4096, "epsilon": 1.27, "server_ip": "192.168.0.2", "port": 7777, "threads": 1, "threshold": 0, "n_fun": 3, "payload_bl": 2, "fun_type": 0, "overlap": 25, "nmegabins": 16, "poly_size": 976, "bit_len": 60}, "s_output": {"result": 0, "hashing_t": 4.89981, "oprf_t": 747.539, "poly_t": 278.391, "poly_trans_t": 4.34084, "aby_online_t": 29.471, "aby_setup_t": 310.983, "aby_total_t": 340.454, "aby_baseot_t": 522.179, "total_t": 1993.97, "nobase_t": 1190.94, "poly_d_rs": [0, 124928], "oprf_d_rs": [332961, 16944], "aby_online_d_rs": [115800, 115800], "aby_setup_d_rs": [4911197, 4911197], "aby_total_d_rs": [5026997, 5026997], "aby_baseot_d_rs": [49956, 49956], "total_d_rs": [5359958, 5168869], "nobase_d_rs": [5309929, 5102013]}, "c_output": {"result": 0, "hashing_t": 5.491, "oprf_t": 688.338, "poly_t": 62.31, "poly_trans_t": 257.128, "aby_online_t": 30.486, "aby_setup_t": 309.662, "aby_total_t": 340.148, "aby_baseot_t": 526.838, "total_t": 1992.09, "nobase_t": 817.784, "poly_d_rs": [124928, 0], "oprf_d_rs": [16944, 332961], "aby_online_d_rs": [115800, 115791], "aby_setup_d_rs": [4911197, 4911197], "aby_total_d_rs": [5026997, 5026988], "aby_baseot_d_rs": [49956, 49956], "total_d_rs": [5168869, 5359949], "nobase_d_rs": [5102013, 5309920]}, "batch": "Unbalanced12AnalyticsDA_1"}