{"setup": "desktop-app", "repeat": 9, "parameters": {"client_neles": 4096, "server_neles": 4096, "epsilon": 1.27, "server_ip": "192.168.0.2", "port": 7777, "threads": 1, "threshold": 0, "n_fun": 3, "payload_bl": 2, "fun_type": 0, "overlap": 25, "nmegabins": 16, "poly_size": 976, "bit_len": 60}, "s_output": {"result": 0, "hashing_t": 5.30802, "oprf_t": 764.274, "poly_t": 283.939, "poly_trans_t": 5.67398, "aby_online_t": 24.789, "aby_setup_t": 367.778, "aby_total_t": 392.567, "aby_baseot_t": 501.71, "total_t": 2049.28, "nobase_t": 1250.31, "poly_d_rs": [0, 124928], "oprf_d_rs": [332961, 16944], "aby_online_d_rs": [76783, 115800], "aby_setup_d_rs": [4950214, 4911197], "aby_total_d_rs": [5026997, 5026997], "aby_baseot_d_rs": [49956, 49956], "total_d_rs": [5359958, 5168869], "nobase_d_rs": [5309929, 5102013]}, "c_output": {"result": 0, "hashing_t": 6.091, "oprf_t": 726.639, "poly_t": 61.608, "poly_trans_t": 259.57, "aby_online_t": 26.778, "aby_setup_t": 367.642, "aby_total_t": 394.42, "aby_baseot_t": 502.06, "total_t": 2049.28, "nobase_t": 860.818, "poly_d_rs": [124928, 0], "oprf_d_rs": [16944, 332961], "aby_online_d_rs": [115800, 115800], "aby_setup_d_rs": [4911197, 4911197], "aby_total_d_rs": [5026997, 5026997], "aby_baseot_d_rs": [49956, 49948], "total_d_rs": [5168869, 5359958], "nobase_d_rs": [5102013, 5309937]}, "batch": "Unbalanced12AnalyticsDA_1"}