{"setup": "desktop-app", "repeat": 16, "parameters": {"client_neles": 4096, "server_neles": 4096, "epsilon": 1.27, "server_ip": "192.168.0.2", "port": 7777, "threads": 1, "threshold": 0, "n_fun": 3, "payload_bl": 2, "fun_type": 0, "overlap": 25, "nmegabins": 16, "poly_size": 976, "bit_len": 60}, "s_output": {"result": 0, "hashing_t": 8.83727, "oprf_t": 804.93, "poly_t": 289.091, "poly_trans_t": 5.95305, "aby_online_t": 20.198, "aby_setup_t": 299.792, "aby_total_t": 319.99, "aby_baseot_t": 523.23, "total_t": 2053.09, "nobase_t": 1245.19, "poly_d_rs": [0, 124928], "oprf_d_rs": [332961, 16944], "aby_online_d_rs": [76783, 115800], "aby_setup_d_rs": [4950214, 4911197], "aby_total_d_rs": [5026997, 5026997], "aby_baseot_d_rs": [49956, 49956], "total_d_rs": [5359958, 5168869], "nobase_d_rs": [5309929, 5102013]}, "c_output": {"result": 0, "hashing_t": 6.041, "oprf_t": 749.72, "poly_t": 67.409, "poly_trans_t": 268.569, "aby_online_t": 22.824, "aby_setup_t": 298.233, "aby_total_t": 321.057, "aby_baseot_t": 523.609, "total_t": 2053.08, "nobase_t": 821.715, "poly_d_rs": [124928, 0], "oprf_d_rs": [16944, 332961], "aby_online_d_rs": [115800, 115800], "aby_setup_d_rs": [4911197, 4911197], "aby_total_d_rs": [5026997, 5026997], "aby_baseot_d_rs": [49956, 49948], "total_d_rs": [5168869, 5359958], "nobase_d_rs": [5102013, 5309937]}, "batch": "Unbalanced12AnalyticsDA_1"}