{"setup": "desktop-app", "repeat": 3, "parameters": {"client_neles": 4096, "server_neles": 8192, "epsilon": 1.27, "server_ip": "192.168.0.2", "port": 7777, "threads": 1, "threshold": 0, "n_fun": 3, "payload_bl": 2, "fun_type": 0, "overlap": 25, "nmegabins": 32, "poly_size": 1010, "bit_len": 60}, "s_output": {"result": 0, "hashing_t": 8.41479, "oprf_t": 790.56, "poly_t": 563.126, "poly_trans_t": 6.14906, "aby_online_t": 27.089, "aby_setup_t": 295.675, "aby_total_t": 322.764, "aby_baseot_t": 510.867, "total_t": 2302.65, "nobase_t": 1496.07, "poly_d_rs": [0, 258560], "oprf_d_rs": [332961, 16944], "aby_online_d_rs": [115800, 115791], "aby_setup_d_rs": [4911197, 4911197], "aby_total_d_rs": [5026997, 5026988], "aby_baseot_d_rs": [49956, 49956], "total_d_rs": [5359958, 5302492], "nobase_d_rs": [5309929, 5235636]}, "c_output": {"result": 0, "hashing_t": 5.471, "oprf_t": 718.875, "poly_t": 71.38, "poly_trans_t": 540.72, "aby_online_t": 29.793, "aby_setup_t": 295.129, "aby_total_t": 324.922, "aby_baseot_t": 511.996, "total_t": 2303.76, "nobase_t": 1114.08, "poly_d_rs": [258560, 0], "oprf_d_rs": [16944, 332961], "aby_online_d_rs": [115800, 115800], "aby_setup_d_rs": [4911197, 4911197], "aby_total_d_rs": [5026997, 5026997], "aby_baseot_d_rs": [49956, 49948], "total_d_rs": [5302501, 5359958], "nobase_d_rs": [5235645, 5309937]}, "batch": "Unbalanced12AnalyticsDA_1"}