{"setup": "desktop-app", "repeat": 3, "parameters": {"client_neles": 4096, "server_neles": 4096, "epsilon": 1.27, "server_ip": "192.168.0.2", "port": 7777, "threads": 1, "threshold": 0, "n_fun": 3, "payload_bl": 2, "fun_type": 0, "overlap": 25, "nmegabins": 16, "poly_size": 976, "bit_len": 60}, "s_output": {"result": 0, "hashing_t": 8.33326, "oprf_t": 805.259, "poly_t": 290.875, "poly_trans_t": 5.79822, "aby_online_t": 28.65, "aby_setup_t": 310.948, "aby_total_t": 339.598, "aby_baseot_t": 516.851, "total_t": 2064.99, "nobase_t": 1258.18, "poly_d_rs": [0, 124928], "oprf_d_rs": [332961, 16944], "aby_online_d_rs": [115800, 115800], "aby_setup_d_rs": [4911197, 4911197], "aby_total_d_rs": [5026997, 5026997], "aby_baseot_d_rs": [49956, 49956], "total_d_rs": [5359958, 5168869], "nobase_d_rs": [5309929, 5102013]}, "c_output": {"result": 0, "hashing_t": 12.132, "oprf_t": 741.314, "poly_t": 66.767, "poly_trans_t": 272.92, "aby_online_t": 29.696, "aby_setup_t": 309.132, "aby_total_t": 338.828, "aby_baseot_t": 521.129, "total_t": 2063.53, "nobase_t": 843.053, "poly_d_rs": [124928, 0], "oprf_d_rs": [16944, 332961], "aby_online_d_rs": [115800, 115791], "aby_setup_d_rs": [4911197, 4911197], "aby_total_d_rs": [5026997, 5026988], "aby_baseot_d_rs": [49956, 49956], "total_d_rs": [5168869, 5359949], "nobase_d_rs": [5102013, 5309920]}, "batch": "Unbalanced12AnalyticsDA_1"}