{"setup": "desktop-app", "repeat": 2, "parameters": {"client_neles": 4096, "server_neles": 4096, "epsilon": 1.27, "server_ip": "192.168.0.2", "port": 7777, "threads": 1, "threshold": 0, "n_fun": 3, "payload_bl": 2, "fun_type": 0, "overlap": 25, "nmegabins": 16, "poly_size": 976, "bit_len": 60}, "s_output": {"result": 0, "hashing_t": 8.64714, "oprf_t": 746.911, "poly_t": 278.099, "poly_trans_t": 5.68877, "aby_online_t": 19.945, "aby_setup_t": 260.792, "aby_total_t": 280.737, "aby_baseot_t": 519.364, "total_t": 1942.55, "nobase_t": 1141.04, "poly_d_rs": [0, 124928], "oprf_d_rs": [332961, 16944], "aby_online_d_rs": [115791, 115791], "aby_setup_d_rs": [4911206, 4911197], "aby_total_d_rs": [5026997, 5026988], "aby_baseot_d_rs": [49956, 49956], "total_d_rs": [5359958, 5168860], "nobase_d_rs": [5309929, 5102004]}, "c_output": {"result": 0, "hashing_t": 8.563, "oprf_t": 690.883, "poly_t": 64.741, "poly_trans_t": 264.584, "aby_online_t": 23.074, "aby_setup_t": 260.969, "aby_total_t": 284.043, "aby_baseot_t": 521.921, "total_t": 1943.53, "nobase_t": 772.964, "poly_d_rs": [124928, 0], "oprf_d_rs": [16944, 332961], "aby_online_d_rs": [115800, 115800], "aby_setup_d_rs": [4911197, 4911197], "aby_total_d_rs": [5026997, 5026997], "aby_baseot_d_rs": [49956, 49948], "total_d_rs": [5168869, 5359958], "nobase_d_rs": [5102013, 5309937]}, "batch": "Unbalanced12AnalyticsDA_1"}