{"setup": "desktop-app", "repeat": 4, "parameters": {"client_neles": 4096, "server_neles": 4096, "bit_len": 53, "epsilon": 1.27, "server_ip": "192.168.0.2", "port": 7777, "threads": 1, "threshold": 0, "nmegabins": 16, "poly_size": 975, "n_fun": 3, "payload_bl": 2, "fun_type": 0, "overlap": 25}, "s_output": {"result": 0, "hashing_t": 4.34356, "oprf_t": 828.922, "poly_t": 269.071, "poly_trans_t": 5.76534, "aby_online_t": 18.743, "aby_setup_t": 331.126, "aby_total_t": 349.869, "total_t": 2055.24, "nobase_t": 1248.41, "poly_d_rs": [0, 124800], "oprf_d_rs": [332961, 16944], "aby_online_d_rs": [78083, 117750], "aby_setup_d_rs": [5034832, 4995165], "aby_total_d_rs": [5112915, 5112915], "total_d_rs": [5445876, 5254659]}, "c_output": {"result": 0, "hashing_t": 13.827, "oprf_t": 761.388, "poly_t": 63.038, "poly_trans_t": 245.945, "aby_online_t": 21.001, "aby_setup_t": 330.009, "aby_total_t": 351.01, "total_t": 2054.04, "nobase_t": 826.635, "poly_d_rs": [124800, 0], "oprf_d_rs": [16944, 332961], "aby_online_d_rs": [117750, 117741], "aby_setup_d_rs": [4995165, 4995165], "aby_total_d_rs": [5112915, 5112906], "total_d_rs": [5254659, 5445867]}, "batch": "ScalingElementsDA_2"}