{"setup": "desktop-app", "repeat": 2, "parameters": {"client_neles": 1024, "server_neles": 2048, "epsilon": 1.27, "server_ip": "192.168.0.2", "port": 7777, "threads": 1, "threshold": 0, "n_fun": 3, "payload_bl": 2, "fun_type": 6, "overlap": 25, "nmegabins": 9, "poly_size": 965, "bit_len": 60}, "s_output": {"result": 783, "hashing_t": 2.41889, "oprf_t": 837.878, "poly_t": 303.853, "poly_trans_t": 0.070639, "aby_online_t": 110.705, "aby_setup_t": 262.949, "aby_total_t": 373.654, "aby_baseot_t": 509.933, "total_t": 2827.31, "nobase_t": 1981.45, "poly_d_rs": [0, 138960], "oprf_d_rs": [83297, 16944], "aby_online_d_rs": [89485, 1368694], "aby_setup_d_rs": [5099631, 3809357], "aby_total_d_rs": [5189116, 5178051], "aby_baseot_d_rs": [49956, 49956], "total_d_rs": [5272413, 5333955], "nobase_d_rs": [5222384, 5267099]}, "c_output": {"result": 783, "hashing_t": 1.681, "oprf_t": 1479.62, "poly_t": 48.652, "poly_trans_t": 345.846, "aby_online_t": 113.901, "aby_setup_t": 262.727, "aby_total_t": 376.628, "aby_baseot_t": 511.199, "total_t": 2828.06, "nobase_t": 1586.55, "poly_d_rs": [138960, 0], "oprf_d_rs": [16944, 83297], "aby_online_d_rs": [1368703, 89494], "aby_setup_d_rs": [3809357, 5099622], "aby_total_d_rs": [5178060, 5189116], "aby_baseot_d_rs": [49956, 49948], "total_d_rs": [5333964, 5272413], "nobase_d_rs": [5267108, 5222392]}, "batch": "Unbalanced10PayloadABSumDA_1"}