{"setup": "desktop-app", "repeat": 3, "parameters": {"client_neles": 1024, "server_neles": 2048, "epsilon": 1.27, "server_ip": "192.168.0.2", "port": 7777, "threads": 1, "threshold": 0, "n_fun": 3, "payload_bl": 2, "fun_type": 6, "overlap": 25, "nmegabins": 9, "poly_size": 965, "bit_len": 60}, "s_output": {"result": 783, "hashing_t": 9.27129, "oprf_t": 819.114, "poly_t": 316.055, "poly_trans_t": 0.072474, "aby_online_t": 95.475, "aby_setup_t": 240.852, "aby_total_t": 336.327, "aby_baseot_t": 506.115, "total_t": 2805.76, "nobase_t": 1952.32, "poly_d_rs": [0, 138960], "oprf_d_rs": [83297, 16944], "aby_online_d_rs": [69660, 1368694], "aby_setup_d_rs": [5119456, 3809357], "aby_total_d_rs": [5189116, 5178051], "aby_baseot_d_rs": [49956, 49956], "total_d_rs": [5272413, 5333955], "nobase_d_rs": [5222384, 5267099]}, "c_output": {"result": 783, "hashing_t": 1.391, "oprf_t": 1523.97, "poly_t": 48.018, "poly_trans_t": 338.593, "aby_online_t": 98.127, "aby_setup_t": 240.363, "aby_total_t": 338.49, "aby_baseot_t": 508.743, "total_t": 2807.21, "nobase_t": 1568.21, "poly_d_rs": [138960, 0], "oprf_d_rs": [16944, 83297], "aby_online_d_rs": [1368703, 89494], "aby_setup_d_rs": [3809357, 5099622], "aby_total_d_rs": [5178060, 5189116], "aby_baseot_d_rs": [49956, 49948], "total_d_rs": [5333964, 5272413], "nobase_d_rs": [5267108, 5222392]}, "batch": "Unbalanced10PayloadABSumDA_1"}