{"setup": "desktop-app", "repeat": 0, "parameters": {"client_neles": 1024, "server_neles": 2048, "epsilon": 1.27, "server_ip": "192.168.0.2", "port": 7777, "threads": 1, "threshold": 0, "n_fun": 3, "payload_bl": 2, "fun_type": 6, "overlap": 25, "nmegabins": 9, "poly_size": 965, "bit_len": 60}, "s_output": {"result": 783, "hashing_t": 9.22604, "oprf_t": 801.655, "poly_t": 320.934, "poly_trans_t": 0.079816, "aby_online_t": 114.468, "aby_setup_t": 290.956, "aby_total_t": 405.424, "aby_baseot_t": 505.177, "total_t": 2872.18, "nobase_t": 2030.6, "poly_d_rs": [0, 138960], "oprf_d_rs": [83297, 16944], "aby_online_d_rs": [89494, 1368694], "aby_setup_d_rs": [5099622, 3809357], "aby_total_d_rs": [5189116, 5178051], "aby_baseot_d_rs": [49956, 49956], "total_d_rs": [5272413, 5333955], "nobase_d_rs": [5222384, 5267099]}, "c_output": {"result": 783, "hashing_t": 1.716, "oprf_t": 1494.43, "poly_t": 44.922, "poly_trans_t": 364.948, "aby_online_t": 114.005, "aby_setup_t": 293.869, "aby_total_t": 407.874, "aby_baseot_t": 509.838, "total_t": 2872.2, "nobase_t": 1644.58, "poly_d_rs": [138960, 0], "oprf_d_rs": [16944, 83297], "aby_online_d_rs": [1368694, 89494], "aby_setup_d_rs": [3809366, 5099622], "aby_total_d_rs": [5178060, 5189116], "aby_baseot_d_rs": [49956, 49956], "total_d_rs": [5333964, 5272413], "nobase_d_rs": [5267108, 5222384]}, "batch": "Unbalanced10PayloadABSumDA_1"}