{"setup": "desktop-app", "repeat": 0, "parameters": {"client_neles": 1024, "server_neles": 1024, "epsilon": 1.27, "server_ip": "192.168.0.2", "port": 7777, "threads": 1, "threshold": 0, "n_fun": 3, "payload_bl": 2, "fun_type": 6, "overlap": 25, "nmegabins": 4, "poly_size": 947, "bit_len": 60}, "s_output": {"result": 783, "hashing_t": 1.27764, "oprf_t": 745.483, "poly_t": 169.983, "poly_trans_t": 0.052724, "aby_online_t": 118.709, "aby_setup_t": 293.51, "aby_total_t": 412.219, "aby_baseot_t": 519.056, "total_t": 2632.26, "nobase_t": 1802.61, "poly_d_rs": [0, 60608], "oprf_d_rs": [83297, 16944], "aby_online_d_rs": [69660, 1368703], "aby_setup_d_rs": [5119456, 3809357], "aby_total_d_rs": [5189116, 5178060], "aby_baseot_d_rs": [49956, 49956], "total_d_rs": [5272413, 5255612], "nobase_d_rs": [5222384, 5188756]}, "c_output": {"result": 783, "hashing_t": 1.667, "oprf_t": 1413.22, "poly_t": 47.149, "poly_trans_t": 185.972, "aby_online_t": 121.584, "aby_setup_t": 292.79, "aby_total_t": 414.374, "aby_baseot_t": 522.937, "total_t": 2633.62, "nobase_t": 1448.71, "poly_d_rs": [60608, 0], "oprf_d_rs": [16944, 83297], "aby_online_d_rs": [1368703, 89494], "aby_setup_d_rs": [3809357, 5099622], "aby_total_d_rs": [5178060, 5189116], "aby_baseot_d_rs": [49956, 49948], "total_d_rs": [5255612, 5272413], "nobase_d_rs": [5188756, 5222392]}, "batch": "Unbalanced10PayloadABSumDA_1"}