{"setup": "desktop-app", "repeat": 4, "parameters": {"client_neles": 1024, "server_neles": 4096, "epsilon": 1.27, "server_ip": "192.168.0.2", "port": 7777, "threads": 1, "threshold": 0, "n_fun": 3, "payload_bl": 2, "fun_type": 6, "overlap": 25, "nmegabins": 17, "poly_size": 976, "bit_len": 60}, "s_output": {"result": 783, "hashing_t": 4.28393, "oprf_t": 825.673, "poly_t": 545.216, "poly_trans_t": 4.98269, "aby_online_t": 105.689, "aby_setup_t": 270.2, "aby_total_t": 375.889, "aby_baseot_t": 500.185, "total_t": 3076.41, "nobase_t": 2243.28, "poly_d_rs": [0, 265472], "oprf_d_rs": [83297, 16944], "aby_online_d_rs": [89485, 1368703], "aby_setup_d_rs": [5099631, 3809357], "aby_total_d_rs": [5189116, 5178060], "aby_baseot_d_rs": [49956, 49956], "total_d_rs": [5272413, 5460476], "nobase_d_rs": [5222384, 5393620]}, "c_output": {"result": 783, "hashing_t": 1.139, "oprf_t": 1473.73, "poly_t": 49.535, "poly_trans_t": 588.682, "aby_online_t": 107.878, "aby_setup_t": 269.35, "aby_total_t": 377.228, "aby_baseot_t": 504.619, "total_t": 3075.86, "nobase_t": 1844.56, "poly_d_rs": [265472, 0], "oprf_d_rs": [16944, 83297], "aby_online_d_rs": [1368703, 89494], "aby_setup_d_rs": [3809357, 5099622], "aby_total_d_rs": [5178060, 5189116], "aby_baseot_d_rs": [49956, 49948], "total_d_rs": [5460476, 5272413], "nobase_d_rs": [5393620, 5222392]}, "batch": "Unbalanced10PayloadABSumDA_1"}