{"setup": "desktop-app", "repeat": 3, "parameters": {"client_neles": 1024, "server_neles": 1024, "epsilon": 1.27, "server_ip": "192.168.0.2", "port": 7777, "threads": 1, "threshold": 0, "n_fun": 3, "payload_bl": 2, "fun_type": 6, "overlap": 25, "nmegabins": 4, "poly_size": 947, "bit_len": 60}, "s_output": {"result": 783, "hashing_t": 4.93872, "oprf_t": 801.399, "poly_t": 175.676, "poly_trans_t": 0.053365, "aby_online_t": 124.675, "aby_setup_t": 285.204, "aby_total_t": 409.879, "aby_baseot_t": 502.778, "total_t": 2695.76, "nobase_t": 1845.83, "poly_d_rs": [0, 60608], "oprf_d_rs": [83297, 16944], "aby_online_d_rs": [69660, 1368703], "aby_setup_d_rs": [5119456, 3809357], "aby_total_d_rs": [5189116, 5178060], "aby_baseot_d_rs": [49956, 49956], "total_d_rs": [5272413, 5255612], "nobase_d_rs": [5222384, 5188756]}, "c_output": {"result": 783, "hashing_t": 1.928, "oprf_t": 1487.86, "poly_t": 54.687, "poly_trans_t": 185.234, "aby_online_t": 127.794, "aby_setup_t": 284.33, "aby_total_t": 412.124, "aby_baseot_t": 505.348, "total_t": 2696.16, "nobase_t": 1476.09, "poly_d_rs": [60608, 0], "oprf_d_rs": [16944, 83297], "aby_online_d_rs": [1368703, 89494], "aby_setup_d_rs": [3809357, 5099622], "aby_total_d_rs": [5178060, 5189116], "aby_baseot_d_rs": [49956, 49956], "total_d_rs": [5255612, 5272413], "nobase_d_rs": [5188756, 5222384]}, "batch": "Unbalanced10PayloadABSumDA_1"}