{"setup": "desktop-app", "repeat": 4, "parameters": {"client_neles": 1024, "server_neles": 2048, "epsilon": 1.27, "server_ip": "192.168.0.2", "port": 7777, "threads": 1, "threshold": 0, "n_fun": 3, "payload_bl": 2, "fun_type": 6, "overlap": 25, "nmegabins": 9, "poly_size": 965, "bit_len": 60}, "s_output": {"result": 783, "hashing_t": 2.53352, "oprf_t": 814.513, "poly_t": 307.357, "poly_trans_t": 0.085514, "aby_online_t": 129.716, "aby_setup_t": 301.029, "aby_total_t": 430.745, "aby_baseot_t": 508.408, "total_t": 2851.15, "nobase_t": 2029.86, "poly_d_rs": [0, 138960], "oprf_d_rs": [83297, 16944], "aby_online_d_rs": [89485, 1368703], "aby_setup_d_rs": [5099631, 3809357], "aby_total_d_rs": [5189116, 5178060], "aby_baseot_d_rs": [49956, 49956], "total_d_rs": [5272413, 5333964], "nobase_d_rs": [5222384, 5267108]}, "c_output": {"result": 783, "hashing_t": 1.121, "oprf_t": 1443.84, "poly_t": 44.166, "poly_trans_t": 355.201, "aby_online_t": 133.799, "aby_setup_t": 300.138, "aby_total_t": 433.937, "aby_baseot_t": 512.476, "total_t": 2851.91, "nobase_t": 1633.52, "poly_d_rs": [138960, 0], "oprf_d_rs": [16944, 83297], "aby_online_d_rs": [1368703, 89494], "aby_setup_d_rs": [3809357, 5099622], "aby_total_d_rs": [5178060, 5189116], "aby_baseot_d_rs": [49956, 49956], "total_d_rs": [5333964, 5272413], "nobase_d_rs": [5267108, 5222384]}, "batch": "Unbalanced10PayloadABSumDA_1"}