{"setup": "desktop-app", "repeat": 1, "parameters": {"client_neles": 1024, "server_neles": 1024, "epsilon": 1.27, "server_ip": "192.168.0.2", "port": 7777, "threads": 1, "threshold": 0, "n_fun": 3, "payload_bl": 2, "fun_type": 6, "overlap": 25, "nmegabins": 4, "poly_size": 947, "bit_len": 60}, "s_output": {"result": 783, "hashing_t": 1.21464, "oprf_t": 787.42, "poly_t": 153.628, "poly_trans_t": 0.056503, "aby_online_t": 114.657, "aby_setup_t": 285.216, "aby_total_t": 399.873, "aby_baseot_t": 521.364, "total_t": 2643.67, "nobase_t": 1799.06, "poly_d_rs": [0, 60608], "oprf_d_rs": [83297, 16944], "aby_online_d_rs": [69660, 1368703], "aby_setup_d_rs": [5119456, 3809357], "aby_total_d_rs": [5189116, 5178060], "aby_baseot_d_rs": [49956, 49956], "total_d_rs": [5272413, 5255612], "nobase_d_rs": [5222384, 5188756]}, "c_output": {"result": 783, "hashing_t": 1.353, "oprf_t": 1464.2, "poly_t": 46.579, "poly_trans_t": 159.801, "aby_online_t": 116.423, "aby_setup_t": 283.959, "aby_total_t": 400.382, "aby_baseot_t": 525.055, "total_t": 2643.53, "nobase_t": 1407.18, "poly_d_rs": [60608, 0], "oprf_d_rs": [16944, 83297], "aby_online_d_rs": [1368703, 89494], "aby_setup_d_rs": [3809357, 5099622], "aby_total_d_rs": [5178060, 5189116], "aby_baseot_d_rs": [49956, 49948], "total_d_rs": [5255612, 5272413], "nobase_d_rs": [5188756, 5222392]}, "batch": "Unbalanced10PayloadABSumDA_1"}