{"setup": "desktop-app", "repeat": 4, "parameters": {"client_neles": 1024, "server_neles": 1024, "epsilon": 1.27, "server_ip": "192.168.0.2", "port": 7777, "threads": 1, "threshold": 0, "n_fun": 3, "payload_bl": 2, "fun_type": 6, "overlap": 25, "nmegabins": 4, "poly_size": 947, "bit_len": 60}, "s_output": {"result": 783, "hashing_t": 4.63597, "oprf_t": 805.316, "poly_t": 186.782, "poly_trans_t": 0.070351, "aby_online_t": 112.358, "aby_setup_t": 280.867, "aby_total_t": 393.225, "aby_baseot_t": 503.573, "total_t": 2710.61, "nobase_t": 1879.43, "poly_d_rs": [0, 60608], "oprf_d_rs": [83297, 16944], "aby_online_d_rs": [69660, 1368694], "aby_setup_d_rs": [5119456, 3809357], "aby_total_d_rs": [5189116, 5178051], "aby_baseot_d_rs": [49956, 49956], "total_d_rs": [5272413, 5255603], "nobase_d_rs": [5222384, 5188747]}, "c_output": {"result": 783, "hashing_t": 1.533, "oprf_t": 1501.17, "poly_t": 63.44, "poly_trans_t": 182.757, "aby_online_t": 115.602, "aby_setup_t": 279.851, "aby_total_t": 395.453, "aby_baseot_t": 505.17, "total_t": 2712.85, "nobase_t": 1491.85, "poly_d_rs": [60608, 0], "oprf_d_rs": [16944, 83297], "aby_online_d_rs": [1368703, 89494], "aby_setup_d_rs": [3809357, 5099622], "aby_total_d_rs": [5178060, 5189116], "aby_baseot_d_rs": [49956, 49956], "total_d_rs": [5255612, 5272413], "nobase_d_rs": [5188756, 5222384]}, "batch": "Unbalanced10PayloadABSumDA_1"}