{"setup": "desktop-app", "repeat": 3, "parameters": {"client_neles": 1024, "server_neles": 4096, "epsilon": 1.27, "server_ip": "192.168.0.2", "port": 7777, "threads": 1, "threshold": 0, "n_fun": 3, "payload_bl": 2, "fun_type": 6, "overlap": 25, "nmegabins": 17, "poly_size": 976, "bit_len": 60}, "s_output": {"result": 783, "hashing_t": 4.79714, "oprf_t": 802.596, "poly_t": 537.83, "poly_trans_t": 4.95766, "aby_online_t": 115.649, "aby_setup_t": 256.229, "aby_total_t": 371.878, "aby_baseot_t": 506.195, "total_t": 3032.57, "nobase_t": 2209.39, "poly_d_rs": [0, 265472], "oprf_d_rs": [83297, 16944], "aby_online_d_rs": [69660, 1368703], "aby_setup_d_rs": [5119456, 3809357], "aby_total_d_rs": [5189116, 5178060], "aby_baseot_d_rs": [49956, 49956], "total_d_rs": [5272413, 5460476], "nobase_d_rs": [5222384, 5393620]}, "c_output": {"result": 783, "hashing_t": 1.445, "oprf_t": 1439.64, "poly_t": 51.136, "poly_trans_t": 573.98, "aby_online_t": 118.036, "aby_setup_t": 255.451, "aby_total_t": 373.487, "aby_baseot_t": 510.266, "total_t": 3033.09, "nobase_t": 1811.4, "poly_d_rs": [265472, 0], "oprf_d_rs": [16944, 83297], "aby_online_d_rs": [1368703, 89494], "aby_setup_d_rs": [3809357, 5099622], "aby_total_d_rs": [5178060, 5189116], "aby_baseot_d_rs": [49956, 49948], "total_d_rs": [5460476, 5272413], "nobase_d_rs": [5393620, 5222392]}, "batch": "Unbalanced10PayloadABSumDA_1"}