{"setup": "desktop-app", "repeat": 1, "parameters": {"client_neles": 1024, "server_neles": 2048, "epsilon": 1.27, "server_ip": "192.168.0.2", "port": 7777, "threads": 1, "threshold": 0, "n_fun": 3, "payload_bl": 2, "fun_type": 6, "overlap": 25, "nmegabins": 9, "poly_size": 965, "bit_len": 60}, "s_output": {"result": 783, "hashing_t": 5.65147, "oprf_t": 814.928, "poly_t": 301.803, "poly_trans_t": 0.064109, "aby_online_t": 118.291, "aby_setup_t": 239.315, "aby_total_t": 357.606, "aby_baseot_t": 507.791, "total_t": 2848.81, "nobase_t": 2000.61, "poly_d_rs": [0, 138960], "oprf_d_rs": [83297, 16944], "aby_online_d_rs": [89494, 1368703], "aby_setup_d_rs": [5099622, 3809357], "aby_total_d_rs": [5189116, 5178060], "aby_baseot_d_rs": [49956, 49956], "total_d_rs": [5272413, 5333964], "nobase_d_rs": [5222384, 5267108]}, "c_output": {"result": 783, "hashing_t": 1.568, "oprf_t": 1523.6, "poly_t": 61.419, "poly_trans_t": 326.546, "aby_online_t": 116.868, "aby_setup_t": 242.402, "aby_total_t": 359.27, "aby_baseot_t": 512.04, "total_t": 2850.37, "nobase_t": 1605.27, "poly_d_rs": [138960, 0], "oprf_d_rs": [16944, 83297], "aby_online_d_rs": [1368694, 89494], "aby_setup_d_rs": [3809366, 5099622], "aby_total_d_rs": [5178060, 5189116], "aby_baseot_d_rs": [49956, 49948], "total_d_rs": [5333964, 5272413], "nobase_d_rs": [5267108, 5222392]}, "batch": "Unbalanced10PayloadABSumDA_1"}