{"setup": "desktop-app", "repeat": 0, "parameters": {"client_neles": 1024, "server_neles": 4096, "epsilon": 1.27, "server_ip": "192.168.0.2", "port": 7777, "threads": 1, "threshold": 0, "n_fun": 3, "payload_bl": 2, "fun_type": 6, "overlap": 25, "nmegabins": 17, "poly_size": 976, "bit_len": 60}, "s_output": {"result": 783, "hashing_t": 7.51765, "oprf_t": 817.332, "poly_t": 567.697, "poly_trans_t": 5.16831, "aby_online_t": 127.578, "aby_setup_t": 268.052, "aby_total_t": 395.63, "aby_baseot_t": 501.156, "total_t": 3111.03, "nobase_t": 2277.86, "poly_d_rs": [0, 265472], "oprf_d_rs": [83297, 16944], "aby_online_d_rs": [69660, 1368694], "aby_setup_d_rs": [5119456, 3809357], "aby_total_d_rs": [5189116, 5178051], "aby_baseot_d_rs": [49956, 49956], "total_d_rs": [5272413, 5460467], "nobase_d_rs": [5222384, 5393611]}, "c_output": {"result": 783, "hashing_t": 1.177, "oprf_t": 1486.28, "poly_t": 50.239, "poly_trans_t": 607.331, "aby_online_t": 133.361, "aby_setup_t": 265.936, "aby_total_t": 399.297, "aby_baseot_t": 505.344, "total_t": 3113.89, "nobase_t": 1882.99, "poly_d_rs": [265472, 0], "oprf_d_rs": [16944, 83297], "aby_online_d_rs": [1368703, 89494], "aby_setup_d_rs": [3809357, 5099622], "aby_total_d_rs": [5178060, 5189116], "aby_baseot_d_rs": [49956, 49956], "total_d_rs": [5460476, 5272413], "nobase_d_rs": [5393620, 5222384]}, "batch": "Unbalanced10PayloadABSumDA_1"}