{"setup": "desktop-app", "repeat": 2, "parameters": {"client_neles": 1024, "server_neles": 1024, "epsilon": 1.27, "server_ip": "192.168.0.2", "port": 7777, "threads": 1, "threshold": 0, "n_fun": 3, "payload_bl": 2, "fun_type": 6, "overlap": 25, "nmegabins": 4, "poly_size": 947, "bit_len": 60}, "s_output": {"result": 783, "hashing_t": 1.35971, "oprf_t": 816.451, "poly_t": 178.799, "poly_trans_t": 0.056442, "aby_online_t": 114.899, "aby_setup_t": 252.588, "aby_total_t": 367.487, "aby_baseot_t": 500.845, "total_t": 2640.99, "nobase_t": 1814.77, "poly_d_rs": [0, 60608], "oprf_d_rs": [83297, 16944], "aby_online_d_rs": [89494, 1368694], "aby_setup_d_rs": [5099622, 3809357], "aby_total_d_rs": [5189116, 5178051], "aby_baseot_d_rs": [49956, 49956], "total_d_rs": [5272413, 5255603], "nobase_d_rs": [5222384, 5188747]}, "c_output": {"result": 783, "hashing_t": 1.361, "oprf_t": 1476.8, "poly_t": 48.758, "poly_trans_t": 192.537, "aby_online_t": 112.57, "aby_setup_t": 256.849, "aby_total_t": 369.419, "aby_baseot_t": 504.41, "total_t": 2639.84, "nobase_t": 1405.95, "poly_d_rs": [60608, 0], "oprf_d_rs": [16944, 83297], "aby_online_d_rs": [1368694, 89494], "aby_setup_d_rs": [3809366, 5099622], "aby_total_d_rs": [5178060, 5189116], "aby_baseot_d_rs": [49956, 49956], "total_d_rs": [5255612, 5272413], "nobase_d_rs": [5188756, 5222384]}, "batch": "Unbalanced10PayloadABSumDA_1"}