{"setup": "desktop-app", "repeat": 2, "parameters": {"client_neles": 1024, "server_neles": 1024, "epsilon": 1.27, "server_ip": "192.168.0.2", "port": 7777, "threads": 1, "threshold": 0, "n_fun": 3, "payload_bl": 2, "fun_type": 0, "overlap": 25, "nmegabins": 4, "poly_size": 947, "bit_len": 60}, "s_output": {"result": 0, "hashing_t": 2.82545, "oprf_t": 713.475, "poly_t": 108.484, "poly_trans_t": 0.031475, "aby_online_t": 12.915, "aby_setup_t": 163.995, "aby_total_t": 176.91, "aby_baseot_t": 535.191, "total_t": 1590.73, "nobase_t": 773.046, "poly_d_rs": [0, 30304], "oprf_d_rs": [83297, 16944], "aby_online_d_rs": [19241, 29000], "aby_setup_d_rs": [1238602, 1228843], "aby_total_d_rs": [1257843, 1257843], "aby_baseot_d_rs": [49956, 49956], "total_d_rs": [1341140, 1305091], "nobase_d_rs": [1291111, 1238235]}, "c_output": {"result": 0, "hashing_t": 1.365, "oprf_t": 703.135, "poly_t": 32.092, "poly_trans_t": 91.389, "aby_online_t": 15.185, "aby_setup_t": 162.312, "aby_total_t": 177.497, "aby_baseot_t": 536.284, "total_t": 1590.17, "nobase_t": 384.413, "poly_d_rs": [30304, 0], "oprf_d_rs": [16944, 83297], "aby_online_d_rs": [29000, 29000], "aby_setup_d_rs": [1228843, 1228843], "aby_total_d_rs": [1257843, 1257843], "aby_baseot_d_rs": [49956, 49956], "total_d_rs": [1305091, 1341140], "nobase_d_rs": [1238235, 1291111]}, "batch": "testUn"}