{"setup": "desktop-app", "repeat": 2, "parameters": {"client_neles": 1024, "server_neles": 2048, "epsilon": 1.27, "server_ip": "192.168.0.2", "port": 7777, "threads": 1, "threshold": 0, "n_fun": 3, "payload_bl": 2, "fun_type": 0, "overlap": 25, "nmegabins": 9, "poly_size": 965, "bit_len": 60}, "s_output": {"result": 0, "hashing_t": 8.23803, "oprf_t": 740.502, "poly_t": 162.392, "poly_trans_t": 0.048199, "aby_online_t": 14.013, "aby_setup_t": 175.636, "aby_total_t": 189.649, "aby_baseot_t": 502.594, "total_t": 1665.61, "nobase_t": 876.317, "poly_d_rs": [0, 69480], "oprf_d_rs": [83297, 16944], "aby_online_d_rs": [19241, 29000], "aby_setup_d_rs": [1238602, 1228843], "aby_total_d_rs": [1257843, 1257843], "aby_baseot_d_rs": [49956, 49956], "total_d_rs": [1341140, 1344267], "nobase_d_rs": [1291111, 1277411]}, "c_output": {"result": 0, "hashing_t": 0.874, "oprf_t": 713.321, "poly_t": 31.797, "poly_trans_t": 159.368, "aby_online_t": 16.342, "aby_setup_t": 174.819, "aby_total_t": 191.161, "aby_baseot_t": 504.082, "total_t": 1664.99, "nobase_t": 477.548, "poly_d_rs": [69480, 0], "oprf_d_rs": [16944, 83297], "aby_online_d_rs": [29000, 29000], "aby_setup_d_rs": [1228843, 1228843], "aby_total_d_rs": [1257843, 1257843], "aby_baseot_d_rs": [49956, 49948], "total_d_rs": [1344267, 1341140], "nobase_d_rs": [1277411, 1291119]}, "batch": "testUn"}