{"setup": "desktop-app", "repeat": 0, "parameters": {"client_neles": 1024, "server_neles": 1024, "epsilon": 1.27, "server_ip": "192.168.0.2", "port": 7777, "threads": 1, "threshold": 0, "n_fun": 3, "payload_bl": 2, "fun_type": 0, "overlap": 25, "nmegabins": 4, "poly_size": 947, "bit_len": 60}, "s_output": {"result": 0, "hashing_t": 3.92948, "oprf_t": 744.799, "poly_t": 100.264, "poly_trans_t": 0.03104, "aby_online_t": 15.918, "aby_setup_t": 153.085, "aby_total_t": 169.003, "aby_baseot_t": 529.022, "total_t": 1596.16, "nobase_t": 776.027, "poly_d_rs": [0, 30304], "oprf_d_rs": [83297, 16944], "aby_online_d_rs": [19241, 28991], "aby_setup_d_rs": [1238602, 1228843], "aby_total_d_rs": [1257843, 1257834], "aby_baseot_d_rs": [49956, 49956], "total_d_rs": [1341140, 1305082], "nobase_d_rs": [1291111, 1238226]}, "c_output": {"result": 0, "hashing_t": 1.234, "oprf_t": 733.647, "poly_t": 25.328, "poly_trans_t": 86.461, "aby_online_t": 19.709, "aby_setup_t": 152.276, "aby_total_t": 171.985, "aby_baseot_t": 529.932, "total_t": 1597.2, "nobase_t": 365.81, "poly_d_rs": [30304, 0], "oprf_d_rs": [16944, 83297], "aby_online_d_rs": [29000, 29000], "aby_setup_d_rs": [1228843, 1228843], "aby_total_d_rs": [1257843, 1257843], "aby_baseot_d_rs": [49956, 49956], "total_d_rs": [1305091, 1341140], "nobase_d_rs": [1238235, 1291111]}, "batch": "testUn"}