{"setup": "desktop-app", "repeat": 0, "parameters": {"client_neles": 1024, "server_neles": 2048, "epsilon": 1.27, "server_ip": "192.168.0.2", "port": 7777, "threads": 1, "threshold": 0, "n_fun": 3, "payload_bl": 2, "fun_type": 0, "overlap": 25, "nmegabins": 9, "poly_size": 965, "bit_len": 60}, "s_output": {"result": 0, "hashing_t": 8.78266, "oprf_t": 746.043, "poly_t": 156.457, "poly_trans_t": 0.050443, "aby_online_t": 12.346, "aby_setup_t": 126.262, "aby_total_t": 138.608, "aby_baseot_t": 501.851, "total_t": 1601.25, "nobase_t": 800.98, "poly_d_rs": [0, 69480], "oprf_d_rs": [83297, 16944], "aby_online_d_rs": [19241, 29000], "aby_setup_d_rs": [1238602, 1228843], "aby_total_d_rs": [1257843, 1257843], "aby_baseot_d_rs": [49956, 49956], "total_d_rs": [1341140, 1344267], "nobase_d_rs": [1291111, 1277411]}, "c_output": {"result": 0, "hashing_t": 1.009, "oprf_t": 734.247, "poly_t": 21.213, "poly_trans_t": 155.545, "aby_online_t": 12.963, "aby_setup_t": 126.241, "aby_total_t": 139.204, "aby_baseot_t": 502.077, "total_t": 1600.69, "nobase_t": 397.589, "poly_d_rs": [69480, 0], "oprf_d_rs": [16944, 83297], "aby_online_d_rs": [29000, 29000], "aby_setup_d_rs": [1228843, 1228843], "aby_total_d_rs": [1257843, 1257843], "aby_baseot_d_rs": [49956, 49948], "total_d_rs": [1344267, 1341140], "nobase_d_rs": [1277411, 1291119]}, "batch": "testUn"}