{"setup": "desktop-app", "repeat": 1, "parameters": {"client_neles": 1024, "server_neles": 2048, "epsilon": 1.27, "server_ip": "192.168.0.2", "port": 7777, "threads": 1, "threshold": 0, "n_fun": 3, "payload_bl": 2, "fun_type": 0, "overlap": 25, "nmegabins": 9, "poly_size": 965, "bit_len": 60}, "s_output": {"result": 0, "hashing_t": 2.01675, "oprf_t": 795.04, "poly_t": 177.559, "poly_trans_t": 0.042484, "aby_online_t": 13.279, "aby_setup_t": 138.994, "aby_total_t": 152.273, "aby_baseot_t": 524.967, "total_t": 1692.51, "nobase_t": 845.259, "poly_d_rs": [0, 69480], "oprf_d_rs": [83297, 16944], "aby_online_d_rs": [29000, 29000], "aby_setup_d_rs": [1228843, 1228843], "aby_total_d_rs": [1257843, 1257843], "aby_baseot_d_rs": [49956, 49956], "total_d_rs": [1341140, 1344267], "nobase_d_rs": [1291111, 1277411]}, "c_output": {"result": 0, "hashing_t": 1.375, "oprf_t": 775.695, "poly_t": 19.144, "poly_trans_t": 168.86, "aby_online_t": 13.441, "aby_setup_t": 139.454, "aby_total_t": 152.895, "aby_baseot_t": 525.422, "total_t": 1690.89, "nobase_t": 423.19, "poly_d_rs": [69480, 0], "oprf_d_rs": [16944, 83297], "aby_online_d_rs": [29000, 28991], "aby_setup_d_rs": [1228843, 1228843], "aby_total_d_rs": [1257843, 1257834], "aby_baseot_d_rs": [49956, 49948], "total_d_rs": [1344267, 1341131], "nobase_d_rs": [1277411, 1291110]}, "batch": "testUn"}