{"setup": "desktop-app", "repeat": 2, "parameters": {"client_neles": 1024, "server_neles": 4096, "epsilon": 1.27, "server_ip": "192.168.0.2", "port": 7777, "threads": 1, "threshold": 0, "n_fun": 3, "payload_bl": 2, "fun_type": 0, "overlap": 25, "nmegabins": 17, "poly_size": 976, "bit_len": 60}, "s_output": {"result": 0, "hashing_t": 3.75943, "oprf_t": 766.3, "poly_t": 268.022, "poly_trans_t": 6.13659, "aby_online_t": 14.162, "aby_setup_t": 164.305, "aby_total_t": 178.467, "aby_baseot_t": 507.196, "total_t": 1789.45, "nobase_t": 1007.4, "poly_d_rs": [0, 132736], "oprf_d_rs": [83297, 16944], "aby_online_d_rs": [19241, 29000], "aby_setup_d_rs": [1238602, 1228843], "aby_total_d_rs": [1257843, 1257843], "aby_baseot_d_rs": [49956, 49956], "total_d_rs": [1341140, 1407523], "nobase_d_rs": [1291111, 1340667]}, "c_output": {"result": 0, "hashing_t": 1.397, "oprf_t": 718.751, "poly_t": 25.531, "poly_trans_t": 274.612, "aby_online_t": 16.547, "aby_setup_t": 163.208, "aby_total_t": 179.755, "aby_baseot_t": 508.928, "total_t": 1789.91, "nobase_t": 592.934, "poly_d_rs": [132736, 0], "oprf_d_rs": [16944, 83297], "aby_online_d_rs": [29000, 29000], "aby_setup_d_rs": [1228843, 1228843], "aby_total_d_rs": [1257843, 1257843], "aby_baseot_d_rs": [49956, 49947], "total_d_rs": [1407523, 1341140], "nobase_d_rs": [1340667, 1291120]}, "batch": "testUn"}