{"setup": "desktop-app", "repeat": 1, "parameters": {"client_neles": 1024, "server_neles": 1024, "epsilon": 1.27, "server_ip": "192.168.0.2", "port": 7777, "threads": 1, "threshold": 0, "n_fun": 3, "payload_bl": 2, "fun_type": 0, "overlap": 25, "nmegabins": 4, "poly_size": 947, "bit_len": 60}, "network": {"type": "WAN", "delay": 40, "loss": 0.1, "rateDown": 230, "rateUp": 230}, "s_output": {"rtt": 50.6073, "throughput": 2.49312, "result": 0, "hashing_t": 0.938857, "oprf_t": 1131.89, "poly_t": 112.059, "poly_trans_t": 0.037539, "aby_online_t": 204.876, "aby_setup_t": 2131.73, "aby_total_t": 2336.61, "aby_baseot_t": 52751.1, "total_t": 57383.3, "nobase_t": 4106.28, "poly_d_rs": [0, 30304], "oprf_d_rs": [83297, 16944], "aby_online_d_rs": [19241, 28991], "aby_setup_d_rs": [1238602, 1228843], "aby_total_d_rs": [1257843, 1257834], "aby_baseot_d_rs": [67159124, 67159124], "total_d_rs": [1341140, 1305082], "nobase_d_rs": [18446744073643733559, 18446744073643680674]}, "c_output": {"result": 0, "hashing_t": 2.468, "oprf_t": 1025.67, "poly_t": 27.899, "poly_trans_t": 167.428, "aby_online_t": 254.413, "aby_setup_t": 2127.51, "aby_total_t": 2381.92, "aby_baseot_t": 52754.6, "total_t": 57431.2, "nobase_t": 3728.37, "poly_d_rs": [30304, 0], "oprf_d_rs": [16944, 83297], "aby_online_d_rs": [29000, 29000], "aby_setup_d_rs": [1228843, 1228843], "aby_total_d_rs": [1257843, 1257843], "aby_baseot_d_rs": [67159124, 67159124], "total_d_rs": [1305091, 1341140], "nobase_d_rs": [18446744073643680683, 18446744073643733559]}, "batch": "NetworkDebugging_NewRTTs_WAN"}