{"setup": "desktop-app", "repeat": 4, "parameters": {"client_neles": 1024, "server_neles": 1024, "epsilon": 1.27, "server_ip": "192.168.0.2", "port": 7777, "threads": 1, "threshold": 0, "n_fun": 3, "payload_bl": 2, "fun_type": 0, "overlap": 25, "nmegabins": 4, "poly_size": 947, "bit_len": 60}, "network": {"type": "WAN", "delay": 40, "loss": 0.1, "rateDown": 230, "rateUp": 230}, "s_output": {"rtt": 50.8416, "throughput": 2.71712, "result": 0, "hashing_t": 2.36002, "oprf_t": 1000.37, "poly_t": 106.543, "poly_trans_t": 0.048714, "aby_online_t": 209.608, "aby_setup_t": 1313.47, "aby_total_t": 1523.08, "aby_baseot_t": 48452.0, "total_t": 52111.2, "nobase_t": 3178.59, "poly_d_rs": [0, 30304], "oprf_d_rs": [83297, 16944], "aby_online_d_rs": [28991, 28991], "aby_setup_d_rs": [1228852, 1228843], "aby_total_d_rs": [1257843, 1257834], "aby_baseot_d_rs": [67159124, 67159124], "total_d_rs": [1341140, 1305082], "nobase_d_rs": [18446744073643733559, 18446744073643680674]}, "c_output": {"result": 0, "hashing_t": 2.602, "oprf_t": 896.402, "poly_t": 28.728, "poly_trans_t": 152.051, "aby_online_t": 258.358, "aby_setup_t": 1317.75, "aby_total_t": 1576.11, "aby_baseot_t": 48457.8, "total_t": 52163.0, "nobase_t": 2890.05, "poly_d_rs": [30304, 0], "oprf_d_rs": [16944, 83297], "aby_online_d_rs": [29000, 29000], "aby_setup_d_rs": [1228843, 1228843], "aby_total_d_rs": [1257843, 1257843], "aby_baseot_d_rs": [67159124, 67159124], "total_d_rs": [1305091, 1341140], "nobase_d_rs": [18446744073643680683, 18446744073643733559]}, "batch": "NetworkDebugging_NewRTTs_WAN"}