{"setup": "desktop-app", "repeat": 3, "parameters": {"client_neles": 1024, "server_neles": 1024, "epsilon": 1.27, "server_ip": "192.168.0.2", "port": 7777, "threads": 1, "threshold": 0, "n_fun": 3, "payload_bl": 2, "fun_type": 0, "overlap": 25, "nmegabins": 4, "poly_size": 947, "bit_len": 60}, "network": {"type": "WAN", "delay": 40, "loss": 0.1, "rateDown": 230, "rateUp": 230}, "s_output": {"rtt": 50.6369, "throughput": 2.76891, "result": 0, "hashing_t": 1.11077, "oprf_t": 977.508, "poly_t": 113.216, "poly_trans_t": 0.035849, "aby_online_t": 222.626, "aby_setup_t": 1104.55, "aby_total_t": 1327.17, "aby_baseot_t": 47655.6, "total_t": 51130.1, "nobase_t": 3022.25, "poly_d_rs": [0, 30304], "oprf_d_rs": [83297, 16944], "aby_online_d_rs": [28991, 29000], "aby_setup_d_rs": [1228852, 1228843], "aby_total_d_rs": [1257843, 1257843], "aby_baseot_d_rs": [67159124, 67159124], "total_d_rs": [1341140, 1305091], "nobase_d_rs": [18446744073643733559, 18446744073643680683]}, "c_output": {"result": 0, "hashing_t": 2.619, "oprf_t": 873.563, "poly_t": 29.366, "poly_trans_t": 148.937, "aby_online_t": 262.963, "aby_setup_t": 1108.44, "aby_total_t": 1371.4, "aby_baseot_t": 47658.9, "total_t": 51167.4, "nobase_t": 2708.37, "poly_d_rs": [30304, 0], "oprf_d_rs": [16944, 83297], "aby_online_d_rs": [29000, 29000], "aby_setup_d_rs": [1228843, 1228843], "aby_total_d_rs": [1257843, 1257843], "aby_baseot_d_rs": [67159124, 67159124], "total_d_rs": [1305091, 1341140], "nobase_d_rs": [18446744073643680683, 18446744073643733559]}, "batch": "NetworkDebugging_NewRTTs_WAN"}