{"setup": "desktop-app", "repeat": 6, "parameters": {"client_neles": 1024, "server_neles": 2048, "epsilon": 1.27, "server_ip": "192.168.0.2", "port": 7777, "threads": 1, "threshold": 0, "n_fun": 3, "payload_bl": 2, "fun_type": 0, "overlap": 25, "nmegabins": 9, "poly_size": 965, "bit_len": 51}, "s_output": {"result": 0, "hashing_t": 2.21771, "oprf_t": 775.354, "poly_t": 153.358, "poly_trans_t": 0.038657, "aby_online_t": 15.974, "aby_setup_t": 110.545, "aby_total_t": 126.519, "aby_baseot_t": 515.608, "total_t": 1630.08, "nobase_t": 793.936, "poly_d_rs": [0, 69480], "oprf_d_rs": [83297, 16944], "aby_online_d_rs": [16317, 24605], "aby_setup_d_rs": [1050772, 1042475], "aby_total_d_rs": [1067089, 1067080], "aby_baseot_d_rs": [49956, 49956], "total_d_rs": [1150386, 1153504], "nobase_d_rs": [1100357, 1086648]}, "c_output": {"result": 0, "hashing_t": 1.299, "oprf_t": 743.731, "poly_t": 27.346, "poly_trans_t": 148.44, "aby_online_t": 19.619, "aby_setup_t": 110.369, "aby_total_t": 129.988, "aby_baseot_t": 516.99, "total_t": 1632.4, "nobase_t": 402.363, "poly_d_rs": [69480, 0], "oprf_d_rs": [16944, 83297], "aby_online_d_rs": [24623, 24614], "aby_setup_d_rs": [1042475, 1042475], "aby_total_d_rs": [1067098, 1067089], "aby_baseot_d_rs": [49956, 49948], "total_d_rs": [1153522, 1150386], "nobase_d_rs": [1086666, 1100365]}, "batch": "Unbalanced10AnalyticsDA_2"}