{"setup": "desktop-app", "repeat": 13, "parameters": {"client_neles": 1024, "server_neles": 1024, "epsilon": 1.27, "server_ip": "192.168.0.2", "port": 7777, "threads": 1, "threshold": 0, "n_fun": 3, "payload_bl": 2, "fun_type": 0, "overlap": 25, "nmegabins": 4, "poly_size": 947, "bit_len": 51}, "s_output": {"result": 0, "hashing_t": 1.21358, "oprf_t": 937.423, "poly_t": 86.7184, "poly_trans_t": 0.048704, "aby_online_t": 17.968, "aby_setup_t": 140.241, "aby_total_t": 158.209, "aby_baseot_t": 530.331, "total_t": 1755.84, "nobase_t": 680.902, "poly_d_rs": [0, 30304], "oprf_d_rs": [83297, 16944], "aby_online_d_rs": [16317, 24614], "aby_setup_d_rs": [1050772, 1042475], "aby_total_d_rs": [1067089, 1067089], "aby_baseot_d_rs": [49956, 49956], "total_d_rs": [1150386, 1114337], "nobase_d_rs": [1100357, 1047481]}, "c_output": {"result": 0, "hashing_t": 4.231, "oprf_t": 918.865, "poly_t": 20.388, "poly_trans_t": 73.268, "aby_online_t": 19.112, "aby_setup_t": 139.986, "aby_total_t": 159.098, "aby_baseot_t": 530.748, "total_t": 1753.86, "nobase_t": 334.943, "poly_d_rs": [30304, 0], "oprf_d_rs": [16944, 83297], "aby_online_d_rs": [24614, 24614], "aby_setup_d_rs": [1042475, 1042475], "aby_total_d_rs": [1067089, 1067089], "aby_baseot_d_rs": [49956, 49956], "total_d_rs": [1114337, 1150386], "nobase_d_rs": [1047481, 1100357]}, "batch": "Unbalanced10AnalyticsDA_2"}