{"setup": "desktop-app", "repeat": 23, "parameters": {"client_neles": 1024, "server_neles": 2048, "epsilon": 1.27, "server_ip": "192.168.0.2", "port": 7777, "threads": 1, "threshold": 0, "n_fun": 3, "payload_bl": 2, "fun_type": 0, "overlap": 25, "nmegabins": 9, "poly_size": 965, "bit_len": 51}, "s_output": {"result": 0, "hashing_t": 4.22288, "oprf_t": 743.656, "poly_t": 153.957, "poly_trans_t": 0.038959, "aby_online_t": 16.021, "aby_setup_t": 105.019, "aby_total_t": 121.04, "aby_baseot_t": 517.79, "total_t": 1594.55, "nobase_t": 778.428, "poly_d_rs": [0, 69480], "oprf_d_rs": [83297, 16944], "aby_online_d_rs": [24605, 24614], "aby_setup_d_rs": [1042484, 1042475], "aby_total_d_rs": [1067089, 1067089], "aby_baseot_d_rs": [49956, 49956], "total_d_rs": [1150386, 1153513], "nobase_d_rs": [1100357, 1086657]}, "c_output": {"result": 0, "hashing_t": 1.24, "oprf_t": 712.976, "poly_t": 23.956, "poly_trans_t": 150.388, "aby_online_t": 16.444, "aby_setup_t": 104.4, "aby_total_t": 120.844, "aby_baseot_t": 519.179, "total_t": 1593.59, "nobase_t": 393.443, "poly_d_rs": [69480, 0], "oprf_d_rs": [16944, 83297], "aby_online_d_rs": [24614, 24605], "aby_setup_d_rs": [1042475, 1042475], "aby_total_d_rs": [1067089, 1067080], "aby_baseot_d_rs": [49956, 49956], "total_d_rs": [1153513, 1150377], "nobase_d_rs": [1086657, 1100348]}, "batch": "Unbalanced10AnalyticsDA_2"}