{"setup": "desktop-app", "repeat": 5, "parameters": {"client_neles": 1024, "server_neles": 1024, "epsilon": 1.27, "server_ip": "192.168.0.2", "port": 7777, "threads": 1, "threshold": 0, "n_fun": 3, "payload_bl": 2, "fun_type": 0, "overlap": 25, "nmegabins": 4, "poly_size": 947, "bit_len": 51}, "s_output": {"result": 0, "hashing_t": 4.08179, "oprf_t": 773.671, "poly_t": 99.7325, "poly_trans_t": 0.030847, "aby_online_t": 11.779, "aby_setup_t": 127.056, "aby_total_t": 138.835, "aby_baseot_t": 521.442, "total_t": 1583.89, "nobase_t": 770.984, "poly_d_rs": [0, 30304], "oprf_d_rs": [83297, 16944], "aby_online_d_rs": [16317, 24605], "aby_setup_d_rs": [1050772, 1042475], "aby_total_d_rs": [1067089, 1067080], "aby_baseot_d_rs": [49956, 49956], "total_d_rs": [1150386, 1114328], "nobase_d_rs": [1100357, 1047472]}, "c_output": {"result": 0, "hashing_t": 1.605, "oprf_t": 760.232, "poly_t": 23.825, "poly_trans_t": 90.379, "aby_online_t": 14.361, "aby_setup_t": 126.436, "aby_total_t": 140.797, "aby_baseot_t": 521.913, "total_t": 1584.69, "nobase_t": 330.628, "poly_d_rs": [30304, 0], "oprf_d_rs": [16944, 83297], "aby_online_d_rs": [24614, 24614], "aby_setup_d_rs": [1042475, 1042475], "aby_total_d_rs": [1067089, 1067089], "aby_baseot_d_rs": [49956, 49948], "total_d_rs": [1114337, 1150386], "nobase_d_rs": [1047481, 1100365]}, "batch": "Unbalanced10AnalyticsDA_2"}