{"setup": "desktop-app", "repeat": 4, "parameters": {"client_neles": 1024, "server_neles": 1024, "epsilon": 1.27, "server_ip": "192.168.0.2", "port": 7777, "threads": 1, "threshold": 0, "n_fun": 3, "payload_bl": 2, "fun_type": 0, "overlap": 25, "nmegabins": 4, "poly_size": 947, "bit_len": 51}, "s_output": {"result": 0, "hashing_t": 4.20334, "oprf_t": 724.101, "poly_t": 105.555, "poly_trans_t": 0.030083, "aby_online_t": 11.165, "aby_setup_t": 106.092, "aby_total_t": 117.257, "aby_baseot_t": 531.88, "total_t": 1528.88, "nobase_t": 701.799, "poly_d_rs": [0, 30304], "oprf_d_rs": [83297, 16944], "aby_online_d_rs": [24613, 24605], "aby_setup_d_rs": [1042476, 1042475], "aby_total_d_rs": [1067089, 1067080], "aby_baseot_d_rs": [49956, 49956], "total_d_rs": [1150386, 1114328], "nobase_d_rs": [1100357, 1047472]}, "c_output": {"result": 0, "hashing_t": 1.221, "oprf_t": 703.494, "poly_t": 24.889, "poly_trans_t": 72.364, "aby_online_t": 13.267, "aby_setup_t": 106.297, "aby_total_t": 119.564, "aby_baseot_t": 532.604, "total_t": 1530.4, "nobase_t": 309.78, "poly_d_rs": [30304, 0], "oprf_d_rs": [16944, 83297], "aby_online_d_rs": [24614, 24614], "aby_setup_d_rs": [1042475, 1042475], "aby_total_d_rs": [1067089, 1067089], "aby_baseot_d_rs": [49956, 49948], "total_d_rs": [1114337, 1150386], "nobase_d_rs": [1047481, 1100365]}, "batch": "Unbalanced10AnalyticsDA_2"}