{"setup": "desktop-app", "repeat": 7, "parameters": {"client_neles": 1024, "server_neles": 1024, "epsilon": 1.27, "server_ip": "192.168.0.2", "port": 7777, "threads": 1, "threshold": 0, "n_fun": 3, "payload_bl": 2, "fun_type": 0, "overlap": 25, "nmegabins": 4, "poly_size": 947, "bit_len": 51}, "s_output": {"result": 0, "hashing_t": 4.13933, "oprf_t": 788.841, "poly_t": 102.464, "poly_trans_t": 0.030712, "aby_online_t": 17.792, "aby_setup_t": 141.628, "aby_total_t": 159.42, "aby_baseot_t": 509.315, "total_t": 1614.15, "nobase_t": 816.089, "poly_d_rs": [0, 30304], "oprf_d_rs": [83297, 16944], "aby_online_d_rs": [16317, 24614], "aby_setup_d_rs": [1050772, 1042475], "aby_total_d_rs": [1067089, 1067089], "aby_baseot_d_rs": [49956, 49956], "total_d_rs": [1150386, 1114337], "nobase_d_rs": [1100357, 1047481]}, "c_output": {"result": 0, "hashing_t": 1.927, "oprf_t": 778.131, "poly_t": 28.722, "poly_trans_t": 71.021, "aby_online_t": 18.843, "aby_setup_t": 140.933, "aby_total_t": 159.776, "aby_baseot_t": 510.038, "total_t": 1613.7, "nobase_t": 365.025, "poly_d_rs": [30304, 0], "oprf_d_rs": [16944, 83297], "aby_online_d_rs": [24614, 24614], "aby_setup_d_rs": [1042475, 1042475], "aby_total_d_rs": [1067089, 1067089], "aby_baseot_d_rs": [49956, 49956], "total_d_rs": [1114337, 1150386], "nobase_d_rs": [1047481, 1100357]}, "batch": "Unbalanced10AnalyticsDA_2"}