{"setup": "desktop-app", "repeat": 14, "parameters": {"client_neles": 1024, "server_neles": 4096, "epsilon": 1.27, "server_ip": "192.168.0.2", "port": 7777, "threads": 1, "threshold": 0, "n_fun": 3, "payload_bl": 2, "fun_type": 0, "overlap": 25, "nmegabins": 17, "poly_size": 976, "bit_len": 51}, "s_output": {"result": 0, "hashing_t": 5.15697, "oprf_t": 771.202, "poly_t": 279.899, "poly_trans_t": 4.88249, "aby_online_t": 14.219, "aby_setup_t": 106.524, "aby_total_t": 120.743, "aby_baseot_t": 511.759, "total_t": 1754.14, "nobase_t": 960.318, "poly_d_rs": [0, 132736], "oprf_d_rs": [83297, 16944], "aby_online_d_rs": [24614, 24614], "aby_setup_d_rs": [1042475, 1042475], "aby_total_d_rs": [1067089, 1067089], "aby_baseot_d_rs": [49956, 49956], "total_d_rs": [1150386, 1216769], "nobase_d_rs": [1100357, 1149913]}, "c_output": {"result": 0, "hashing_t": 1.499, "oprf_t": 724.895, "poly_t": 25.618, "poly_trans_t": 279.129, "aby_online_t": 13.408, "aby_setup_t": 109.03, "aby_total_t": 122.438, "aby_baseot_t": 514.053, "total_t": 1755.17, "nobase_t": 545.785, "poly_d_rs": [132736, 0], "oprf_d_rs": [16944, 83297], "aby_online_d_rs": [24605, 24614], "aby_setup_d_rs": [1042484, 1042475], "aby_total_d_rs": [1067089, 1067089], "aby_baseot_d_rs": [49956, 49956], "total_d_rs": [1216769, 1150386], "nobase_d_rs": [1149913, 1100357]}, "batch": "Unbalanced10AnalyticsDA_2"}