{"setup": "desktop-app", "repeat": 2, "parameters": {"client_neles": 1024, "server_neles": 1024, "epsilon": 1.27, "server_ip": "192.168.0.2", "port": 7777, "threads": 1, "threshold": 0, "n_fun": 3, "payload_bl": 2, "fun_type": 0, "overlap": 25, "nmegabins": 4, "poly_size": 947, "bit_len": 51}, "s_output": {"result": 0, "hashing_t": 4.17502, "oprf_t": 746.762, "poly_t": 100.092, "poly_trans_t": 0.030456, "aby_online_t": 14.542, "aby_setup_t": 138.366, "aby_total_t": 152.908, "aby_baseot_t": 531.861, "total_t": 1579.62, "nobase_t": 744.806, "poly_d_rs": [0, 30304], "oprf_d_rs": [83297, 16944], "aby_online_d_rs": [16317, 24605], "aby_setup_d_rs": [1050772, 1042475], "aby_total_d_rs": [1067089, 1067080], "aby_baseot_d_rs": [49956, 49956], "total_d_rs": [1150386, 1114328], "nobase_d_rs": [1100357, 1047472]}, "c_output": {"result": 0, "hashing_t": 1.428, "oprf_t": 736.182, "poly_t": 22.161, "poly_trans_t": 88.314, "aby_online_t": 16.806, "aby_setup_t": 138.047, "aby_total_t": 154.853, "aby_baseot_t": 532.689, "total_t": 1580.24, "nobase_t": 327.723, "poly_d_rs": [30304, 0], "oprf_d_rs": [16944, 83297], "aby_online_d_rs": [24614, 24614], "aby_setup_d_rs": [1042475, 1042475], "aby_total_d_rs": [1067089, 1067089], "aby_baseot_d_rs": [49956, 49956], "total_d_rs": [1114337, 1150386], "nobase_d_rs": [1047481, 1100357]}, "batch": "Unbalanced10AnalyticsDA_2"}