{"setup": "desktop-app", "repeat": 11, "parameters": {"client_neles": 1024, "server_neles": 2048, "epsilon": 1.27, "server_ip": "192.168.0.2", "port": 7777, "threads": 1, "threshold": 0, "n_fun": 3, "payload_bl": 2, "fun_type": 0, "overlap": 25, "nmegabins": 9, "poly_size": 965, "bit_len": 60}, "s_output": {"result": 0, "hashing_t": 2.28535, "oprf_t": 704.958, "poly_t": 163.94, "poly_trans_t": 0.04001, "aby_online_t": 16.406, "aby_setup_t": 120.23, "aby_total_t": 136.636, "aby_baseot_t": 513.58, "total_t": 1580.74, "nobase_t": 755.94, "poly_d_rs": [0, 69480], "oprf_d_rs": [83297, 16944], "aby_online_d_rs": [29000, 29000], "aby_setup_d_rs": [1228843, 1228843], "aby_total_d_rs": [1257843, 1257843], "aby_baseot_d_rs": [49956, 49956], "total_d_rs": [1341140, 1344267], "nobase_d_rs": [1291111, 1277411]}, "c_output": {"result": 0, "hashing_t": 1.378, "oprf_t": 686.697, "poly_t": 28.107, "poly_trans_t": 160.295, "aby_online_t": 12.833, "aby_setup_t": 123.564, "aby_total_t": 136.397, "aby_baseot_t": 515.444, "total_t": 1579.16, "nobase_t": 405.491, "poly_d_rs": [69480, 0], "oprf_d_rs": [16944, 83297], "aby_online_d_rs": [28991, 28991], "aby_setup_d_rs": [1228852, 1228843], "aby_total_d_rs": [1257843, 1257834], "aby_baseot_d_rs": [49956, 49947], "total_d_rs": [1344267, 1341131], "nobase_d_rs": [1277411, 1291111]}, "batch": "Unbalanced10AnalyticsDA_2"}