{"setup": "desktop-app", "repeat": 3, "parameters": {"client_neles": 1024, "server_neles": 1024, "epsilon": 1.27, "server_ip": "192.168.0.2", "port": 7777, "threads": 1, "threshold": 0, "n_fun": 3, "payload_bl": 2, "fun_type": 0, "overlap": 25, "nmegabins": 4, "poly_size": 947, "bit_len": 51}, "s_output": {"result": 0, "hashing_t": 1.05006, "oprf_t": 734.448, "poly_t": 81.6377, "poly_trans_t": 0.031282, "aby_online_t": 11.865, "aby_setup_t": 129.386, "aby_total_t": 141.251, "aby_baseot_t": 520.779, "total_t": 1527.17, "nobase_t": 694.76, "poly_d_rs": [0, 30304], "oprf_d_rs": [83297, 16944], "aby_online_d_rs": [24614, 24614], "aby_setup_d_rs": [1042475, 1042475], "aby_total_d_rs": [1067089, 1067089], "aby_baseot_d_rs": [49956, 49956], "total_d_rs": [1150386, 1114337], "nobase_d_rs": [1100357, 1047481]}, "c_output": {"result": 0, "hashing_t": 1.399, "oprf_t": 718.066, "poly_t": 29.022, "poly_trans_t": 71.771, "aby_online_t": 12.66, "aby_setup_t": 128.631, "aby_total_t": 141.291, "aby_baseot_t": 520.15, "total_t": 1525.72, "nobase_t": 316.728, "poly_d_rs": [30304, 0], "oprf_d_rs": [16944, 83297], "aby_online_d_rs": [24614, 24605], "aby_setup_d_rs": [1042475, 1042475], "aby_total_d_rs": [1067089, 1067080], "aby_baseot_d_rs": [49956, 49956], "total_d_rs": [1114337, 1150377], "nobase_d_rs": [1047481, 1100348]}, "batch": "Unbalanced10AnalyticsDA_2"}