{"setup": "desktop-app", "repeat": 13, "parameters": {"client_neles": 1024, "server_neles": 1024, "epsilon": 1.27, "server_ip": "192.168.0.2", "port": 7777, "threads": 1, "threshold": 0, "n_fun": 3, "payload_bl": 2, "fun_type": 0, "overlap": 25, "nmegabins": 4, "poly_size": 947, "bit_len": 60}, "s_output": {"result": 0, "hashing_t": 0.999957, "oprf_t": 727.377, "poly_t": 83.2951, "poly_trans_t": 0.031101, "aby_online_t": 16.946, "aby_setup_t": 152.579, "aby_total_t": 169.525, "aby_baseot_t": 519.967, "total_t": 1553.6, "nobase_t": 754.998, "poly_d_rs": [0, 30304], "oprf_d_rs": [83297, 16944], "aby_online_d_rs": [28991, 29000], "aby_setup_d_rs": [1228852, 1228843], "aby_total_d_rs": [1257843, 1257843], "aby_baseot_d_rs": [49956, 49956], "total_d_rs": [1341140, 1305091], "nobase_d_rs": [1291111, 1238235]}, "c_output": {"result": 0, "hashing_t": 1.375, "oprf_t": 714.735, "poly_t": 28.509, "poly_trans_t": 69.516, "aby_online_t": 19.479, "aby_setup_t": 152.346, "aby_total_t": 171.825, "aby_baseot_t": 521.336, "total_t": 1554.92, "nobase_t": 351.0, "poly_d_rs": [30304, 0], "oprf_d_rs": [16944, 83297], "aby_online_d_rs": [29000, 29000], "aby_setup_d_rs": [1228843, 1228843], "aby_total_d_rs": [1257843, 1257843], "aby_baseot_d_rs": [49956, 49948], "total_d_rs": [1305091, 1341140], "nobase_d_rs": [1238235, 1291119]}, "batch": "Unbalanced10AnalyticsDA_2"}