{"setup": "desktop-app", "repeat": 7, "parameters": {"client_neles": 1024, "server_neles": 2048, "epsilon": 1.27, "server_ip": "192.168.0.2", "port": 7777, "threads": 1, "threshold": 0, "n_fun": 3, "payload_bl": 2, "fun_type": 0, "overlap": 25, "nmegabins": 9, "poly_size": 965, "bit_len": 60}, "s_output": {"result": 0, "hashing_t": 2.86779, "oprf_t": 709.884, "poly_t": 173.398, "poly_trans_t": 0.033517, "aby_online_t": 18.955, "aby_setup_t": 202.487, "aby_total_t": 221.442, "aby_baseot_t": 527.021, "total_t": 1682.7, "nobase_t": 876.585, "poly_d_rs": [0, 69480], "oprf_d_rs": [83297, 16944], "aby_online_d_rs": [28991, 28991], "aby_setup_d_rs": [1228852, 1228843], "aby_total_d_rs": [1257843, 1257834], "aby_baseot_d_rs": [49956, 49956], "total_d_rs": [1341140, 1344258], "nobase_d_rs": [1291111, 1277402]}, "c_output": {"result": 0, "hashing_t": 1.216, "oprf_t": 682.533, "poly_t": 20.403, "poly_trans_t": 163.69, "aby_online_t": 22.611, "aby_setup_t": 201.724, "aby_total_t": 224.335, "aby_baseot_t": 527.516, "total_t": 1682.88, "nobase_t": 511.781, "poly_d_rs": [69480, 0], "oprf_d_rs": [16944, 83297], "aby_online_d_rs": [29000, 29000], "aby_setup_d_rs": [1228843, 1228843], "aby_total_d_rs": [1257843, 1257843], "aby_baseot_d_rs": [49956, 49948], "total_d_rs": [1344267, 1341140], "nobase_d_rs": [1277411, 1291119]}, "batch": "Unbalanced10AnalyticsDA_2"}