{"setup": "desktop-app", "repeat": 14, "parameters": {"client_neles": 1024, "server_neles": 1024, "epsilon": 1.27, "server_ip": "192.168.0.2", "port": 7777, "threads": 1, "threshold": 0, "n_fun": 3, "payload_bl": 2, "fun_type": 0, "overlap": 25, "nmegabins": 4, "poly_size": 947, "bit_len": 60}, "s_output": {"result": 0, "hashing_t": 3.46592, "oprf_t": 734.144, "poly_t": 103.355, "poly_trans_t": 0.031422, "aby_online_t": 11.16, "aby_setup_t": 106.961, "aby_total_t": 118.121, "aby_baseot_t": 531.154, "total_t": 1534.85, "nobase_t": 709.835, "poly_d_rs": [0, 30304], "oprf_d_rs": [83297, 16944], "aby_online_d_rs": [28991, 29000], "aby_setup_d_rs": [1228852, 1228843], "aby_total_d_rs": [1257843, 1257843], "aby_baseot_d_rs": [49956, 49956], "total_d_rs": [1341140, 1305091], "nobase_d_rs": [1291111, 1238235]}, "c_output": {"result": 0, "hashing_t": 1.209, "oprf_t": 715.056, "poly_t": 22.977, "poly_trans_t": 79.187, "aby_online_t": 12.024, "aby_setup_t": 106.84, "aby_total_t": 118.864, "aby_baseot_t": 531.903, "total_t": 1533.08, "nobase_t": 317.311, "poly_d_rs": [30304, 0], "oprf_d_rs": [16944, 83297], "aby_online_d_rs": [29000, 29000], "aby_setup_d_rs": [1228843, 1228843], "aby_total_d_rs": [1257843, 1257843], "aby_baseot_d_rs": [49956, 49947], "total_d_rs": [1305091, 1341140], "nobase_d_rs": [1238235, 1291120]}, "batch": "Unbalanced10AnalyticsDA_2"}