{"setup": "desktop-app", "repeat": 21, "parameters": {"client_neles": 1024, "server_neles": 1024, "epsilon": 1.27, "server_ip": "192.168.0.2", "port": 7777, "threads": 1, "threshold": 0, "n_fun": 3, "payload_bl": 2, "fun_type": 0, "overlap": 25, "nmegabins": 4, "poly_size": 947, "bit_len": 51}, "s_output": {"result": 0, "hashing_t": 4.11472, "oprf_t": 816.266, "poly_t": 94.429, "poly_trans_t": 0.026026, "aby_online_t": 16.636, "aby_setup_t": 145.068, "aby_total_t": 161.704, "aby_baseot_t": 516.314, "total_t": 1628.41, "nobase_t": 778.638, "poly_d_rs": [0, 30304], "oprf_d_rs": [83297, 16944], "aby_online_d_rs": [16317, 24614], "aby_setup_d_rs": [1050772, 1042475], "aby_total_d_rs": [1067089, 1067089], "aby_baseot_d_rs": [49956, 49956], "total_d_rs": [1150386, 1114337], "nobase_d_rs": [1100357, 1047481]}, "c_output": {"result": 0, "hashing_t": 1.875, "oprf_t": 804.252, "poly_t": 18.368, "poly_trans_t": 77.125, "aby_online_t": 17.84, "aby_setup_t": 144.286, "aby_total_t": 162.126, "aby_baseot_t": 516.599, "total_t": 1626.75, "nobase_t": 338.368, "poly_d_rs": [30304, 0], "oprf_d_rs": [16944, 83297], "aby_online_d_rs": [24614, 24605], "aby_setup_d_rs": [1042475, 1042475], "aby_total_d_rs": [1067089, 1067080], "aby_baseot_d_rs": [49956, 49947], "total_d_rs": [1114337, 1150377], "nobase_d_rs": [1047481, 1100357]}, "batch": "Unbalanced10AnalyticsDA_2"}