{"setup": "desktop-app", "repeat": 19, "parameters": {"client_neles": 1024, "server_neles": 2048, "epsilon": 1.27, "server_ip": "192.168.0.2", "port": 7777, "threads": 1, "threshold": 0, "n_fun": 3, "payload_bl": 2, "fun_type": 0, "overlap": 25, "nmegabins": 9, "poly_size": 965, "bit_len": 51}, "s_output": {"result": 0, "hashing_t": 2.03635, "oprf_t": 715.986, "poly_t": 189.74, "poly_trans_t": 0.035145, "aby_online_t": 15.863, "aby_setup_t": 162.858, "aby_total_t": 178.721, "aby_baseot_t": 522.873, "total_t": 1660.84, "nobase_t": 830.398, "poly_d_rs": [0, 69480], "oprf_d_rs": [83297, 16944], "aby_online_d_rs": [16317, 24605], "aby_setup_d_rs": [1050772, 1042475], "aby_total_d_rs": [1067089, 1067080], "aby_baseot_d_rs": [49956, 49956], "total_d_rs": [1150386, 1153504], "nobase_d_rs": [1100357, 1086648]}, "c_output": {"result": 0, "hashing_t": 0.895, "oprf_t": 682.748, "poly_t": 21.826, "poly_trans_t": 171.532, "aby_online_t": 19.375, "aby_setup_t": 161.848, "aby_total_t": 181.223, "aby_baseot_t": 524.053, "total_t": 1662.18, "nobase_t": 472.753, "poly_d_rs": [69480, 0], "oprf_d_rs": [16944, 83297], "aby_online_d_rs": [24614, 24614], "aby_setup_d_rs": [1042475, 1042475], "aby_total_d_rs": [1067089, 1067089], "aby_baseot_d_rs": [49956, 49956], "total_d_rs": [1153513, 1150386], "nobase_d_rs": [1086657, 1100357]}, "batch": "Unbalanced10AnalyticsDA_2"}