{"setup": "desktop-app", "repeat": 10, "parameters": {"client_neles": 1024, "server_neles": 1024, "epsilon": 1.27, "server_ip": "192.168.0.2", "port": 7777, "threads": 1, "threshold": 0, "n_fun": 3, "payload_bl": 2, "fun_type": 0, "overlap": 25, "nmegabins": 4, "poly_size": 947, "bit_len": 60}, "s_output": {"result": 0, "hashing_t": 4.83242, "oprf_t": 769.155, "poly_t": 78.6113, "poly_trans_t": 0.031694, "aby_online_t": 14.574, "aby_setup_t": 180.933, "aby_total_t": 195.507, "aby_baseot_t": 530.891, "total_t": 1621.72, "nobase_t": 792.019, "poly_d_rs": [0, 30304], "oprf_d_rs": [83297, 16944], "aby_online_d_rs": [29000, 28991], "aby_setup_d_rs": [1228843, 1228843], "aby_total_d_rs": [1257843, 1257834], "aby_baseot_d_rs": [49956, 49956], "total_d_rs": [1341140, 1305082], "nobase_d_rs": [1291111, 1238226]}, "c_output": {"result": 0, "hashing_t": 1.35, "oprf_t": 759.475, "poly_t": 25.793, "poly_trans_t": 61.99, "aby_online_t": 16.227, "aby_setup_t": 181.311, "aby_total_t": 197.538, "aby_baseot_t": 531.223, "total_t": 1622.71, "nobase_t": 363.103, "poly_d_rs": [30304, 0], "oprf_d_rs": [16944, 83297], "aby_online_d_rs": [29000, 29000], "aby_setup_d_rs": [1228843, 1228843], "aby_total_d_rs": [1257843, 1257843], "aby_baseot_d_rs": [49956, 49948], "total_d_rs": [1305091, 1341140], "nobase_d_rs": [1238235, 1291119]}, "batch": "Unbalanced10AnalyticsDA_2"}