{"setup": "desktop-app", "repeat": 7, "parameters": {"client_neles": 1024, "server_neles": 2048, "epsilon": 1.27, "server_ip": "192.168.0.2", "port": 7777, "threads": 1, "threshold": 0, "n_fun": 3, "payload_bl": 2, "fun_type": 0, "overlap": 25, "nmegabins": 9, "poly_size": 965, "bit_len": 51}, "s_output": {"result": 0, "hashing_t": 2.14441, "oprf_t": 737.828, "poly_t": 176.399, "poly_trans_t": 0.039143, "aby_online_t": 13.203, "aby_setup_t": 117.116, "aby_total_t": 130.319, "aby_baseot_t": 529.751, "total_t": 1624.61, "nobase_t": 813.349, "poly_d_rs": [0, 69480], "oprf_d_rs": [83297, 16944], "aby_online_d_rs": [24614, 24614], "aby_setup_d_rs": [1042475, 1042475], "aby_total_d_rs": [1067089, 1067089], "aby_baseot_d_rs": [49956, 49956], "total_d_rs": [1150386, 1153513], "nobase_d_rs": [1100357, 1086657]}, "c_output": {"result": 0, "hashing_t": 0.918, "oprf_t": 719.919, "poly_t": 22.757, "poly_trans_t": 170.748, "aby_online_t": 14.564, "aby_setup_t": 117.094, "aby_total_t": 131.658, "aby_baseot_t": 530.661, "total_t": 1622.98, "nobase_t": 403.551, "poly_d_rs": [69480, 0], "oprf_d_rs": [16944, 83297], "aby_online_d_rs": [24614, 24614], "aby_setup_d_rs": [1042475, 1042475], "aby_total_d_rs": [1067089, 1067089], "aby_baseot_d_rs": [49956, 49948], "total_d_rs": [1153513, 1150386], "nobase_d_rs": [1086657, 1100365]}, "batch": "Unbalanced10AnalyticsDA_2"}