{"setup": "desktop-app", "repeat": 9, "parameters": {"client_neles": 1024, "server_neles": 1024, "epsilon": 1.27, "server_ip": "192.168.0.2", "port": 7777, "threads": 1, "threshold": 0, "n_fun": 3, "payload_bl": 2, "fun_type": 0, "overlap": 25, "nmegabins": 4, "poly_size": 947, "bit_len": 51}, "s_output": {"result": 0, "hashing_t": 5.04915, "oprf_t": 741.793, "poly_t": 84.635, "poly_trans_t": 0.025447, "aby_online_t": 13.702, "aby_setup_t": 131.04, "aby_total_t": 144.742, "aby_baseot_t": 533.021, "total_t": 1557.03, "nobase_t": 732.38, "poly_d_rs": [0, 30304], "oprf_d_rs": [83297, 16944], "aby_online_d_rs": [16317, 24614], "aby_setup_d_rs": [1050772, 1042475], "aby_total_d_rs": [1067089, 1067089], "aby_baseot_d_rs": [49956, 49956], "total_d_rs": [1150386, 1114337], "nobase_d_rs": [1100357, 1047481]}, "c_output": {"result": 0, "hashing_t": 1.401, "oprf_t": 722.681, "poly_t": 24.317, "poly_trans_t": 67.27, "aby_online_t": 14.263, "aby_setup_t": 130.505, "aby_total_t": 144.768, "aby_baseot_t": 533.735, "total_t": 1556.14, "nobase_t": 315.866, "poly_d_rs": [30304, 0], "oprf_d_rs": [16944, 83297], "aby_online_d_rs": [24614, 24614], "aby_setup_d_rs": [1042475, 1042466], "aby_total_d_rs": [1067089, 1067080], "aby_baseot_d_rs": [49956, 49948], "total_d_rs": [1114337, 1150377], "nobase_d_rs": [1047481, 1100356]}, "batch": "Unbalanced10AnalyticsDA_2"}