{"setup": "desktop-app", "repeat": 24, "parameters": {"client_neles": 1024, "server_neles": 1024, "epsilon": 1.27, "server_ip": "192.168.0.2", "port": 7777, "threads": 1, "threshold": 0, "n_fun": 3, "payload_bl": 2, "fun_type": 0, "overlap": 25, "nmegabins": 4, "poly_size": 947, "bit_len": 51}, "s_output": {"result": 0, "hashing_t": 5.80881, "oprf_t": 733.372, "poly_t": 81.3888, "poly_trans_t": 0.032101, "aby_online_t": 12.041, "aby_setup_t": 138.913, "aby_total_t": 150.954, "aby_baseot_t": 528.967, "total_t": 1545.0, "nobase_t": 733.904, "poly_d_rs": [0, 30304], "oprf_d_rs": [83297, 16944], "aby_online_d_rs": [24605, 24614], "aby_setup_d_rs": [1042484, 1042475], "aby_total_d_rs": [1067089, 1067089], "aby_baseot_d_rs": [49956, 49956], "total_d_rs": [1150386, 1114337], "nobase_d_rs": [1100357, 1047481]}, "c_output": {"result": 0, "hashing_t": 1.481, "oprf_t": 724.328, "poly_t": 22.117, "poly_trans_t": 68.47, "aby_online_t": 13.424, "aby_setup_t": 138.592, "aby_total_t": 152.016, "aby_baseot_t": 529.876, "total_t": 1545.67, "nobase_t": 325.247, "poly_d_rs": [30304, 0], "oprf_d_rs": [16944, 83297], "aby_online_d_rs": [24614, 24614], "aby_setup_d_rs": [1042475, 1042475], "aby_total_d_rs": [1067089, 1067089], "aby_baseot_d_rs": [49956, 49956], "total_d_rs": [1114337, 1150386], "nobase_d_rs": [1047481, 1100357]}, "batch": "Unbalanced10AnalyticsDA_2"}