{"setup": "desktop-app", "repeat": 23, "parameters": {"client_neles": 1024, "server_neles": 2048, "epsilon": 1.27, "server_ip": "192.168.0.2", "port": 7777, "threads": 1, "threshold": 0, "n_fun": 3, "payload_bl": 2, "fun_type": 0, "overlap": 25, "nmegabins": 9, "poly_size": 965, "bit_len": 60}, "s_output": {"result": 0, "hashing_t": 1.93327, "oprf_t": 772.508, "poly_t": 156.698, "poly_trans_t": 0.035547, "aby_online_t": 12.059, "aby_setup_t": 135.291, "aby_total_t": 147.35, "aby_baseot_t": 517.42, "total_t": 1647.44, "nobase_t": 843.583, "poly_d_rs": [0, 69480], "oprf_d_rs": [83297, 16944], "aby_online_d_rs": [19241, 29000], "aby_setup_d_rs": [1238602, 1228843], "aby_total_d_rs": [1257843, 1257843], "aby_baseot_d_rs": [49956, 49956], "total_d_rs": [1341140, 1344267], "nobase_d_rs": [1291111, 1277411]}, "c_output": {"result": 0, "hashing_t": 1.749, "oprf_t": 755.497, "poly_t": 31.589, "poly_trans_t": 146.93, "aby_online_t": 14.381, "aby_setup_t": 135.075, "aby_total_t": 149.456, "aby_baseot_t": 518.163, "total_t": 1646.92, "nobase_t": 407.034, "poly_d_rs": [69480, 0], "oprf_d_rs": [16944, 83297], "aby_online_d_rs": [29000, 29000], "aby_setup_d_rs": [1228843, 1228843], "aby_total_d_rs": [1257843, 1257843], "aby_baseot_d_rs": [49956, 49956], "total_d_rs": [1344267, 1341140], "nobase_d_rs": [1277411, 1291111]}, "batch": "Unbalanced10AnalyticsDA_2"}