{"setup": "desktop-app", "repeat": 19, "parameters": {"client_neles": 1024, "server_neles": 1024, "epsilon": 1.27, "server_ip": "192.168.0.2", "port": 7777, "threads": 1, "threshold": 0, "n_fun": 3, "payload_bl": 2, "fun_type": 0, "overlap": 25, "nmegabins": 4, "poly_size": 947, "bit_len": 51}, "s_output": {"result": 0, "hashing_t": 4.21886, "oprf_t": 742.904, "poly_t": 97.3156, "poly_trans_t": 0.029453, "aby_online_t": 13.005, "aby_setup_t": 116.589, "aby_total_t": 129.594, "aby_baseot_t": 508.696, "total_t": 1547.22, "nobase_t": 755.048, "poly_d_rs": [0, 30304], "oprf_d_rs": [83297, 16944], "aby_online_d_rs": [24605, 24614], "aby_setup_d_rs": [1042484, 1042475], "aby_total_d_rs": [1067089, 1067089], "aby_baseot_d_rs": [49956, 49956], "total_d_rs": [1150386, 1114337], "nobase_d_rs": [1100357, 1047481]}, "c_output": {"result": 0, "hashing_t": 2.308, "oprf_t": 724.986, "poly_t": 34.418, "poly_trans_t": 71.925, "aby_online_t": 13.474, "aby_setup_t": 116.541, "aby_total_t": 130.015, "aby_baseot_t": 510.862, "total_t": 1546.03, "nobase_t": 343.771, "poly_d_rs": [30304, 0], "oprf_d_rs": [16944, 83297], "aby_online_d_rs": [24614, 24614], "aby_setup_d_rs": [1042475, 1042466], "aby_total_d_rs": [1067089, 1067080], "aby_baseot_d_rs": [49956, 49948], "total_d_rs": [1114337, 1150377], "nobase_d_rs": [1047481, 1100356]}, "batch": "Unbalanced10AnalyticsDA_2"}