{"setup": "desktop-app", "repeat": 9, "parameters": {"client_neles": 1024, "server_neles": 2048, "epsilon": 1.27, "server_ip": "192.168.0.2", "port": 7777, "threads": 1, "threshold": 0, "n_fun": 3, "payload_bl": 2, "fun_type": 0, "overlap": 25, "nmegabins": 9, "poly_size": 965, "bit_len": 60}, "s_output": {"result": 0, "hashing_t": 8.28177, "oprf_t": 758.623, "poly_t": 158.267, "poly_trans_t": 0.038071, "aby_online_t": 18.497, "aby_setup_t": 162.652, "aby_total_t": 181.149, "aby_baseot_t": 507.183, "total_t": 1659.76, "nobase_t": 855.672, "poly_d_rs": [0, 69480], "oprf_d_rs": [83297, 16944], "aby_online_d_rs": [19241, 29000], "aby_setup_d_rs": [1238602, 1228843], "aby_total_d_rs": [1257843, 1257843], "aby_baseot_d_rs": [49956, 49956], "total_d_rs": [1341140, 1344267], "nobase_d_rs": [1291111, 1277411]}, "c_output": {"result": 0, "hashing_t": 1.127, "oprf_t": 748.905, "poly_t": 20.257, "poly_trans_t": 151.173, "aby_online_t": 20.693, "aby_setup_t": 161.856, "aby_total_t": 182.549, "aby_baseot_t": 508.073, "total_t": 1658.38, "nobase_t": 437.174, "poly_d_rs": [69480, 0], "oprf_d_rs": [16944, 83297], "aby_online_d_rs": [29000, 29000], "aby_setup_d_rs": [1228843, 1228843], "aby_total_d_rs": [1257843, 1257843], "aby_baseot_d_rs": [49956, 49948], "total_d_rs": [1344267, 1341140], "nobase_d_rs": [1277411, 1291119]}, "batch": "Unbalanced10AnalyticsDA_2"}