{"setup": "desktop-app", "repeat": 0, "parameters": {"client_neles": 1024, "server_neles": 1024, "epsilon": 1.27, "server_ip": "192.168.0.2", "port": 7777, "threads": 1, "threshold": 0, "n_fun": 3, "payload_bl": 2, "fun_type": 0, "overlap": 25, "nmegabins": 4, "poly_size": 947, "bit_len": 51}, "s_output": {"result": 0, "hashing_t": 4.22807, "oprf_t": 752.462, "poly_t": 90.8543, "poly_trans_t": 0.038551, "aby_online_t": 17.155, "aby_setup_t": 120.736, "aby_total_t": 137.891, "aby_baseot_t": 510.449, "total_t": 1545.03, "nobase_t": 728.437, "poly_d_rs": [0, 30304], "oprf_d_rs": [83297, 16944], "aby_online_d_rs": [16317, 24605], "aby_setup_d_rs": [1050772, 1042475], "aby_total_d_rs": [1067089, 1067080], "aby_baseot_d_rs": [49956, 49956], "total_d_rs": [1150386, 1114328], "nobase_d_rs": [1100357, 1047472]}, "c_output": {"result": 0, "hashing_t": 1.029, "oprf_t": 741.591, "poly_t": 21.287, "poly_trans_t": 81.145, "aby_online_t": 20.585, "aby_setup_t": 119.918, "aby_total_t": 140.503, "aby_baseot_t": 511.791, "total_t": 1546.7, "nobase_t": 320.916, "poly_d_rs": [30304, 0], "oprf_d_rs": [16944, 83297], "aby_online_d_rs": [24614, 24614], "aby_setup_d_rs": [1042475, 1042475], "aby_total_d_rs": [1067089, 1067089], "aby_baseot_d_rs": [49956, 49948], "total_d_rs": [1114337, 1150386], "nobase_d_rs": [1047481, 1100365]}, "batch": "Unbalanced10AnalyticsDA_2"}