{"setup": "desktop-app", "repeat": 24, "parameters": {"client_neles": 1024, "server_neles": 2048, "epsilon": 1.27, "server_ip": "192.168.0.2", "port": 7777, "threads": 1, "threshold": 0, "n_fun": 3, "payload_bl": 2, "fun_type": 0, "overlap": 25, "nmegabins": 9, "poly_size": 965, "bit_len": 51}, "s_output": {"result": 0, "hashing_t": 8.14015, "oprf_t": 808.322, "poly_t": 158.591, "poly_trans_t": 0.050428, "aby_online_t": 12.268, "aby_setup_t": 105.658, "aby_total_t": 117.926, "aby_baseot_t": 511.032, "total_t": 1645.69, "nobase_t": 824.206, "poly_d_rs": [0, 69480], "oprf_d_rs": [83297, 16944], "aby_online_d_rs": [24605, 24614], "aby_setup_d_rs": [1042484, 1042475], "aby_total_d_rs": [1067089, 1067089], "aby_baseot_d_rs": [49956, 49956], "total_d_rs": [1150386, 1153513], "nobase_d_rs": [1100357, 1086657]}, "c_output": {"result": 0, "hashing_t": 3.782, "oprf_t": 796.12, "poly_t": 18.761, "poly_trans_t": 150.344, "aby_online_t": 14.988, "aby_setup_t": 105.366, "aby_total_t": 120.354, "aby_baseot_t": 511.875, "total_t": 1647.3, "nobase_t": 374.192, "poly_d_rs": [69480, 0], "oprf_d_rs": [16944, 83297], "aby_online_d_rs": [24614, 24614], "aby_setup_d_rs": [1042475, 1042475], "aby_total_d_rs": [1067089, 1067089], "aby_baseot_d_rs": [49956, 49956], "total_d_rs": [1153513, 1150386], "nobase_d_rs": [1086657, 1100357]}, "batch": "Unbalanced10AnalyticsDA_2"}