{"setup": "desktop-app", "repeat": 12, "parameters": {"client_neles": 1024, "server_neles": 1024, "epsilon": 1.27, "server_ip": "192.168.0.2", "port": 7777, "threads": 1, "threshold": 0, "n_fun": 3, "payload_bl": 2, "fun_type": 0, "overlap": 25, "nmegabins": 4, "poly_size": 947, "bit_len": 51}, "s_output": {"result": 0, "hashing_t": 1.78358, "oprf_t": 741.612, "poly_t": 82.3018, "poly_trans_t": 0.032466, "aby_online_t": 10.643, "aby_setup_t": 119.177, "aby_total_t": 129.82, "aby_baseot_t": 510.149, "total_t": 1530.37, "nobase_t": 736.014, "poly_d_rs": [0, 30304], "oprf_d_rs": [83297, 16944], "aby_online_d_rs": [24614, 24605], "aby_setup_d_rs": [1042475, 1042475], "aby_total_d_rs": [1067089, 1067080], "aby_baseot_d_rs": [49956, 49956], "total_d_rs": [1150386, 1114328], "nobase_d_rs": [1100357, 1047472]}, "c_output": {"result": 0, "hashing_t": 2.005, "oprf_t": 727.342, "poly_t": 32.912, "poly_trans_t": 70.55, "aby_online_t": 13.031, "aby_setup_t": 118.788, "aby_total_t": 131.819, "aby_baseot_t": 513.439, "total_t": 1532.23, "nobase_t": 326.12, "poly_d_rs": [30304, 0], "oprf_d_rs": [16944, 83297], "aby_online_d_rs": [24614, 24614], "aby_setup_d_rs": [1042475, 1042475], "aby_total_d_rs": [1067089, 1067089], "aby_baseot_d_rs": [49956, 49948], "total_d_rs": [1114337, 1150386], "nobase_d_rs": [1047481, 1100365]}, "batch": "Unbalanced10AnalyticsDA_2"}