{"setup": "desktop-app", "repeat": 11, "parameters": {"client_neles": 1024, "server_neles": 4096, "epsilon": 1.27, "server_ip": "192.168.0.2", "port": 7777, "threads": 1, "threshold": 0, "n_fun": 3, "payload_bl": 2, "fun_type": 0, "overlap": 25, "nmegabins": 17, "poly_size": 976, "bit_len": 60}, "s_output": {"result": 0, "hashing_t": 9.12105, "oprf_t": 769.954, "poly_t": 269.619, "poly_trans_t": 6.03957, "aby_online_t": 14.852, "aby_setup_t": 152.704, "aby_total_t": 167.556, "aby_baseot_t": 517.973, "total_t": 1793.27, "nobase_t": 986.568, "poly_d_rs": [0, 132736], "oprf_d_rs": [83297, 16944], "aby_online_d_rs": [29000, 28991], "aby_setup_d_rs": [1228843, 1228843], "aby_total_d_rs": [1257843, 1257834], "aby_baseot_d_rs": [49956, 49956], "total_d_rs": [1341140, 1407514], "nobase_d_rs": [1291111, 1340658]}, "c_output": {"result": 0, "hashing_t": 2.664, "oprf_t": 728.081, "poly_t": 23.617, "poly_trans_t": 273.106, "aby_online_t": 18.545, "aby_setup_t": 152.323, "aby_total_t": 170.868, "aby_baseot_t": 518.645, "total_t": 1796.34, "nobase_t": 585.421, "poly_d_rs": [132736, 0], "oprf_d_rs": [16944, 83297], "aby_online_d_rs": [29009, 29000], "aby_setup_d_rs": [1228843, 1228843], "aby_total_d_rs": [1257852, 1257843], "aby_baseot_d_rs": [49956, 49948], "total_d_rs": [1407532, 1341140], "nobase_d_rs": [1340676, 1291119]}, "batch": "Unbalanced10AnalyticsDA_2"}