{"setup": "desktop-app", "repeat": 20, "parameters": {"client_neles": 1024, "server_neles": 1024, "epsilon": 1.27, "server_ip": "192.168.0.2", "port": 7777, "threads": 1, "threshold": 0, "n_fun": 3, "payload_bl": 2, "fun_type": 0, "overlap": 25, "nmegabins": 4, "poly_size": 947, "bit_len": 51}, "s_output": {"result": 0, "hashing_t": 4.14786, "oprf_t": 785.023, "poly_t": 89.032, "poly_trans_t": 0.030268, "aby_online_t": 16.515, "aby_setup_t": 133.465, "aby_total_t": 149.98, "aby_baseot_t": 517.468, "total_t": 1595.97, "nobase_t": 756.291, "poly_d_rs": [0, 30304], "oprf_d_rs": [83297, 16944], "aby_online_d_rs": [16317, 24614], "aby_setup_d_rs": [1050772, 1042475], "aby_total_d_rs": [1067089, 1067089], "aby_baseot_d_rs": [49956, 49956], "total_d_rs": [1150386, 1114337], "nobase_d_rs": [1100357, 1047481]}, "c_output": {"result": 0, "hashing_t": 1.388, "oprf_t": 773.383, "poly_t": 27.553, "poly_trans_t": 77.663, "aby_online_t": 17.212, "aby_setup_t": 132.789, "aby_total_t": 150.001, "aby_baseot_t": 518.639, "total_t": 1595.1, "nobase_t": 334.884, "poly_d_rs": [30304, 0], "oprf_d_rs": [16944, 83297], "aby_online_d_rs": [24614, 24605], "aby_setup_d_rs": [1042475, 1042475], "aby_total_d_rs": [1067089, 1067080], "aby_baseot_d_rs": [49956, 49956], "total_d_rs": [1114337, 1150377], "nobase_d_rs": [1047481, 1100348]}, "batch": "Unbalanced10AnalyticsDA_2"}