{"setup": "desktop-app", "repeat": 6, "parameters": {"client_neles": 1024, "server_neles": 2048, "epsilon": 1.27, "server_ip": "192.168.0.2", "port": 7777, "threads": 1, "threshold": 0, "n_fun": 3, "payload_bl": 2, "fun_type": 0, "overlap": 25, "nmegabins": 9, "poly_size": 965, "bit_len": 60}, "s_output": {"result": 0, "hashing_t": 2.23346, "oprf_t": 710.637, "poly_t": 179.846, "poly_trans_t": 0.039252, "aby_online_t": 17.024, "aby_setup_t": 181.446, "aby_total_t": 198.47, "aby_baseot_t": 509.172, "total_t": 1666.02, "nobase_t": 872.576, "poly_d_rs": [0, 69480], "oprf_d_rs": [83297, 16944], "aby_online_d_rs": [19241, 28991], "aby_setup_d_rs": [1238602, 1228843], "aby_total_d_rs": [1257843, 1257834], "aby_baseot_d_rs": [49956, 49956], "total_d_rs": [1341140, 1344258], "nobase_d_rs": [1291111, 1277402]}, "c_output": {"result": 0, "hashing_t": 1.646, "oprf_t": 694.196, "poly_t": 29.181, "poly_trans_t": 177.07, "aby_online_t": 20.371, "aby_setup_t": 180.953, "aby_total_t": 201.324, "aby_baseot_t": 510.903, "total_t": 1666.74, "nobase_t": 493.597, "poly_d_rs": [69480, 0], "oprf_d_rs": [16944, 83297], "aby_online_d_rs": [29000, 29000], "aby_setup_d_rs": [1228843, 1228843], "aby_total_d_rs": [1257843, 1257843], "aby_baseot_d_rs": [49956, 49948], "total_d_rs": [1344267, 1341140], "nobase_d_rs": [1277411, 1291119]}, "batch": "Unbalanced10AnalyticsDA_2"}