{"setup": "desktop-app", "repeat": 23, "parameters": {"client_neles": 1024, "server_neles": 4096, "epsilon": 1.27, "server_ip": "192.168.0.2", "port": 7777, "threads": 1, "threshold": 0, "n_fun": 3, "payload_bl": 2, "fun_type": 0, "overlap": 25, "nmegabins": 17, "poly_size": 976, "bit_len": 60}, "s_output": {"result": 0, "hashing_t": 4.64101, "oprf_t": 742.807, "poly_t": 301.611, "poly_trans_t": 5.96274, "aby_online_t": 14.979, "aby_setup_t": 131.323, "aby_total_t": 146.302, "aby_baseot_t": 518.469, "total_t": 1770.6, "nobase_t": 973.011, "poly_d_rs": [0, 132736], "oprf_d_rs": [83297, 16944], "aby_online_d_rs": [19241, 29000], "aby_setup_d_rs": [1238602, 1228843], "aby_total_d_rs": [1257843, 1257843], "aby_baseot_d_rs": [49956, 49956], "total_d_rs": [1341140, 1407523], "nobase_d_rs": [1291111, 1340667]}, "c_output": {"result": 0, "hashing_t": 1.203, "oprf_t": 718.798, "poly_t": 22.224, "poly_trans_t": 296.689, "aby_online_t": 18.412, "aby_setup_t": 130.827, "aby_total_t": 149.239, "aby_baseot_t": 519.956, "total_t": 1772.31, "nobase_t": 565.96, "poly_d_rs": [132736, 0], "oprf_d_rs": [16944, 83297], "aby_online_d_rs": [29000, 29000], "aby_setup_d_rs": [1228843, 1228843], "aby_total_d_rs": [1257843, 1257843], "aby_baseot_d_rs": [49956, 49948], "total_d_rs": [1407523, 1341140], "nobase_d_rs": [1340667, 1291119]}, "batch": "Unbalanced10AnalyticsDA_2"}