{"setup": "desktop-app", "repeat": 11, "parameters": {"client_neles": 1024, "server_neles": 2048, "epsilon": 1.27, "server_ip": "192.168.0.2", "port": 7777, "threads": 1, "threshold": 0, "n_fun": 3, "payload_bl": 2, "fun_type": 0, "overlap": 25, "nmegabins": 9, "poly_size": 965, "bit_len": 51}, "s_output": {"result": 0, "hashing_t": 6.87615, "oprf_t": 737.006, "poly_t": 154.063, "poly_trans_t": 0.033678, "aby_online_t": 10.498, "aby_setup_t": 124.164, "aby_total_t": 134.662, "aby_baseot_t": 506.024, "total_t": 1607.42, "nobase_t": 819.259, "poly_d_rs": [0, 69480], "oprf_d_rs": [83297, 16944], "aby_online_d_rs": [24614, 24614], "aby_setup_d_rs": [1042475, 1042475], "aby_total_d_rs": [1067089, 1067089], "aby_baseot_d_rs": [49956, 49956], "total_d_rs": [1150386, 1153513], "nobase_d_rs": [1100357, 1086657]}, "c_output": {"result": 0, "hashing_t": 1.208, "oprf_t": 720.625, "poly_t": 29.699, "poly_trans_t": 157.41, "aby_online_t": 12.067, "aby_setup_t": 123.576, "aby_total_t": 135.643, "aby_baseot_t": 508.603, "total_t": 1605.34, "nobase_t": 406.72, "poly_d_rs": [69480, 0], "oprf_d_rs": [16944, 83297], "aby_online_d_rs": [24614, 24614], "aby_setup_d_rs": [1042475, 1042475], "aby_total_d_rs": [1067089, 1067089], "aby_baseot_d_rs": [49956, 49948], "total_d_rs": [1153513, 1150386], "nobase_d_rs": [1086657, 1100365]}, "batch": "Unbalanced10AnalyticsDA_2"}