{"setup": "desktop-app", "repeat": 5, "parameters": {"client_neles": 1024, "server_neles": 1024, "epsilon": 1.27, "server_ip": "192.168.0.2", "port": 7777, "threads": 1, "threshold": 0, "n_fun": 3, "payload_bl": 2, "fun_type": 0, "overlap": 25, "nmegabins": 4, "poly_size": 947, "bit_len": 60}, "s_output": {"result": 0, "hashing_t": 4.84513, "oprf_t": 744.57, "poly_t": 84.6119, "poly_trans_t": 0.026407, "aby_online_t": 16.288, "aby_setup_t": 144.547, "aby_total_t": 160.835, "aby_baseot_t": 538.433, "total_t": 1580.04, "nobase_t": 732.31, "poly_d_rs": [0, 30304], "oprf_d_rs": [83297, 16944], "aby_online_d_rs": [28991, 28991], "aby_setup_d_rs": [1228852, 1228843], "aby_total_d_rs": [1257843, 1257834], "aby_baseot_d_rs": [49956, 49956], "total_d_rs": [1341140, 1305082], "nobase_d_rs": [1291111, 1238226]}, "c_output": {"result": 0, "hashing_t": 0.93, "oprf_t": 735.532, "poly_t": 26.435, "poly_trans_t": 69.266, "aby_online_t": 20.503, "aby_setup_t": 144.314, "aby_total_t": 164.817, "aby_baseot_t": 538.856, "total_t": 1583.06, "nobase_t": 339.148, "poly_d_rs": [30304, 0], "oprf_d_rs": [16944, 83297], "aby_online_d_rs": [29009, 29000], "aby_setup_d_rs": [1228843, 1228843], "aby_total_d_rs": [1257852, 1257843], "aby_baseot_d_rs": [49956, 49948], "total_d_rs": [1305100, 1341140], "nobase_d_rs": [1238244, 1291119]}, "batch": "Unbalanced10AnalyticsDA_2"}