{"setup": "desktop-app", "repeat": 16, "parameters": {"client_neles": 1024, "server_neles": 4096, "epsilon": 1.27, "server_ip": "192.168.0.2", "port": 7777, "threads": 1, "threshold": 0, "n_fun": 3, "payload_bl": 2, "fun_type": 0, "overlap": 25, "nmegabins": 17, "poly_size": 976, "bit_len": 60}, "s_output": {"result": 0, "hashing_t": 5.68353, "oprf_t": 758.403, "poly_t": 302.006, "poly_trans_t": 5.43358, "aby_online_t": 14.326, "aby_setup_t": 161.03, "aby_total_t": 175.356, "aby_baseot_t": 533.247, "total_t": 1827.34, "nobase_t": 1009.17, "poly_d_rs": [0, 132736], "oprf_d_rs": [83297, 16944], "aby_online_d_rs": [28991, 29000], "aby_setup_d_rs": [1228852, 1228843], "aby_total_d_rs": [1257843, 1257843], "aby_baseot_d_rs": [49956, 49956], "total_d_rs": [1341140, 1407523], "nobase_d_rs": [1291111, 1340667]}, "c_output": {"result": 0, "hashing_t": 1.213, "oprf_t": 735.998, "poly_t": 21.999, "poly_trans_t": 293.498, "aby_online_t": 14.553, "aby_setup_t": 160.898, "aby_total_t": 175.451, "aby_baseot_t": 533.527, "total_t": 1824.32, "nobase_t": 587.949, "poly_d_rs": [132736, 0], "oprf_d_rs": [16944, 83297], "aby_online_d_rs": [29000, 28991], "aby_setup_d_rs": [1228843, 1228843], "aby_total_d_rs": [1257843, 1257834], "aby_baseot_d_rs": [49956, 49948], "total_d_rs": [1407523, 1341131], "nobase_d_rs": [1340667, 1291110]}, "batch": "Unbalanced10AnalyticsDA_2"}