{"setup": "desktop-app", "repeat": 22, "parameters": {"client_neles": 1024, "server_neles": 2048, "epsilon": 1.27, "server_ip": "192.168.0.2", "port": 7777, "threads": 1, "threshold": 0, "n_fun": 3, "payload_bl": 2, "fun_type": 0, "overlap": 25, "nmegabins": 9, "poly_size": 965, "bit_len": 51}, "s_output": {"result": 0, "hashing_t": 8.86746, "oprf_t": 772.75, "poly_t": 178.117, "poly_trans_t": 0.036634, "aby_online_t": 14.942, "aby_setup_t": 152.178, "aby_total_t": 167.12, "aby_baseot_t": 515.386, "total_t": 1691.87, "nobase_t": 843.24, "poly_d_rs": [0, 69480], "oprf_d_rs": [83297, 16944], "aby_online_d_rs": [16317, 24605], "aby_setup_d_rs": [1050772, 1042475], "aby_total_d_rs": [1067089, 1067080], "aby_baseot_d_rs": [49956, 49956], "total_d_rs": [1150386, 1153504], "nobase_d_rs": [1100357, 1086648]}, "c_output": {"result": 0, "hashing_t": 1.09, "oprf_t": 766.199, "poly_t": 23.183, "poly_trans_t": 169.296, "aby_online_t": 17.551, "aby_setup_t": 151.362, "aby_total_t": 168.913, "aby_baseot_t": 518.137, "total_t": 1692.9, "nobase_t": 441.67, "poly_d_rs": [69480, 0], "oprf_d_rs": [16944, 83297], "aby_online_d_rs": [24614, 24614], "aby_setup_d_rs": [1042475, 1042475], "aby_total_d_rs": [1067089, 1067089], "aby_baseot_d_rs": [49956, 49956], "total_d_rs": [1153513, 1150386], "nobase_d_rs": [1086657, 1100357]}, "batch": "Unbalanced10AnalyticsDA_2"}