{"setup": "desktop-app", "repeat": 13, "parameters": {"client_neles": 1024, "server_neles": 4096, "epsilon": 1.27, "server_ip": "192.168.0.2", "port": 7777, "threads": 1, "threshold": 0, "n_fun": 3, "payload_bl": 2, "fun_type": 0, "overlap": 25, "nmegabins": 17, "poly_size": 976, "bit_len": 51}, "s_output": {"result": 0, "hashing_t": 7.97123, "oprf_t": 735.596, "poly_t": 295.067, "poly_trans_t": 6.07196, "aby_online_t": 14.111, "aby_setup_t": 113.127, "aby_total_t": 127.238, "aby_baseot_t": 512.061, "total_t": 1733.73, "nobase_t": 931.762, "poly_d_rs": [0, 132736], "oprf_d_rs": [83297, 16944], "aby_online_d_rs": [16317, 24605], "aby_setup_d_rs": [1050772, 1042475], "aby_total_d_rs": [1067089, 1067080], "aby_baseot_d_rs": [49956, 49956], "total_d_rs": [1150386, 1216760], "nobase_d_rs": [1100357, 1149904]}, "c_output": {"result": 0, "hashing_t": 1.117, "oprf_t": 712.429, "poly_t": 23.704, "poly_trans_t": 291.734, "aby_online_t": 17.177, "aby_setup_t": 112.454, "aby_total_t": 129.631, "aby_baseot_t": 513.524, "total_t": 1733.42, "nobase_t": 537.561, "poly_d_rs": [132736, 0], "oprf_d_rs": [16944, 83297], "aby_online_d_rs": [24614, 24614], "aby_setup_d_rs": [1042475, 1042475], "aby_total_d_rs": [1067089, 1067089], "aby_baseot_d_rs": [49956, 49948], "total_d_rs": [1216769, 1150386], "nobase_d_rs": [1149913, 1100365]}, "batch": "Unbalanced10AnalyticsDA_2"}