{"setup": "desktop-app", "repeat": 14, "parameters": {"client_neles": 1024, "server_neles": 2048, "epsilon": 1.27, "server_ip": "192.168.0.2", "port": 7777, "threads": 1, "threshold": 0, "n_fun": 3, "payload_bl": 2, "fun_type": 0, "overlap": 25, "nmegabins": 9, "poly_size": 965, "bit_len": 60}, "s_output": {"result": 0, "hashing_t": 9.12824, "oprf_t": 752.773, "poly_t": 150.776, "poly_trans_t": 0.03706, "aby_online_t": 16.864, "aby_setup_t": 142.197, "aby_total_t": 159.061, "aby_baseot_t": 528.324, "total_t": 1650.82, "nobase_t": 794.076, "poly_d_rs": [0, 69480], "oprf_d_rs": [83297, 16944], "aby_online_d_rs": [19241, 28991], "aby_setup_d_rs": [1238602, 1228843], "aby_total_d_rs": [1257843, 1257834], "aby_baseot_d_rs": [49956, 49956], "total_d_rs": [1341140, 1344258], "nobase_d_rs": [1291111, 1277402]}, "c_output": {"result": 0, "hashing_t": 1.235, "oprf_t": 723.359, "poly_t": 23.34, "poly_trans_t": 151.237, "aby_online_t": 20.957, "aby_setup_t": 141.533, "aby_total_t": 162.49, "aby_baseot_t": 529.206, "total_t": 1651.13, "nobase_t": 413.715, "poly_d_rs": [69480, 0], "oprf_d_rs": [16944, 83297], "aby_online_d_rs": [29000, 29000], "aby_setup_d_rs": [1228843, 1228843], "aby_total_d_rs": [1257843, 1257843], "aby_baseot_d_rs": [49956, 49956], "total_d_rs": [1344267, 1341140], "nobase_d_rs": [1277411, 1291111]}, "batch": "Unbalanced10AnalyticsDA_2"}