{"setup": "desktop-app", "repeat": 23, "parameters": {"client_neles": 1024, "server_neles": 1024, "epsilon": 1.27, "server_ip": "192.168.0.2", "port": 7777, "threads": 1, "threshold": 0, "n_fun": 3, "payload_bl": 2, "fun_type": 0, "overlap": 25, "nmegabins": 4, "poly_size": 947, "bit_len": 51}, "s_output": {"result": 0, "hashing_t": 1.36218, "oprf_t": 724.075, "poly_t": 96.115, "poly_trans_t": 0.031132, "aby_online_t": 14.855, "aby_setup_t": 111.413, "aby_total_t": 126.268, "aby_baseot_t": 533.429, "total_t": 1526.71, "nobase_t": 705.679, "poly_d_rs": [0, 30304], "oprf_d_rs": [83297, 16944], "aby_online_d_rs": [16326, 24614], "aby_setup_d_rs": [1050772, 1042475], "aby_total_d_rs": [1067098, 1067089], "aby_baseot_d_rs": [49956, 49956], "total_d_rs": [1150395, 1114337], "nobase_d_rs": [1100366, 1047481]}, "c_output": {"result": 0, "hashing_t": 2.583, "oprf_t": 701.102, "poly_t": 23.561, "poly_trans_t": 71.031, "aby_online_t": 14.355, "aby_setup_t": 110.37, "aby_total_t": 124.725, "aby_baseot_t": 534.803, "total_t": 1523.4, "nobase_t": 320.097, "poly_d_rs": [30304, 0], "oprf_d_rs": [16944, 83297], "aby_online_d_rs": [24614, 24605], "aby_setup_d_rs": [1042475, 1042475], "aby_total_d_rs": [1067089, 1067080], "aby_baseot_d_rs": [49956, 49956], "total_d_rs": [1114337, 1150377], "nobase_d_rs": [1047481, 1100348]}, "batch": "Unbalanced10AnalyticsDA_2"}