{"setup": "desktop-app", "repeat": 0, "parameters": {"client_neles": 1024, "server_neles": 2048, "epsilon": 1.27, "server_ip": "192.168.0.2", "port": 7777, "threads": 1, "threshold": 0, "n_fun": 3, "payload_bl": 2, "fun_type": 0, "overlap": 25, "nmegabins": 9, "poly_size": 965, "bit_len": 60}, "s_output": {"result": 0, "hashing_t": 8.26694, "oprf_t": 766.543, "poly_t": 150.639, "poly_trans_t": 0.034328, "aby_online_t": 16.404, "aby_setup_t": 98.875, "aby_total_t": 115.279, "aby_baseot_t": 525.544, "total_t": 1631.97, "nobase_t": 818.936, "poly_d_rs": [0, 69480], "oprf_d_rs": [83297, 16944], "aby_online_d_rs": [29000, 29000], "aby_setup_d_rs": [1228843, 1228843], "aby_total_d_rs": [1257843, 1257843], "aby_baseot_d_rs": [49956, 49956], "total_d_rs": [1341140, 1344267], "nobase_d_rs": [1291111, 1277411]}, "c_output": {"result": 0, "hashing_t": 0.872, "oprf_t": 740.78, "poly_t": 21.944, "poly_trans_t": 152.961, "aby_online_t": 14.218, "aby_setup_t": 101.158, "aby_total_t": 115.376, "aby_baseot_t": 527.195, "total_t": 1631.26, "nobase_t": 393.664, "poly_d_rs": [69480, 0], "oprf_d_rs": [16944, 83297], "aby_online_d_rs": [29000, 28991], "aby_setup_d_rs": [1228843, 1228843], "aby_total_d_rs": [1257843, 1257834], "aby_baseot_d_rs": [49956, 49948], "total_d_rs": [1344267, 1341131], "nobase_d_rs": [1277411, 1291110]}, "batch": "Unbalanced10AnalyticsDA_2"}