{"setup": "desktop-app", "repeat": 9, "parameters": {"client_neles": 1024, "server_neles": 2048, "epsilon": 1.27, "server_ip": "192.168.0.2", "port": 7777, "threads": 1, "threshold": 0, "n_fun": 3, "payload_bl": 2, "fun_type": 0, "overlap": 25, "nmegabins": 9, "poly_size": 965, "bit_len": 51}, "s_output": {"result": 0, "hashing_t": 8.24269, "oprf_t": 781.314, "poly_t": 155.092, "poly_trans_t": 0.038918, "aby_online_t": 14.747, "aby_setup_t": 107.245, "aby_total_t": 121.992, "aby_baseot_t": 511.147, "total_t": 1628.48, "nobase_t": 800.827, "poly_d_rs": [0, 69480], "oprf_d_rs": [83297, 16944], "aby_online_d_rs": [24605, 24605], "aby_setup_d_rs": [1042484, 1042475], "aby_total_d_rs": [1067089, 1067080], "aby_baseot_d_rs": [49956, 49956], "total_d_rs": [1150386, 1153504], "nobase_d_rs": [1100357, 1086648]}, "c_output": {"result": 0, "hashing_t": 1.313, "oprf_t": 773.732, "poly_t": 24.933, "poly_trans_t": 149.159, "aby_online_t": 19.416, "aby_setup_t": 106.819, "aby_total_t": 126.235, "aby_baseot_t": 512.532, "total_t": 1631.89, "nobase_t": 381.04, "poly_d_rs": [69480, 0], "oprf_d_rs": [16944, 83297], "aby_online_d_rs": [24623, 24614], "aby_setup_d_rs": [1042475, 1042475], "aby_total_d_rs": [1067098, 1067089], "aby_baseot_d_rs": [49956, 49947], "total_d_rs": [1153522, 1150386], "nobase_d_rs": [1086666, 1100366]}, "batch": "Unbalanced10AnalyticsDA_2"}