{"setup": "desktop-app", "repeat": 23, "parameters": {"client_neles": 1024, "server_neles": 4096, "epsilon": 1.27, "server_ip": "192.168.0.2", "port": 7777, "threads": 1, "threshold": 0, "n_fun": 3, "payload_bl": 2, "fun_type": 0, "overlap": 25, "nmegabins": 17, "poly_size": 976, "bit_len": 51}, "s_output": {"result": 0, "hashing_t": 8.61784, "oprf_t": 760.108, "poly_t": 281.02, "poly_trans_t": 5.35648, "aby_online_t": 15.199, "aby_setup_t": 114.141, "aby_total_t": 129.34, "aby_baseot_t": 524.193, "total_t": 1752.23, "nobase_t": 943.91, "poly_d_rs": [0, 132736], "oprf_d_rs": [83297, 16944], "aby_online_d_rs": [16317, 24605], "aby_setup_d_rs": [1050772, 1042475], "aby_total_d_rs": [1067089, 1067080], "aby_baseot_d_rs": [49956, 49956], "total_d_rs": [1150386, 1216760], "nobase_d_rs": [1100357, 1149904]}, "c_output": {"result": 0, "hashing_t": 1.366, "oprf_t": 739.379, "poly_t": 20.299, "poly_trans_t": 271.415, "aby_online_t": 19.521, "aby_setup_t": 113.543, "aby_total_t": 133.064, "aby_baseot_t": 525.571, "total_t": 1753.93, "nobase_t": 527.347, "poly_d_rs": [132736, 0], "oprf_d_rs": [16944, 83297], "aby_online_d_rs": [24614, 24614], "aby_setup_d_rs": [1042475, 1042475], "aby_total_d_rs": [1067089, 1067089], "aby_baseot_d_rs": [49956, 49956], "total_d_rs": [1216769, 1150386], "nobase_d_rs": [1149913, 1100357]}, "batch": "Unbalanced10AnalyticsDA_2"}