{"setup": "desktop-app", "repeat": 19, "parameters": {"client_neles": 1024, "server_neles": 2048, "epsilon": 1.27, "server_ip": "192.168.0.2", "port": 7777, "threads": 1, "threshold": 0, "n_fun": 3, "payload_bl": 2, "fun_type": 0, "overlap": 25, "nmegabins": 9, "poly_size": 965, "bit_len": 60}, "s_output": {"result": 0, "hashing_t": 2.41118, "oprf_t": 722.516, "poly_t": 154.812, "poly_trans_t": 0.038935, "aby_online_t": 14.78, "aby_setup_t": 131.662, "aby_total_t": 146.442, "aby_baseot_t": 504.56, "total_t": 1589.72, "nobase_t": 801.075, "poly_d_rs": [0, 69480], "oprf_d_rs": [83297, 16944], "aby_online_d_rs": [28991, 29000], "aby_setup_d_rs": [1228852, 1228843], "aby_total_d_rs": [1257843, 1257843], "aby_baseot_d_rs": [49956, 49956], "total_d_rs": [1341140, 1344267], "nobase_d_rs": [1291111, 1277411]}, "c_output": {"result": 0, "hashing_t": 0.925, "oprf_t": 688.324, "poly_t": 29.553, "poly_trans_t": 150.21, "aby_online_t": 17.609, "aby_setup_t": 131.179, "aby_total_t": 148.788, "aby_baseot_t": 508.957, "total_t": 1590.02, "nobase_t": 431.244, "poly_d_rs": [69480, 0], "oprf_d_rs": [16944, 83297], "aby_online_d_rs": [29009, 29000], "aby_setup_d_rs": [1228843, 1228843], "aby_total_d_rs": [1257852, 1257843], "aby_baseot_d_rs": [49956, 49948], "total_d_rs": [1344276, 1341140], "nobase_d_rs": [1277420, 1291119]}, "batch": "Unbalanced10AnalyticsDA_2"}