{"setup": "desktop-app", "repeat": 11, "parameters": {"client_neles": 1024, "server_neles": 1024, "epsilon": 1.27, "server_ip": "192.168.0.2", "port": 7777, "threads": 1, "threshold": 0, "n_fun": 3, "payload_bl": 2, "fun_type": 0, "overlap": 25, "nmegabins": 4, "poly_size": 947, "bit_len": 60}, "s_output": {"result": 0, "hashing_t": 4.12054, "oprf_t": 796.908, "poly_t": 82.4778, "poly_trans_t": 0.030561, "aby_online_t": 16.787, "aby_setup_t": 182.04, "aby_total_t": 198.827, "aby_baseot_t": 529.316, "total_t": 1660.65, "nobase_t": 830.409, "poly_d_rs": [0, 30304], "oprf_d_rs": [83297, 16944], "aby_online_d_rs": [19241, 29000], "aby_setup_d_rs": [1238602, 1228843], "aby_total_d_rs": [1257843, 1257843], "aby_baseot_d_rs": [49956, 49956], "total_d_rs": [1341140, 1305091], "nobase_d_rs": [1291111, 1238235]}, "c_output": {"result": 0, "hashing_t": 1.374, "oprf_t": 781.216, "poly_t": 25.851, "poly_trans_t": 72.676, "aby_online_t": 20.335, "aby_setup_t": 180.998, "aby_total_t": 201.333, "aby_baseot_t": 530.015, "total_t": 1660.11, "nobase_t": 389.226, "poly_d_rs": [30304, 0], "oprf_d_rs": [16944, 83297], "aby_online_d_rs": [29000, 29009], "aby_setup_d_rs": [1228843, 1228834], "aby_total_d_rs": [1257843, 1257843], "aby_baseot_d_rs": [49956, 49948], "total_d_rs": [1305091, 1341140], "nobase_d_rs": [1238235, 1291119]}, "batch": "Unbalanced10AnalyticsDA_2"}