{"setup": "desktop-app", "repeat": 7, "parameters": {"client_neles": 1024, "server_neles": 1024, "epsilon": 1.27, "server_ip": "192.168.0.2", "port": 7777, "threads": 1, "threshold": 0, "n_fun": 3, "payload_bl": 2, "fun_type": 0, "overlap": 25, "nmegabins": 4, "poly_size": 947, "bit_len": 60}, "s_output": {"result": 0, "hashing_t": 3.31796, "oprf_t": 738.117, "poly_t": 101.369, "poly_trans_t": 0.03134, "aby_online_t": 11.932, "aby_setup_t": 171.626, "aby_total_t": 183.558, "aby_baseot_t": 518.498, "total_t": 1600.45, "nobase_t": 782.983, "poly_d_rs": [0, 30304], "oprf_d_rs": [83297, 16944], "aby_online_d_rs": [19241, 29000], "aby_setup_d_rs": [1238602, 1228843], "aby_total_d_rs": [1257843, 1257843], "aby_baseot_d_rs": [49956, 49956], "total_d_rs": [1341140, 1305091], "nobase_d_rs": [1291111, 1238235]}, "c_output": {"result": 0, "hashing_t": 1.816, "oprf_t": 725.988, "poly_t": 31.169, "poly_trans_t": 90.053, "aby_online_t": 14.481, "aby_setup_t": 170.535, "aby_total_t": 185.016, "aby_baseot_t": 518.118, "total_t": 1600.92, "nobase_t": 392.187, "poly_d_rs": [30304, 0], "oprf_d_rs": [16944, 83297], "aby_online_d_rs": [29000, 29000], "aby_setup_d_rs": [1228843, 1228843], "aby_total_d_rs": [1257843, 1257843], "aby_baseot_d_rs": [49956, 49948], "total_d_rs": [1305091, 1341140], "nobase_d_rs": [1238235, 1291119]}, "batch": "Unbalanced10AnalyticsDA_2"}