{"setup": "desktop-app", "repeat": 9, "parameters": {"client_neles": 1024, "server_neles": 1024, "epsilon": 1.27, "server_ip": "192.168.0.2", "port": 7777, "threads": 1, "threshold": 0, "n_fun": 3, "payload_bl": 2, "fun_type": 0, "overlap": 25, "nmegabins": 4, "poly_size": 947, "bit_len": 60}, "s_output": {"result": 0, "hashing_t": 4.10408, "oprf_t": 761.98, "poly_t": 104.122, "poly_trans_t": 0.02983, "aby_online_t": 12.991, "aby_setup_t": 188.467, "aby_total_t": 201.458, "aby_baseot_t": 528.174, "total_t": 1655.63, "nobase_t": 817.169, "poly_d_rs": [0, 30304], "oprf_d_rs": [83297, 16944], "aby_online_d_rs": [19241, 28991], "aby_setup_d_rs": [1238602, 1228843], "aby_total_d_rs": [1257843, 1257834], "aby_baseot_d_rs": [49956, 49956], "total_d_rs": [1341140, 1305082], "nobase_d_rs": [1291111, 1238226]}, "c_output": {"result": 0, "hashing_t": 1.117, "oprf_t": 750.926, "poly_t": 33.147, "poly_trans_t": 89.367, "aby_online_t": 18.354, "aby_setup_t": 187.121, "aby_total_t": 205.475, "aby_baseot_t": 528.721, "total_t": 1658.19, "nobase_t": 408.706, "poly_d_rs": [30304, 0], "oprf_d_rs": [16944, 83297], "aby_online_d_rs": [29009, 29008], "aby_setup_d_rs": [1228843, 1228835], "aby_total_d_rs": [1257852, 1257843], "aby_baseot_d_rs": [49956, 49948], "total_d_rs": [1305100, 1341140], "nobase_d_rs": [1238244, 1291119]}, "batch": "Unbalanced10AnalyticsDA_2"}