{"setup": "desktop-app", "repeat": 10, "parameters": {"client_neles": 1024, "server_neles": 2048, "epsilon": 1.27, "server_ip": "192.168.0.2", "port": 7777, "threads": 1, "threshold": 0, "n_fun": 3, "payload_bl": 2, "fun_type": 0, "overlap": 25, "nmegabins": 9, "poly_size": 965, "bit_len": 60}, "s_output": {"result": 0, "hashing_t": 2.31588, "oprf_t": 730.904, "poly_t": 189.607, "poly_trans_t": 0.036574, "aby_online_t": 16.418, "aby_setup_t": 130.708, "aby_total_t": 147.126, "aby_baseot_t": 532.122, "total_t": 1653.11, "nobase_t": 815.208, "poly_d_rs": [0, 69480], "oprf_d_rs": [83297, 16944], "aby_online_d_rs": [29000, 29000], "aby_setup_d_rs": [1228843, 1228843], "aby_total_d_rs": [1257843, 1257843], "aby_baseot_d_rs": [49956, 49956], "total_d_rs": [1341140, 1344267], "nobase_d_rs": [1291111, 1277411]}, "c_output": {"result": 0, "hashing_t": 1.27, "oprf_t": 697.276, "poly_t": 22.006, "poly_trans_t": 174.015, "aby_online_t": 16.841, "aby_setup_t": 130.329, "aby_total_t": 147.17, "aby_baseot_t": 532.969, "total_t": 1651.61, "nobase_t": 452.864, "poly_d_rs": [69480, 0], "oprf_d_rs": [16944, 83297], "aby_online_d_rs": [29000, 28991], "aby_setup_d_rs": [1228843, 1228843], "aby_total_d_rs": [1257843, 1257834], "aby_baseot_d_rs": [49956, 49948], "total_d_rs": [1344267, 1341131], "nobase_d_rs": [1277411, 1291110]}, "batch": "Unbalanced10AnalyticsDA_2"}