{"setup": "desktop-app", "repeat": 17, "parameters": {"client_neles": 1024, "server_neles": 1024, "epsilon": 1.27, "server_ip": "192.168.0.2", "port": 7777, "threads": 1, "threshold": 0, "n_fun": 3, "payload_bl": 2, "fun_type": 0, "overlap": 25, "nmegabins": 4, "poly_size": 947, "bit_len": 60}, "s_output": {"result": 0, "hashing_t": 4.24642, "oprf_t": 803.2, "poly_t": 88.7961, "poly_trans_t": 0.030702, "aby_online_t": 14.353, "aby_setup_t": 188.609, "aby_total_t": 202.962, "aby_baseot_t": 524.684, "total_t": 1673.75, "nobase_t": 835.69, "poly_d_rs": [0, 30304], "oprf_d_rs": [83297, 16944], "aby_online_d_rs": [19241, 29000], "aby_setup_d_rs": [1238602, 1228843], "aby_total_d_rs": [1257843, 1257843], "aby_baseot_d_rs": [49956, 49956], "total_d_rs": [1341140, 1305091], "nobase_d_rs": [1291111, 1238235]}, "c_output": {"result": 0, "hashing_t": 1.504, "oprf_t": 797.274, "poly_t": 26.291, "poly_trans_t": 74.121, "aby_online_t": 19.759, "aby_setup_t": 187.745, "aby_total_t": 207.504, "aby_baseot_t": 524.763, "total_t": 1677.3, "nobase_t": 392.819, "poly_d_rs": [30304, 0], "oprf_d_rs": [16944, 83297], "aby_online_d_rs": [29000, 29000], "aby_setup_d_rs": [1228843, 1228843], "aby_total_d_rs": [1257843, 1257843], "aby_baseot_d_rs": [49956, 49948], "total_d_rs": [1305091, 1341140], "nobase_d_rs": [1238235, 1291119]}, "batch": "Unbalanced10AnalyticsDA_2"}