{"setup": "desktop-app", "repeat": 10, "parameters": {"client_neles": 1024, "server_neles": 2048, "epsilon": 1.27, "server_ip": "192.168.0.2", "port": 7777, "threads": 1, "threshold": 0, "n_fun": 3, "payload_bl": 2, "fun_type": 0, "overlap": 25, "nmegabins": 9, "poly_size": 965, "bit_len": 51}, "s_output": {"result": 0, "hashing_t": 4.13485, "oprf_t": 771.34, "poly_t": 163.566, "poly_trans_t": 0.038521, "aby_online_t": 15.197, "aby_setup_t": 174.532, "aby_total_t": 189.729, "aby_baseot_t": 512.769, "total_t": 1698.17, "nobase_t": 879.602, "poly_d_rs": [0, 69480], "oprf_d_rs": [83297, 16944], "aby_online_d_rs": [16317, 24605], "aby_setup_d_rs": [1050772, 1042475], "aby_total_d_rs": [1067089, 1067080], "aby_baseot_d_rs": [49956, 49956], "total_d_rs": [1150386, 1153504], "nobase_d_rs": [1100357, 1086648]}, "c_output": {"result": 0, "hashing_t": 1.364, "oprf_t": 764.42, "poly_t": 26.034, "poly_trans_t": 154.631, "aby_online_t": 18.673, "aby_setup_t": 173.653, "aby_total_t": 192.326, "aby_baseot_t": 514.157, "total_t": 1699.12, "nobase_t": 458.554, "poly_d_rs": [69480, 0], "oprf_d_rs": [16944, 83297], "aby_online_d_rs": [24614, 24614], "aby_setup_d_rs": [1042475, 1042475], "aby_total_d_rs": [1067089, 1067089], "aby_baseot_d_rs": [49956, 49956], "total_d_rs": [1153513, 1150386], "nobase_d_rs": [1086657, 1100357]}, "batch": "Unbalanced10AnalyticsDA_2"}