{"setup": "desktop-app", "repeat": 0, "parameters": {"client_neles": 1024, "server_neles": 2048, "epsilon": 1.27, "server_ip": "192.168.0.2", "port": 7777, "threads": 1, "threshold": 0, "n_fun": 3, "payload_bl": 2, "fun_type": 0, "overlap": 25, "nmegabins": 9, "poly_size": 965, "bit_len": 51}, "s_output": {"result": 0, "hashing_t": 8.33593, "oprf_t": 762.563, "poly_t": 155.88, "poly_trans_t": 0.038589, "aby_online_t": 12.175, "aby_setup_t": 109.531, "aby_total_t": 121.706, "aby_baseot_t": 509.014, "total_t": 1612.74, "nobase_t": 800.7, "poly_d_rs": [0, 69480], "oprf_d_rs": [83297, 16944], "aby_online_d_rs": [16317, 24614], "aby_setup_d_rs": [1050772, 1042475], "aby_total_d_rs": [1067089, 1067089], "aby_baseot_d_rs": [49956, 49956], "total_d_rs": [1150386, 1153513], "nobase_d_rs": [1100357, 1086657]}, "c_output": {"result": 0, "hashing_t": 1.086, "oprf_t": 751.01, "poly_t": 28.657, "poly_trans_t": 151.468, "aby_online_t": 13.704, "aby_setup_t": 108.917, "aby_total_t": 122.621, "aby_baseot_t": 509.896, "total_t": 1612.03, "nobase_t": 381.321, "poly_d_rs": [69480, 0], "oprf_d_rs": [16944, 83297], "aby_online_d_rs": [24614, 24614], "aby_setup_d_rs": [1042475, 1042475], "aby_total_d_rs": [1067089, 1067089], "aby_baseot_d_rs": [49956, 49956], "total_d_rs": [1153513, 1150386], "nobase_d_rs": [1086657, 1100357]}, "batch": "Unbalanced10AnalyticsDA_2"}