{"setup": "desktop-app", "repeat": 3, "parameters": {"client_neles": 1024, "server_neles": 4096, "epsilon": 1.27, "server_ip": "192.168.0.2", "port": 7777, "threads": 1, "threshold": 0, "n_fun": 3, "payload_bl": 2, "fun_type": 0, "overlap": 25, "nmegabins": 17, "poly_size": 976, "bit_len": 60}, "s_output": {"result": 0, "hashing_t": 4.57868, "oprf_t": 779.289, "poly_t": 311.576, "poly_trans_t": 6.20632, "aby_online_t": 12.86, "aby_setup_t": 133.429, "aby_total_t": 146.289, "aby_baseot_t": 515.412, "total_t": 1809.8, "nobase_t": 990.953, "poly_d_rs": [0, 132736], "oprf_d_rs": [83297, 16944], "aby_online_d_rs": [19241, 29000], "aby_setup_d_rs": [1238602, 1228843], "aby_total_d_rs": [1257843, 1257843], "aby_baseot_d_rs": [49956, 49956], "total_d_rs": [1341140, 1407523], "nobase_d_rs": [1291111, 1340667]}, "c_output": {"result": 0, "hashing_t": 1.43, "oprf_t": 756.247, "poly_t": 18.798, "poly_trans_t": 305.378, "aby_online_t": 14.725, "aby_setup_t": 132.985, "aby_total_t": 147.71, "aby_baseot_t": 516.134, "total_t": 1809.87, "nobase_t": 567.652, "poly_d_rs": [132736, 0], "oprf_d_rs": [16944, 83297], "aby_online_d_rs": [29000, 29000], "aby_setup_d_rs": [1228843, 1228843], "aby_total_d_rs": [1257843, 1257843], "aby_baseot_d_rs": [49956, 49948], "total_d_rs": [1407523, 1341140], "nobase_d_rs": [1340667, 1291119]}, "batch": "Unbalanced10AnalyticsDA_2"}