{"setup": "desktop-app", "repeat": 0, "parameters": {"client_neles": 1024, "server_neles": 4096, "epsilon": 1.27, "server_ip": "192.168.0.2", "port": 7777, "threads": 1, "threshold": 0, "n_fun": 3, "payload_bl": 2, "fun_type": 0, "overlap": 25, "nmegabins": 17, "poly_size": 976, "bit_len": 60}, "s_output": {"result": 0, "hashing_t": 6.43093, "oprf_t": 754.514, "poly_t": 288.068, "poly_trans_t": 3.23847, "aby_online_t": 12.33, "aby_setup_t": 110.81, "aby_total_t": 123.14, "aby_baseot_t": 540.998, "total_t": 1765.7, "nobase_t": 919.442, "poly_d_rs": [0, 132736], "oprf_d_rs": [83297, 16944], "aby_online_d_rs": [29000, 29000], "aby_setup_d_rs": [1228843, 1228843], "aby_total_d_rs": [1257843, 1257843], "aby_baseot_d_rs": [49956, 49956], "total_d_rs": [1341140, 1407523], "nobase_d_rs": [1291111, 1340667]}, "c_output": {"result": 0, "hashing_t": 0.905, "oprf_t": 733.416, "poly_t": 26.55, "poly_trans_t": 277.439, "aby_online_t": 12.368, "aby_setup_t": 112.882, "aby_total_t": 125.25, "aby_baseot_t": 539.295, "total_t": 1764.7, "nobase_t": 524.533, "poly_d_rs": [132736, 0], "oprf_d_rs": [16944, 83297], "aby_online_d_rs": [29001, 29000], "aby_setup_d_rs": [1228843, 1228843], "aby_total_d_rs": [1257844, 1257843], "aby_baseot_d_rs": [49956, 49956], "total_d_rs": [1407524, 1341140], "nobase_d_rs": [1340668, 1291111]}, "batch": "Unbalanced10AnalyticsDA_2"}