{"setup": "desktop-app", "repeat": 4, "parameters": {"client_neles": 1024, "server_neles": 2048, "epsilon": 1.27, "server_ip": "192.168.0.2", "port": 7777, "threads": 1, "threshold": 0, "n_fun": 3, "payload_bl": 2, "fun_type": 0, "overlap": 25, "nmegabins": 9, "poly_size": 965, "bit_len": 51}, "s_output": {"result": 0, "hashing_t": 3.26569, "oprf_t": 743.369, "poly_t": 173.686, "poly_trans_t": 0.033294, "aby_online_t": 13.069, "aby_setup_t": 114.768, "aby_total_t": 127.837, "aby_baseot_t": 507.548, "total_t": 1614.57, "nobase_t": 796.401, "poly_d_rs": [0, 69480], "oprf_d_rs": [83297, 16944], "aby_online_d_rs": [24605, 24614], "aby_setup_d_rs": [1042484, 1042475], "aby_total_d_rs": [1067089, 1067089], "aby_baseot_d_rs": [49956, 49956], "total_d_rs": [1150386, 1153513], "nobase_d_rs": [1100357, 1086657]}, "c_output": {"result": 0, "hashing_t": 1.218, "oprf_t": 708.274, "poly_t": 28.741, "poly_trans_t": 164.8, "aby_online_t": 13.471, "aby_setup_t": 114.863, "aby_total_t": 128.334, "aby_baseot_t": 508.611, "total_t": 1613.16, "nobase_t": 416.349, "poly_d_rs": [69480, 0], "oprf_d_rs": [16944, 83297], "aby_online_d_rs": [24614, 24605], "aby_setup_d_rs": [1042475, 1042475], "aby_total_d_rs": [1067089, 1067080], "aby_baseot_d_rs": [49956, 49948], "total_d_rs": [1153513, 1150377], "nobase_d_rs": [1086657, 1100356]}, "batch": "Unbalanced10AnalyticsDA_2"}