{"setup": "desktop-app", "repeat": 17, "parameters": {"client_neles": 1024, "server_neles": 1024, "epsilon": 1.27, "server_ip": "192.168.0.2", "port": 7777, "threads": 1, "threshold": 0, "n_fun": 3, "payload_bl": 2, "fun_type": 0, "overlap": 25, "nmegabins": 4, "poly_size": 947, "bit_len": 51}, "s_output": {"result": 0, "hashing_t": 1.04476, "oprf_t": 728.931, "poly_t": 91.1462, "poly_trans_t": 0.031124, "aby_online_t": 12.504, "aby_setup_t": 143.678, "aby_total_t": 156.182, "aby_baseot_t": 506.131, "total_t": 1547.14, "nobase_t": 746.532, "poly_d_rs": [0, 30304], "oprf_d_rs": [83297, 16944], "aby_online_d_rs": [16317, 24614], "aby_setup_d_rs": [1050772, 1042475], "aby_total_d_rs": [1067089, 1067089], "aby_baseot_d_rs": [49956, 49956], "total_d_rs": [1150386, 1114337], "nobase_d_rs": [1100357, 1047481]}, "c_output": {"result": 0, "hashing_t": 1.371, "oprf_t": 707.384, "poly_t": 32.971, "poly_trans_t": 68.197, "aby_online_t": 17.271, "aby_setup_t": 142.402, "aby_total_t": 159.673, "aby_baseot_t": 508.669, "total_t": 1549.86, "nobase_t": 366.715, "poly_d_rs": [30304, 0], "oprf_d_rs": [16944, 83297], "aby_online_d_rs": [24623, 24614], "aby_setup_d_rs": [1042475, 1042475], "aby_total_d_rs": [1067098, 1067089], "aby_baseot_d_rs": [49956, 49948], "total_d_rs": [1114346, 1150386], "nobase_d_rs": [1047490, 1100365]}, "batch": "Unbalanced10AnalyticsDA_2"}