{"setup": "desktop-app", "repeat": 17, "parameters": {"client_neles": 1024, "server_neles": 4096, "epsilon": 1.27, "server_ip": "192.168.0.2", "port": 7777, "threads": 1, "threshold": 0, "n_fun": 3, "payload_bl": 2, "fun_type": 0, "overlap": 25, "nmegabins": 17, "poly_size": 976, "bit_len": 51}, "s_output": {"result": 0, "hashing_t": 6.73625, "oprf_t": 770.181, "poly_t": 305.295, "poly_trans_t": 6.09211, "aby_online_t": 11.878, "aby_setup_t": 119.242, "aby_total_t": 131.12, "aby_baseot_t": 510.851, "total_t": 1784.18, "nobase_t": 967.425, "poly_d_rs": [0, 132736], "oprf_d_rs": [83297, 16944], "aby_online_d_rs": [24605, 24614], "aby_setup_d_rs": [1042484, 1042475], "aby_total_d_rs": [1067089, 1067089], "aby_baseot_d_rs": [49956, 49956], "total_d_rs": [1150386, 1216769], "nobase_d_rs": [1100357, 1149913]}, "c_output": {"result": 0, "hashing_t": 1.827, "oprf_t": 747.59, "poly_t": 18.863, "poly_trans_t": 306.289, "aby_online_t": 14.083, "aby_setup_t": 118.604, "aby_total_t": 132.687, "aby_baseot_t": 512.516, "total_t": 1784.51, "nobase_t": 555.366, "poly_d_rs": [132736, 0], "oprf_d_rs": [16944, 83297], "aby_online_d_rs": [24614, 24614], "aby_setup_d_rs": [1042475, 1042475], "aby_total_d_rs": [1067089, 1067089], "aby_baseot_d_rs": [49956, 49948], "total_d_rs": [1216769, 1150386], "nobase_d_rs": [1149913, 1100365]}, "batch": "Unbalanced10AnalyticsDA_2"}