{"setup": "desktop-app", "repeat": 16, "parameters": {"client_neles": 1024, "server_neles": 1024, "epsilon": 1.27, "server_ip": "192.168.0.2", "port": 7777, "threads": 1, "threshold": 0, "n_fun": 3, "payload_bl": 2, "fun_type": 0, "overlap": 25, "nmegabins": 4, "poly_size": 947, "bit_len": 51}, "s_output": {"result": 0, "hashing_t": 3.95686, "oprf_t": 752.325, "poly_t": 101.404, "poly_trans_t": 0.023972, "aby_online_t": 15.745, "aby_setup_t": 140.426, "aby_total_t": 156.171, "aby_baseot_t": 508.921, "total_t": 1574.55, "nobase_t": 774.31, "poly_d_rs": [0, 30304], "oprf_d_rs": [83297, 16944], "aby_online_d_rs": [24605, 24614], "aby_setup_d_rs": [1042484, 1042475], "aby_total_d_rs": [1067089, 1067089], "aby_baseot_d_rs": [49956, 49956], "total_d_rs": [1150386, 1114337], "nobase_d_rs": [1100357, 1047481]}, "c_output": {"result": 0, "hashing_t": 1.605, "oprf_t": 733.724, "poly_t": 29.592, "poly_trans_t": 78.835, "aby_online_t": 16.395, "aby_setup_t": 140.519, "aby_total_t": 156.914, "aby_baseot_t": 508.36, "total_t": 1574.01, "nobase_t": 362.849, "poly_d_rs": [30304, 0], "oprf_d_rs": [16944, 83297], "aby_online_d_rs": [24614, 24614], "aby_setup_d_rs": [1042475, 1042475], "aby_total_d_rs": [1067089, 1067089], "aby_baseot_d_rs": [49956, 49956], "total_d_rs": [1114337, 1150386], "nobase_d_rs": [1047481, 1100357]}, "batch": "Unbalanced10AnalyticsDA_2"}