{"setup": "desktop-app", "repeat": 24, "parameters": {"client_neles": 1024, "server_neles": 2048, "epsilon": 1.27, "server_ip": "192.168.0.2", "port": 7777, "threads": 1, "threshold": 0, "n_fun": 3, "payload_bl": 2, "fun_type": 0, "overlap": 25, "nmegabins": 9, "poly_size": 965, "bit_len": 60}, "s_output": {"result": 0, "hashing_t": 3.25998, "oprf_t": 699.209, "poly_t": 157.741, "poly_trans_t": 0.038803, "aby_online_t": 18.692, "aby_setup_t": 120.09, "aby_total_t": 138.782, "aby_baseot_t": 523.349, "total_t": 1570.36, "nobase_t": 762.861, "poly_d_rs": [0, 69480], "oprf_d_rs": [83297, 16944], "aby_online_d_rs": [29000, 28991], "aby_setup_d_rs": [1228843, 1228843], "aby_total_d_rs": [1257843, 1257834], "aby_baseot_d_rs": [49956, 49956], "total_d_rs": [1341140, 1344258], "nobase_d_rs": [1291111, 1277402]}, "c_output": {"result": 0, "hashing_t": 1.353, "oprf_t": 684.182, "poly_t": 21.681, "poly_trans_t": 149.907, "aby_online_t": 16.195, "aby_setup_t": 124.849, "aby_total_t": 141.044, "aby_baseot_t": 526.401, "total_t": 1571.65, "nobase_t": 391.926, "poly_d_rs": [69480, 0], "oprf_d_rs": [16944, 83297], "aby_online_d_rs": [28992, 29000], "aby_setup_d_rs": [1228852, 1228843], "aby_total_d_rs": [1257844, 1257843], "aby_baseot_d_rs": [49956, 49956], "total_d_rs": [1344268, 1341140], "nobase_d_rs": [1277412, 1291111]}, "batch": "Unbalanced10AnalyticsDA_2"}