{"setup": "desktop-app", "repeat": 3, "parameters": {"client_neles": 1024, "server_neles": 1024, "epsilon": 1.27, "server_ip": "192.168.0.2", "port": 7777, "threads": 1, "threshold": 0, "n_fun": 3, "payload_bl": 2, "fun_type": 0, "overlap": 25, "nmegabins": 4, "poly_size": 947, "bit_len": 60}, "s_output": {"result": 0, "hashing_t": 4.08701, "oprf_t": 764.636, "poly_t": 106.648, "poly_trans_t": 0.031578, "aby_online_t": 11.492, "aby_setup_t": 173.819, "aby_total_t": 185.311, "aby_baseot_t": 507.202, "total_t": 1617.03, "nobase_t": 813.278, "poly_d_rs": [0, 30304], "oprf_d_rs": [83297, 16944], "aby_online_d_rs": [19241, 29000], "aby_setup_d_rs": [1238602, 1228843], "aby_total_d_rs": [1257843, 1257843], "aby_baseot_d_rs": [49956, 49956], "total_d_rs": [1341140, 1305091], "nobase_d_rs": [1291111, 1238235]}, "c_output": {"result": 0, "hashing_t": 1.14, "oprf_t": 756.725, "poly_t": 28.314, "poly_trans_t": 91.352, "aby_online_t": 13.55, "aby_setup_t": 173.019, "aby_total_t": 186.569, "aby_baseot_t": 508.117, "total_t": 1616.92, "nobase_t": 384.691, "poly_d_rs": [30304, 0], "oprf_d_rs": [16944, 83297], "aby_online_d_rs": [29000, 29000], "aby_setup_d_rs": [1228843, 1228843], "aby_total_d_rs": [1257843, 1257843], "aby_baseot_d_rs": [49956, 49948], "total_d_rs": [1305091, 1341140], "nobase_d_rs": [1238235, 1291119]}, "batch": "Unbalanced10AnalyticsDA_2"}