{"setup": "desktop-app", "repeat": 4, "parameters": {"client_neles": 1024, "server_neles": 1024, "epsilon": 1.27, "server_ip": "192.168.0.2", "port": 7777, "threads": 1, "threshold": 0, "n_fun": 3, "payload_bl": 2, "fun_type": 0, "overlap": 25, "nmegabins": 4, "poly_size": 947, "bit_len": 60}, "s_output": {"result": 0, "hashing_t": 4.09391, "oprf_t": 762.299, "poly_t": 89.9448, "poly_trans_t": 0.030269, "aby_online_t": 17.405, "aby_setup_t": 127.017, "aby_total_t": 144.422, "aby_baseot_t": 528.346, "total_t": 1570.38, "nobase_t": 726.182, "poly_d_rs": [0, 30304], "oprf_d_rs": [83297, 16944], "aby_online_d_rs": [29000, 29000], "aby_setup_d_rs": [1228843, 1228843], "aby_total_d_rs": [1257843, 1257843], "aby_baseot_d_rs": [49956, 49956], "total_d_rs": [1341140, 1305091], "nobase_d_rs": [1291111, 1238235]}, "c_output": {"result": 0, "hashing_t": 1.415, "oprf_t": 742.773, "poly_t": 22.295, "poly_trans_t": 67.041, "aby_online_t": 13.485, "aby_setup_t": 130.594, "aby_total_t": 144.079, "aby_baseot_t": 529.344, "total_t": 1569.17, "nobase_t": 335.278, "poly_d_rs": [30304, 0], "oprf_d_rs": [16944, 83297], "aby_online_d_rs": [28991, 28991], "aby_setup_d_rs": [1228852, 1228843], "aby_total_d_rs": [1257843, 1257834], "aby_baseot_d_rs": [49956, 49956], "total_d_rs": [1305091, 1341131], "nobase_d_rs": [1238235, 1291102]}, "batch": "Unbalanced10AnalyticsDA_2"}