{"setup": "desktop-app", "repeat": 5, "parameters": {"client_neles": 1024, "server_neles": 2048, "epsilon": 1.27, "server_ip": "192.168.0.2", "port": 7777, "threads": 1, "threshold": 0, "n_fun": 3, "payload_bl": 2, "fun_type": 0, "overlap": 25, "nmegabins": 9, "poly_size": 965, "bit_len": 60}, "s_output": {"result": 0, "hashing_t": 2.14907, "oprf_t": 770.229, "poly_t": 166.799, "poly_trans_t": 0.034965, "aby_online_t": 17.179, "aby_setup_t": 174.621, "aby_total_t": 191.8, "aby_baseot_t": 515.259, "total_t": 1697.95, "nobase_t": 901.15, "poly_d_rs": [0, 69480], "oprf_d_rs": [83297, 16944], "aby_online_d_rs": [19241, 29000], "aby_setup_d_rs": [1238602, 1228843], "aby_total_d_rs": [1257843, 1257843], "aby_baseot_d_rs": [49956, 49956], "total_d_rs": [1341140, 1344267], "nobase_d_rs": [1291111, 1277411]}, "c_output": {"result": 0, "hashing_t": 1.235, "oprf_t": 752.759, "poly_t": 25.364, "poly_trans_t": 163.698, "aby_online_t": 20.863, "aby_setup_t": 173.931, "aby_total_t": 194.794, "aby_baseot_t": 516.227, "total_t": 1699.47, "nobase_t": 460.746, "poly_d_rs": [69480, 0], "oprf_d_rs": [16944, 83297], "aby_online_d_rs": [29000, 29000], "aby_setup_d_rs": [1228843, 1228843], "aby_total_d_rs": [1257843, 1257843], "aby_baseot_d_rs": [49956, 49956], "total_d_rs": [1344267, 1341140], "nobase_d_rs": [1277411, 1291111]}, "batch": "Unbalanced10AnalyticsDA_2"}