{"setup": "desktop-app", "repeat": 5, "parameters": {"client_neles": 1024, "server_neles": 2048, "epsilon": 1.27, "server_ip": "192.168.0.2", "port": 7777, "threads": 1, "threshold": 0, "n_fun": 3, "payload_bl": 2, "fun_type": 0, "overlap": 25, "nmegabins": 9, "poly_size": 965, "bit_len": 51}, "s_output": {"result": 0, "hashing_t": 6.45545, "oprf_t": 783.005, "poly_t": 148.483, "poly_trans_t": 0.033925, "aby_online_t": 13.137, "aby_setup_t": 130.329, "aby_total_t": 143.466, "aby_baseot_t": 531.379, "total_t": 1663.25, "nobase_t": 844.384, "poly_d_rs": [0, 69480], "oprf_d_rs": [83297, 16944], "aby_online_d_rs": [16317, 24614], "aby_setup_d_rs": [1050772, 1042475], "aby_total_d_rs": [1067089, 1067089], "aby_baseot_d_rs": [49956, 49956], "total_d_rs": [1150386, 1153513], "nobase_d_rs": [1100357, 1086657]}, "c_output": {"result": 0, "hashing_t": 1.804, "oprf_t": 768.997, "poly_t": 23.721, "poly_trans_t": 149.629, "aby_online_t": 15.445, "aby_setup_t": 129.464, "aby_total_t": 144.909, "aby_baseot_t": 532.428, "total_t": 1663.49, "nobase_t": 394.143, "poly_d_rs": [69480, 0], "oprf_d_rs": [16944, 83297], "aby_online_d_rs": [24614, 24614], "aby_setup_d_rs": [1042475, 1042475], "aby_total_d_rs": [1067089, 1067089], "aby_baseot_d_rs": [49956, 49948], "total_d_rs": [1153513, 1150386], "nobase_d_rs": [1086657, 1100365]}, "batch": "Unbalanced10AnalyticsDA_2"}