{"setup": "desktop-app", "repeat": 22, "parameters": {"client_neles": 1024, "server_neles": 1024, "epsilon": 1.27, "server_ip": "192.168.0.2", "port": 7777, "threads": 1, "threshold": 0, "n_fun": 3, "payload_bl": 2, "fun_type": 0, "overlap": 25, "nmegabins": 4, "poly_size": 947, "bit_len": 60}, "s_output": {"result": 0, "hashing_t": 4.10961, "oprf_t": 727.81, "poly_t": 94.0606, "poly_trans_t": 0.030861, "aby_online_t": 16.592, "aby_setup_t": 166.853, "aby_total_t": 183.445, "aby_baseot_t": 511.689, "total_t": 1572.22, "nobase_t": 760.857, "poly_d_rs": [0, 30304], "oprf_d_rs": [83297, 16944], "aby_online_d_rs": [19241, 29000], "aby_setup_d_rs": [1238602, 1228843], "aby_total_d_rs": [1257843, 1257843], "aby_baseot_d_rs": [49956, 49956], "total_d_rs": [1341140, 1305091], "nobase_d_rs": [1291111, 1238235]}, "c_output": {"result": 0, "hashing_t": 1.257, "oprf_t": 721.771, "poly_t": 28.628, "poly_trans_t": 76.823, "aby_online_t": 18.757, "aby_setup_t": 166.525, "aby_total_t": 185.282, "aby_baseot_t": 512.703, "total_t": 1572.97, "nobase_t": 372.735, "poly_d_rs": [30304, 0], "oprf_d_rs": [16944, 83297], "aby_online_d_rs": [29000, 29008], "aby_setup_d_rs": [1228843, 1228835], "aby_total_d_rs": [1257843, 1257843], "aby_baseot_d_rs": [49956, 49948], "total_d_rs": [1305091, 1341140], "nobase_d_rs": [1238235, 1291119]}, "batch": "Unbalanced10AnalyticsDA_2"}