{"setup": "desktop-app", "repeat": 12, "parameters": {"client_neles": 1024, "server_neles": 1024, "epsilon": 1.27, "server_ip": "192.168.0.2", "port": 7777, "threads": 1, "threshold": 0, "n_fun": 3, "payload_bl": 2, "fun_type": 0, "overlap": 25, "nmegabins": 4, "poly_size": 947, "bit_len": 60}, "s_output": {"result": 0, "hashing_t": 4.26957, "oprf_t": 771.663, "poly_t": 88.2427, "poly_trans_t": 0.029815, "aby_online_t": 20.415, "aby_setup_t": 174.672, "aby_total_t": 195.087, "aby_baseot_t": 521.927, "total_t": 1628.87, "nobase_t": 800.379, "poly_d_rs": [0, 30304], "oprf_d_rs": [83297, 16944], "aby_online_d_rs": [29000, 29000], "aby_setup_d_rs": [1228843, 1228843], "aby_total_d_rs": [1257843, 1257843], "aby_baseot_d_rs": [49956, 49956], "total_d_rs": [1341140, 1305091], "nobase_d_rs": [1291111, 1238235]}, "c_output": {"result": 0, "hashing_t": 2.296, "oprf_t": 761.001, "poly_t": 28.509, "poly_trans_t": 70.512, "aby_online_t": 19.13, "aby_setup_t": 175.903, "aby_total_t": 195.033, "aby_baseot_t": 522.657, "total_t": 1627.74, "nobase_t": 384.398, "poly_d_rs": [30304, 0], "oprf_d_rs": [16944, 83297], "aby_online_d_rs": [29000, 29000], "aby_setup_d_rs": [1228843, 1228843], "aby_total_d_rs": [1257843, 1257843], "aby_baseot_d_rs": [49956, 49947], "total_d_rs": [1305091, 1341140], "nobase_d_rs": [1238235, 1291120]}, "batch": "Unbalanced10AnalyticsDA_2"}