{"setup": "desktop-app", "repeat": 10, "parameters": {"client_neles": 1024, "server_neles": 1024, "epsilon": 1.27, "server_ip": "192.168.0.2", "port": 7777, "threads": 1, "threshold": 0, "n_fun": 3, "payload_bl": 2, "fun_type": 0, "overlap": 25, "nmegabins": 4, "poly_size": 947, "bit_len": 51}, "s_output": {"result": 0, "hashing_t": 4.15587, "oprf_t": 746.421, "poly_t": 90.7642, "poly_trans_t": 0.031537, "aby_online_t": 16.513, "aby_setup_t": 146.838, "aby_total_t": 163.351, "aby_baseot_t": 519.799, "total_t": 1580.64, "nobase_t": 770.158, "poly_d_rs": [0, 30304], "oprf_d_rs": [83297, 16944], "aby_online_d_rs": [16317, 24614], "aby_setup_d_rs": [1050772, 1042475], "aby_total_d_rs": [1067089, 1067089], "aby_baseot_d_rs": [49956, 49956], "total_d_rs": [1150386, 1114337], "nobase_d_rs": [1100357, 1047481]}, "c_output": {"result": 0, "hashing_t": 1.322, "oprf_t": 735.053, "poly_t": 30.29, "poly_trans_t": 79.664, "aby_online_t": 19.196, "aby_setup_t": 145.381, "aby_total_t": 164.577, "aby_baseot_t": 521.387, "total_t": 1581.53, "nobase_t": 354.679, "poly_d_rs": [30304, 0], "oprf_d_rs": [16944, 83297], "aby_online_d_rs": [24614, 24614], "aby_setup_d_rs": [1042475, 1042475], "aby_total_d_rs": [1067089, 1067089], "aby_baseot_d_rs": [49956, 49948], "total_d_rs": [1114337, 1150386], "nobase_d_rs": [1047481, 1100365]}, "batch": "Unbalanced10AnalyticsDA_2"}