{"setup": "desktop-app", "repeat": 1, "parameters": {"client_neles": 1024, "server_neles": 4096, "epsilon": 1.27, "server_ip": "192.168.0.2", "port": 7777, "threads": 1, "threshold": 0, "n_fun": 3, "payload_bl": 2, "fun_type": 0, "overlap": 25, "nmegabins": 17, "poly_size": 976, "bit_len": 60}, "s_output": {"result": 0, "hashing_t": 4.83505, "oprf_t": 748.001, "poly_t": 269.184, "poly_trans_t": 5.10232, "aby_online_t": 16.506, "aby_setup_t": 161.183, "aby_total_t": 177.689, "aby_baseot_t": 528.665, "total_t": 1782.33, "nobase_t": 946.903, "poly_d_rs": [0, 132736], "oprf_d_rs": [83297, 16944], "aby_online_d_rs": [19241, 29000], "aby_setup_d_rs": [1238602, 1228843], "aby_total_d_rs": [1257843, 1257843], "aby_baseot_d_rs": [49956, 49956], "total_d_rs": [1341140, 1407523], "nobase_d_rs": [1291111, 1340667]}, "c_output": {"result": 0, "hashing_t": 1.207, "oprf_t": 701.819, "poly_t": 20.076, "poly_trans_t": 272.12, "aby_online_t": 18.243, "aby_setup_t": 159.928, "aby_total_t": 178.171, "aby_baseot_t": 529.545, "total_t": 1780.97, "nobase_t": 578.386, "poly_d_rs": [132736, 0], "oprf_d_rs": [16944, 83297], "aby_online_d_rs": [29000, 29008], "aby_setup_d_rs": [1228843, 1228835], "aby_total_d_rs": [1257843, 1257843], "aby_baseot_d_rs": [49956, 49948], "total_d_rs": [1407523, 1341140], "nobase_d_rs": [1340667, 1291119]}, "batch": "Unbalanced10AnalyticsDA_2"}