{"setup": "desktop-app", "repeat": 8, "parameters": {"client_neles": 1024, "server_neles": 2048, "epsilon": 1.27, "server_ip": "192.168.0.2", "port": 7777, "threads": 1, "threshold": 0, "n_fun": 3, "payload_bl": 2, "fun_type": 0, "overlap": 25, "nmegabins": 9, "poly_size": 965, "bit_len": 60}, "s_output": {"result": 0, "hashing_t": 8.25561, "oprf_t": 962.391, "poly_t": 174.524, "poly_trans_t": 0.077083, "aby_online_t": 17.952, "aby_setup_t": 164.309, "aby_total_t": 182.261, "aby_baseot_t": 526.463, "total_t": 1902.43, "nobase_t": 876.906, "poly_d_rs": [0, 69480], "oprf_d_rs": [83297, 16944], "aby_online_d_rs": [19241, 29000], "aby_setup_d_rs": [1238602, 1228843], "aby_total_d_rs": [1257843, 1257843], "aby_baseot_d_rs": [49956, 49956], "total_d_rs": [1341140, 1344267], "nobase_d_rs": [1291111, 1277411]}, "c_output": {"result": 0, "hashing_t": 2.134, "oprf_t": 952.913, "poly_t": 18.94, "poly_trans_t": 175.004, "aby_online_t": 18.689, "aby_setup_t": 163.681, "aby_total_t": 182.37, "aby_baseot_t": 526.642, "total_t": 1901.81, "nobase_t": 457.28, "poly_d_rs": [69480, 0], "oprf_d_rs": [16944, 83297], "aby_online_d_rs": [29000, 29000], "aby_setup_d_rs": [1228843, 1228834], "aby_total_d_rs": [1257843, 1257834], "aby_baseot_d_rs": [49956, 49948], "total_d_rs": [1344267, 1341131], "nobase_d_rs": [1277411, 1291110]}, "batch": "Unbalanced10AnalyticsDA_2"}