{"setup": "desktop-app", "repeat": 14, "parameters": {"client_neles": 1024, "server_neles": 1024, "epsilon": 1.27, "server_ip": "192.168.0.2", "port": 7777, "threads": 1, "threshold": 0, "n_fun": 3, "payload_bl": 2, "fun_type": 0, "overlap": 25, "nmegabins": 4, "poly_size": 947, "bit_len": 51}, "s_output": {"result": 0, "hashing_t": 4.07315, "oprf_t": 747.109, "poly_t": 106.665, "poly_trans_t": 0.031019, "aby_online_t": 14.283, "aby_setup_t": 156.02, "aby_total_t": 170.303, "aby_baseot_t": 510.676, "total_t": 1595.33, "nobase_t": 793.063, "poly_d_rs": [0, 30304], "oprf_d_rs": [83297, 16944], "aby_online_d_rs": [24614, 24614], "aby_setup_d_rs": [1042475, 1042475], "aby_total_d_rs": [1067089, 1067089], "aby_baseot_d_rs": [49956, 49956], "total_d_rs": [1150386, 1114337], "nobase_d_rs": [1100357, 1047481]}, "c_output": {"result": 0, "hashing_t": 1.189, "oprf_t": 740.426, "poly_t": 31.791, "poly_trans_t": 92.683, "aby_online_t": 16.144, "aby_setup_t": 155.843, "aby_total_t": 171.987, "aby_baseot_t": 511.043, "total_t": 1596.96, "nobase_t": 380.134, "poly_d_rs": [30304, 0], "oprf_d_rs": [16944, 83297], "aby_online_d_rs": [24614, 24614], "aby_setup_d_rs": [1042475, 1042475], "aby_total_d_rs": [1067089, 1067089], "aby_baseot_d_rs": [49956, 49948], "total_d_rs": [1114337, 1150386], "nobase_d_rs": [1047481, 1100365]}, "batch": "Unbalanced10AnalyticsDA_2"}