{"setup": "desktop-app", "repeat": 2, "parameters": {"client_neles": 1024, "server_neles": 4096, "epsilon": 1.27, "server_ip": "192.168.0.2", "port": 7777, "threads": 1, "threshold": 0, "n_fun": 3, "payload_bl": 2, "fun_type": 0, "overlap": 25, "nmegabins": 17, "poly_size": 976, "bit_len": 60}, "s_output": {"result": 0, "hashing_t": 3.75809, "oprf_t": 774.208, "poly_t": 291.049, "poly_trans_t": 5.69351, "aby_online_t": 11.087, "aby_setup_t": 118.101, "aby_total_t": 129.188, "aby_baseot_t": 507.085, "total_t": 1766.54, "nobase_t": 979.417, "poly_d_rs": [0, 132736], "oprf_d_rs": [83297, 16944], "aby_online_d_rs": [28991, 29000], "aby_setup_d_rs": [1228852, 1228843], "aby_total_d_rs": [1257843, 1257843], "aby_baseot_d_rs": [49956, 49956], "total_d_rs": [1341140, 1407523], "nobase_d_rs": [1291111, 1340667]}, "c_output": {"result": 0, "hashing_t": 1.855, "oprf_t": 727.453, "poly_t": 20.523, "poly_trans_t": 290.98, "aby_online_t": 11.259, "aby_setup_t": 118.072, "aby_total_t": 129.331, "aby_baseot_t": 511.205, "total_t": 1765.4, "nobase_t": 567.782, "poly_d_rs": [132736, 0], "oprf_d_rs": [16944, 83297], "aby_online_d_rs": [29000, 28991], "aby_setup_d_rs": [1228843, 1228843], "aby_total_d_rs": [1257843, 1257834], "aby_baseot_d_rs": [49956, 49948], "total_d_rs": [1407523, 1341131], "nobase_d_rs": [1340667, 1291110]}, "batch": "Unbalanced10AnalyticsDA_2"}