{"setup": "desktop-app", "repeat": 8, "parameters": {"client_neles": 1024, "server_neles": 1024, "epsilon": 1.27, "server_ip": "192.168.0.2", "port": 7777, "threads": 1, "threshold": 0, "n_fun": 3, "payload_bl": 2, "fun_type": 0, "overlap": 25, "nmegabins": 4, "poly_size": 947, "bit_len": 60}, "s_output": {"result": 0, "hashing_t": 4.06849, "oprf_t": 735.527, "poly_t": 102.599, "poly_trans_t": 0.03037, "aby_online_t": 10.761, "aby_setup_t": 156.744, "aby_total_t": 167.505, "aby_baseot_t": 516.856, "total_t": 1577.89, "nobase_t": 771.5, "poly_d_rs": [0, 30304], "oprf_d_rs": [83297, 16944], "aby_online_d_rs": [29000, 29000], "aby_setup_d_rs": [1228843, 1228843], "aby_total_d_rs": [1257843, 1257843], "aby_baseot_d_rs": [49956, 49956], "total_d_rs": [1341140, 1305091], "nobase_d_rs": [1291111, 1238235]}, "c_output": {"result": 0, "hashing_t": 1.347, "oprf_t": 725.419, "poly_t": 28.154, "poly_trans_t": 87.354, "aby_online_t": 14.0, "aby_setup_t": 157.269, "aby_total_t": 171.269, "aby_baseot_t": 517.681, "total_t": 1580.79, "nobase_t": 369.81, "poly_d_rs": [30304, 0], "oprf_d_rs": [16944, 83297], "aby_online_d_rs": [29009, 29000], "aby_setup_d_rs": [1228843, 1228843], "aby_total_d_rs": [1257852, 1257843], "aby_baseot_d_rs": [49956, 49948], "total_d_rs": [1305100, 1341140], "nobase_d_rs": [1238244, 1291119]}, "batch": "Unbalanced10AnalyticsDA_2"}