{"setup": "desktop-app", "repeat": 22, "parameters": {"client_neles": 1024, "server_neles": 1024, "epsilon": 1.27, "server_ip": "192.168.0.2", "port": 7777, "threads": 1, "threshold": 0, "n_fun": 3, "payload_bl": 2, "fun_type": 0, "overlap": 25, "nmegabins": 4, "poly_size": 947, "bit_len": 51}, "s_output": {"result": 0, "hashing_t": 1.06294, "oprf_t": 717.708, "poly_t": 79.3558, "poly_trans_t": 0.03829, "aby_online_t": 11.515, "aby_setup_t": 91.685, "aby_total_t": 103.2, "aby_baseot_t": 517.012, "total_t": 1464.46, "nobase_t": 665.084, "poly_d_rs": [0, 30304], "oprf_d_rs": [83297, 16944], "aby_online_d_rs": [24613, 24614], "aby_setup_d_rs": [1042476, 1042475], "aby_total_d_rs": [1067089, 1067089], "aby_baseot_d_rs": [49956, 49956], "total_d_rs": [1150386, 1114337], "nobase_d_rs": [1100357, 1047481]}, "c_output": {"result": 0, "hashing_t": 1.415, "oprf_t": 701.281, "poly_t": 25.574, "poly_trans_t": 68.695, "aby_online_t": 11.662, "aby_setup_t": 91.093, "aby_total_t": 102.755, "aby_baseot_t": 518.114, "total_t": 1463.07, "nobase_t": 272.705, "poly_d_rs": [30304, 0], "oprf_d_rs": [16944, 83297], "aby_online_d_rs": [24614, 24614], "aby_setup_d_rs": [1042475, 1042466], "aby_total_d_rs": [1067089, 1067080], "aby_baseot_d_rs": [49956, 49956], "total_d_rs": [1114337, 1150377], "nobase_d_rs": [1047481, 1100348]}, "batch": "Unbalanced10AnalyticsDA_2"}