{"setup": "desktop-app", "repeat": 15, "parameters": {"client_neles": 1024, "server_neles": 2048, "epsilon": 1.27, "server_ip": "192.168.0.2", "port": 7777, "threads": 1, "threshold": 0, "n_fun": 3, "payload_bl": 2, "fun_type": 0, "overlap": 25, "nmegabins": 9, "poly_size": 965, "bit_len": 51}, "s_output": {"result": 0, "hashing_t": 8.34765, "oprf_t": 747.729, "poly_t": 171.797, "poly_trans_t": 0.032828, "aby_online_t": 13.998, "aby_setup_t": 145.56, "aby_total_t": 159.558, "aby_baseot_t": 520.326, "total_t": 1663.3, "nobase_t": 859.685, "poly_d_rs": [0, 69480], "oprf_d_rs": [83297, 16944], "aby_online_d_rs": [16317, 24614], "aby_setup_d_rs": [1050772, 1042475], "aby_total_d_rs": [1067089, 1067089], "aby_baseot_d_rs": [49956, 49956], "total_d_rs": [1150386, 1153513], "nobase_d_rs": [1100357, 1086657]}, "c_output": {"result": 0, "hashing_t": 2.348, "oprf_t": 733.257, "poly_t": 25.865, "poly_trans_t": 167.896, "aby_online_t": 16.807, "aby_setup_t": 144.858, "aby_total_t": 161.665, "aby_baseot_t": 520.623, "total_t": 1662.69, "nobase_t": 438.448, "poly_d_rs": [69480, 0], "oprf_d_rs": [16944, 83297], "aby_online_d_rs": [24614, 24614], "aby_setup_d_rs": [1042475, 1042475], "aby_total_d_rs": [1067089, 1067089], "aby_baseot_d_rs": [49956, 49956], "total_d_rs": [1153513, 1150386], "nobase_d_rs": [1086657, 1100357]}, "batch": "Unbalanced10AnalyticsDA_2"}