{"setup": "desktop-app", "repeat": 2, "parameters": {"client_neles": 1024, "server_neles": 2048, "epsilon": 1.27, "server_ip": "192.168.0.2", "port": 7777, "threads": 1, "threshold": 0, "n_fun": 3, "payload_bl": 2, "fun_type": 0, "overlap": 25, "nmegabins": 9, "poly_size": 965, "bit_len": 60}, "s_output": {"result": 0, "hashing_t": 8.22843, "oprf_t": 799.408, "poly_t": 165.507, "poly_trans_t": 0.049473, "aby_online_t": 17.455, "aby_setup_t": 187.104, "aby_total_t": 204.559, "aby_baseot_t": 522.311, "total_t": 1743.44, "nobase_t": 907.277, "poly_d_rs": [0, 69480], "oprf_d_rs": [83297, 16944], "aby_online_d_rs": [19241, 29000], "aby_setup_d_rs": [1238602, 1228843], "aby_total_d_rs": [1257843, 1257843], "aby_baseot_d_rs": [49956, 49956], "total_d_rs": [1341140, 1344267], "nobase_d_rs": [1291111, 1277411]}, "c_output": {"result": 0, "hashing_t": 1.149, "oprf_t": 786.867, "poly_t": 18.754, "poly_trans_t": 162.075, "aby_online_t": 19.36, "aby_setup_t": 186.206, "aby_total_t": 205.566, "aby_baseot_t": 523.403, "total_t": 1742.46, "nobase_t": 465.176, "poly_d_rs": [69480, 0], "oprf_d_rs": [16944, 83297], "aby_online_d_rs": [29000, 29000], "aby_setup_d_rs": [1228843, 1228843], "aby_total_d_rs": [1257843, 1257843], "aby_baseot_d_rs": [49956, 49948], "total_d_rs": [1344267, 1341140], "nobase_d_rs": [1277411, 1291119]}, "batch": "Unbalanced10AnalyticsDA_2"}