{"setup": "desktop-app", "repeat": 17, "parameters": {"client_neles": 1024, "server_neles": 2048, "epsilon": 1.27, "server_ip": "192.168.0.2", "port": 7777, "threads": 1, "threshold": 0, "n_fun": 3, "payload_bl": 2, "fun_type": 0, "overlap": 25, "nmegabins": 9, "poly_size": 965, "bit_len": 51}, "s_output": {"result": 0, "hashing_t": 6.31945, "oprf_t": 739.045, "poly_t": 179.022, "poly_trans_t": 0.039031, "aby_online_t": 13.257, "aby_setup_t": 121.458, "aby_total_t": 134.715, "aby_baseot_t": 523.432, "total_t": 1631.38, "nobase_t": 817.421, "poly_d_rs": [0, 69480], "oprf_d_rs": [83297, 16944], "aby_online_d_rs": [24605, 24614], "aby_setup_d_rs": [1042484, 1042475], "aby_total_d_rs": [1067089, 1067089], "aby_baseot_d_rs": [49956, 49956], "total_d_rs": [1150386, 1153513], "nobase_d_rs": [1100357, 1086657]}, "c_output": {"result": 0, "hashing_t": 1.386, "oprf_t": 728.82, "poly_t": 21.11, "poly_trans_t": 171.528, "aby_online_t": 14.678, "aby_setup_t": 121.418, "aby_total_t": 136.096, "aby_baseot_t": 524.668, "total_t": 1631.87, "nobase_t": 411.426, "poly_d_rs": [69480, 0], "oprf_d_rs": [16944, 83297], "aby_online_d_rs": [24614, 24614], "aby_setup_d_rs": [1042475, 1042475], "aby_total_d_rs": [1067089, 1067089], "aby_baseot_d_rs": [49956, 49956], "total_d_rs": [1153513, 1150386], "nobase_d_rs": [1086657, 1100357]}, "batch": "Unbalanced10AnalyticsDA_2"}