{"setup": "desktop-app", "repeat": 1, "parameters": {"client_neles": 1024, "server_neles": 2048, "epsilon": 1.27, "server_ip": "192.168.0.2", "port": 7777, "threads": 1, "threshold": 0, "n_fun": 3, "payload_bl": 2, "fun_type": 0, "overlap": 25, "nmegabins": 9, "poly_size": 965, "bit_len": 60}, "s_output": {"result": 0, "hashing_t": 1.90538, "oprf_t": 769.054, "poly_t": 172.973, "poly_trans_t": 0.043366, "aby_online_t": 14.904, "aby_setup_t": 136.483, "aby_total_t": 151.387, "aby_baseot_t": 524.662, "total_t": 1682.66, "nobase_t": 859.377, "poly_d_rs": [0, 69480], "oprf_d_rs": [83297, 16944], "aby_online_d_rs": [19241, 28991], "aby_setup_d_rs": [1238602, 1228843], "aby_total_d_rs": [1257843, 1257834], "aby_baseot_d_rs": [49956, 49956], "total_d_rs": [1341140, 1344258], "nobase_d_rs": [1291111, 1277402]}, "c_output": {"result": 0, "hashing_t": 2.16, "oprf_t": 748.527, "poly_t": 31.724, "poly_trans_t": 170.539, "aby_online_t": 18.016, "aby_setup_t": 136.085, "aby_total_t": 154.101, "aby_baseot_t": 526.667, "total_t": 1683.11, "nobase_t": 439.49, "poly_d_rs": [69480, 0], "oprf_d_rs": [16944, 83297], "aby_online_d_rs": [29000, 29000], "aby_setup_d_rs": [1228843, 1228843], "aby_total_d_rs": [1257843, 1257843], "aby_baseot_d_rs": [49956, 49948], "total_d_rs": [1344267, 1341140], "nobase_d_rs": [1277411, 1291119]}, "batch": "Unbalanced10AnalyticsDA_2"}