{"setup": "desktop-app", "repeat": 3, "parameters": {"client_neles": 1024, "server_neles": 2048, "epsilon": 1.27, "server_ip": "192.168.0.2", "port": 7777, "threads": 1, "threshold": 0, "n_fun": 3, "payload_bl": 2, "fun_type": 0, "overlap": 25, "nmegabins": 9, "poly_size": 965, "bit_len": 60}, "s_output": {"result": 0, "hashing_t": 6.80011, "oprf_t": 800.268, "poly_t": 171.322, "poly_trans_t": 0.040884, "aby_online_t": 14.873, "aby_setup_t": 167.31, "aby_total_t": 182.183, "aby_baseot_t": 513.703, "total_t": 1726.71, "nobase_t": 917.407, "poly_d_rs": [0, 69480], "oprf_d_rs": [83297, 16944], "aby_online_d_rs": [19241, 29000], "aby_setup_d_rs": [1238602, 1228843], "aby_total_d_rs": [1257843, 1257843], "aby_baseot_d_rs": [49956, 49956], "total_d_rs": [1341140, 1344267], "nobase_d_rs": [1291111, 1277411]}, "c_output": {"result": 0, "hashing_t": 1.362, "oprf_t": 769.171, "poly_t": 18.511, "poly_trans_t": 159.33, "aby_online_t": 17.623, "aby_setup_t": 166.543, "aby_total_t": 184.166, "aby_baseot_t": 514.403, "total_t": 1727.57, "nobase_t": 475.058, "poly_d_rs": [69480, 0], "oprf_d_rs": [16944, 83297], "aby_online_d_rs": [29000, 29009], "aby_setup_d_rs": [1228843, 1228834], "aby_total_d_rs": [1257843, 1257843], "aby_baseot_d_rs": [49956, 49948], "total_d_rs": [1344267, 1341140], "nobase_d_rs": [1277411, 1291119]}, "batch": "Unbalanced10AnalyticsDA_2"}