{"setup": "desktop-app", "repeat": 17, "parameters": {"client_neles": 1024, "server_neles": 2048, "epsilon": 1.27, "server_ip": "192.168.0.2", "port": 7777, "threads": 1, "threshold": 0, "n_fun": 3, "payload_bl": 2, "fun_type": 0, "overlap": 25, "nmegabins": 9, "poly_size": 965, "bit_len": 60}, "s_output": {"result": 0, "hashing_t": 6.49011, "oprf_t": 726.606, "poly_t": 156.859, "poly_trans_t": 0.039894, "aby_online_t": 15.774, "aby_setup_t": 159.862, "aby_total_t": 175.636, "aby_baseot_t": 512.782, "total_t": 1626.69, "nobase_t": 825.658, "poly_d_rs": [0, 69480], "oprf_d_rs": [83297, 16944], "aby_online_d_rs": [19241, 28991], "aby_setup_d_rs": [1238602, 1228843], "aby_total_d_rs": [1257843, 1257834], "aby_baseot_d_rs": [49956, 49956], "total_d_rs": [1341140, 1344258], "nobase_d_rs": [1291111, 1277402]}, "c_output": {"result": 0, "hashing_t": 1.344, "oprf_t": 712.913, "poly_t": 22.903, "poly_trans_t": 154.618, "aby_online_t": 19.302, "aby_setup_t": 158.942, "aby_total_t": 178.244, "aby_baseot_t": 513.755, "total_t": 1628.51, "nobase_t": 430.619, "poly_d_rs": [69480, 0], "oprf_d_rs": [16944, 83297], "aby_online_d_rs": [29000, 29000], "aby_setup_d_rs": [1228843, 1228843], "aby_total_d_rs": [1257843, 1257843], "aby_baseot_d_rs": [49956, 49948], "total_d_rs": [1344267, 1341140], "nobase_d_rs": [1277411, 1291119]}, "batch": "Unbalanced10AnalyticsDA_2"}