{"setup": "desktop-app", "repeat": 21, "parameters": {"client_neles": 1024, "server_neles": 1024, "epsilon": 1.27, "server_ip": "192.168.0.2", "port": 7777, "threads": 1, "threshold": 0, "n_fun": 3, "payload_bl": 2, "fun_type": 0, "overlap": 25, "nmegabins": 4, "poly_size": 947, "bit_len": 60}, "s_output": {"result": 0, "hashing_t": 2.20951, "oprf_t": 711.22, "poly_t": 103.34, "poly_trans_t": 0.030654, "aby_online_t": 18.854, "aby_setup_t": 155.795, "aby_total_t": 174.649, "aby_baseot_t": 515.806, "total_t": 1552.85, "nobase_t": 751.618, "poly_d_rs": [0, 30304], "oprf_d_rs": [83297, 16944], "aby_online_d_rs": [19241, 29000], "aby_setup_d_rs": [1238602, 1228843], "aby_total_d_rs": [1257843, 1257843], "aby_baseot_d_rs": [49956, 49956], "total_d_rs": [1341140, 1305091], "nobase_d_rs": [1291111, 1238235]}, "c_output": {"result": 0, "hashing_t": 1.217, "oprf_t": 696.663, "poly_t": 24.703, "poly_trans_t": 88.732, "aby_online_t": 20.314, "aby_setup_t": 153.945, "aby_total_t": 174.259, "aby_baseot_t": 516.848, "total_t": 1552.01, "nobase_t": 368.771, "poly_d_rs": [30304, 0], "oprf_d_rs": [16944, 83297], "aby_online_d_rs": [29000, 28991], "aby_setup_d_rs": [1228843, 1228843], "aby_total_d_rs": [1257843, 1257834], "aby_baseot_d_rs": [49956, 49948], "total_d_rs": [1305091, 1341131], "nobase_d_rs": [1238235, 1291110]}, "batch": "Unbalanced10AnalyticsDA_2"}