{"setup": "desktop-app", "repeat": 8, "parameters": {"client_neles": 1024, "server_neles": 2048, "epsilon": 1.27, "server_ip": "192.168.0.2", "port": 7777, "threads": 1, "threshold": 0, "n_fun": 3, "payload_bl": 2, "fun_type": 0, "overlap": 25, "nmegabins": 9, "poly_size": 965, "bit_len": 51}, "s_output": {"result": 0, "hashing_t": 3.15288, "oprf_t": 720.732, "poly_t": 180.357, "poly_trans_t": 0.03869, "aby_online_t": 10.351, "aby_setup_t": 135.067, "aby_total_t": 145.418, "aby_baseot_t": 519.437, "total_t": 1624.37, "nobase_t": 821.719, "poly_d_rs": [0, 69480], "oprf_d_rs": [83297, 16944], "aby_online_d_rs": [16317, 24614], "aby_setup_d_rs": [1050772, 1042475], "aby_total_d_rs": [1067089, 1067089], "aby_baseot_d_rs": [49956, 49956], "total_d_rs": [1150386, 1153513], "nobase_d_rs": [1100357, 1086657]}, "c_output": {"result": 0, "hashing_t": 1.36, "oprf_t": 698.396, "poly_t": 27.731, "poly_trans_t": 166.138, "aby_online_t": 12.753, "aby_setup_t": 134.49, "aby_total_t": 147.243, "aby_baseot_t": 520.656, "total_t": 1624.69, "nobase_t": 436.701, "poly_d_rs": [69480, 0], "oprf_d_rs": [16944, 83297], "aby_online_d_rs": [24614, 24614], "aby_setup_d_rs": [1042475, 1042475], "aby_total_d_rs": [1067089, 1067089], "aby_baseot_d_rs": [49956, 49948], "total_d_rs": [1153513, 1150386], "nobase_d_rs": [1086657, 1100365]}, "batch": "Unbalanced10AnalyticsDA_2"}