{"setup": "desktop-app", "repeat": 21, "parameters": {"client_neles": 1024, "server_neles": 4096, "epsilon": 1.27, "server_ip": "192.168.0.2", "port": 7777, "threads": 1, "threshold": 0, "n_fun": 3, "payload_bl": 2, "fun_type": 0, "overlap": 25, "nmegabins": 17, "poly_size": 976, "bit_len": 51}, "s_output": {"result": 0, "hashing_t": 4.29172, "oprf_t": 792.124, "poly_t": 268.949, "poly_trans_t": 5.79235, "aby_online_t": 14.439, "aby_setup_t": 143.156, "aby_total_t": 157.595, "aby_baseot_t": 513.094, "total_t": 1791.67, "nobase_t": 966.265, "poly_d_rs": [0, 132736], "oprf_d_rs": [83297, 16944], "aby_online_d_rs": [16317, 24605], "aby_setup_d_rs": [1050772, 1042475], "aby_total_d_rs": [1067089, 1067080], "aby_baseot_d_rs": [49956, 49956], "total_d_rs": [1150386, 1216760], "nobase_d_rs": [1100357, 1149904]}, "c_output": {"result": 0, "hashing_t": 1.335, "oprf_t": 745.993, "poly_t": 18.961, "poly_trans_t": 271.402, "aby_online_t": 17.666, "aby_setup_t": 142.399, "aby_total_t": 160.065, "aby_baseot_t": 514.32, "total_t": 1792.8, "nobase_t": 565.788, "poly_d_rs": [132736, 0], "oprf_d_rs": [16944, 83297], "aby_online_d_rs": [24614, 24614], "aby_setup_d_rs": [1042475, 1042475], "aby_total_d_rs": [1067089, 1067089], "aby_baseot_d_rs": [49956, 49948], "total_d_rs": [1216769, 1150386], "nobase_d_rs": [1149913, 1100365]}, "batch": "Unbalanced10AnalyticsDA_2"}