{"setup": "desktop-app", "repeat": 14, "parameters": {"client_neles": 1024, "server_neles": 2048, "epsilon": 1.27, "server_ip": "192.168.0.2", "port": 7777, "threads": 1, "threshold": 0, "n_fun": 3, "payload_bl": 2, "fun_type": 0, "overlap": 25, "nmegabins": 9, "poly_size": 965, "bit_len": 51}, "s_output": {"result": 0, "hashing_t": 2.73368, "oprf_t": 769.037, "poly_t": 155.399, "poly_trans_t": 0.040441, "aby_online_t": 16.799, "aby_setup_t": 118.689, "aby_total_t": 135.488, "aby_baseot_t": 517.792, "total_t": 1638.29, "nobase_t": 837.709, "poly_d_rs": [0, 69480], "oprf_d_rs": [83297, 16944], "aby_online_d_rs": [24614, 24614], "aby_setup_d_rs": [1042475, 1042475], "aby_total_d_rs": [1067089, 1067089], "aby_baseot_d_rs": [49956, 49956], "total_d_rs": [1150386, 1153513], "nobase_d_rs": [1100357, 1086657]}, "c_output": {"result": 0, "hashing_t": 0.866, "oprf_t": 753.895, "poly_t": 27.593, "poly_trans_t": 153.76, "aby_online_t": 14.444, "aby_setup_t": 122.297, "aby_total_t": 136.741, "aby_baseot_t": 519.495, "total_t": 1639.24, "nobase_t": 399.547, "poly_d_rs": [69480, 0], "oprf_d_rs": [16944, 83297], "aby_online_d_rs": [16317, 24614], "aby_setup_d_rs": [1050772, 1042475], "aby_total_d_rs": [1067089, 1067089], "aby_baseot_d_rs": [49956, 49948], "total_d_rs": [1153513, 1150386], "nobase_d_rs": [1086657, 1100365]}, "batch": "Unbalanced10AnalyticsDA_2"}