{"setup": "desktop-app", "repeat": 20, "parameters": {"client_neles": 1024, "server_neles": 4096, "epsilon": 1.27, "server_ip": "192.168.0.2", "port": 7777, "threads": 1, "threshold": 0, "n_fun": 3, "payload_bl": 2, "fun_type": 0, "overlap": 25, "nmegabins": 17, "poly_size": 976, "bit_len": 60}, "s_output": {"result": 0, "hashing_t": 8.93806, "oprf_t": 720.898, "poly_t": 263.093, "poly_trans_t": 4.94444, "aby_online_t": 19.641, "aby_setup_t": 181.376, "aby_total_t": 201.017, "aby_baseot_t": 514.13, "total_t": 1771.55, "nobase_t": 971.761, "poly_d_rs": [0, 132736], "oprf_d_rs": [83297, 16944], "aby_online_d_rs": [29000, 29000], "aby_setup_d_rs": [1228843, 1228843], "aby_total_d_rs": [1257843, 1257843], "aby_baseot_d_rs": [49956, 49956], "total_d_rs": [1341140, 1407523], "nobase_d_rs": [1291111, 1340667]}, "c_output": {"result": 0, "hashing_t": 1.399, "oprf_t": 704.266, "poly_t": 28.387, "poly_trans_t": 269.038, "aby_online_t": 19.548, "aby_setup_t": 181.573, "aby_total_t": 201.121, "aby_baseot_t": 514.962, "total_t": 1771.05, "nobase_t": 593.647, "poly_d_rs": [132736, 0], "oprf_d_rs": [16944, 83297], "aby_online_d_rs": [29000, 28991], "aby_setup_d_rs": [1228843, 1228843], "aby_total_d_rs": [1257843, 1257834], "aby_baseot_d_rs": [49956, 49956], "total_d_rs": [1407523, 1341131], "nobase_d_rs": [1340667, 1291102]}, "batch": "Unbalanced10AnalyticsDA_2"}