{"setup": "desktop-app", "repeat": 4, "parameters": {"client_neles": 1024, "server_neles": 4096, "epsilon": 1.27, "server_ip": "192.168.0.2", "port": 7777, "threads": 1, "threshold": 0, "n_fun": 3, "payload_bl": 2, "fun_type": 0, "overlap": 25, "nmegabins": 17, "poly_size": 976, "bit_len": 51}, "s_output": {"result": 0, "hashing_t": 9.01509, "oprf_t": 743.64, "poly_t": 283.085, "poly_trans_t": 5.29544, "aby_online_t": 16.714, "aby_setup_t": 132.55, "aby_total_t": 149.264, "aby_baseot_t": 528.225, "total_t": 1768.29, "nobase_t": 957.419, "poly_d_rs": [0, 132736], "oprf_d_rs": [83297, 16944], "aby_online_d_rs": [16317, 24614], "aby_setup_d_rs": [1050772, 1042475], "aby_total_d_rs": [1067089, 1067089], "aby_baseot_d_rs": [49956, 49956], "total_d_rs": [1150386, 1216769], "nobase_d_rs": [1100357, 1149913]}, "c_output": {"result": 0, "hashing_t": 5.016, "oprf_t": 721.62, "poly_t": 18.847, "poly_trans_t": 278.365, "aby_online_t": 18.312, "aby_setup_t": 131.362, "aby_total_t": 149.674, "aby_baseot_t": 530.233, "total_t": 1767.52, "nobase_t": 549.892, "poly_d_rs": [132736, 0], "oprf_d_rs": [16944, 83297], "aby_online_d_rs": [24614, 24614], "aby_setup_d_rs": [1042475, 1042475], "aby_total_d_rs": [1067089, 1067089], "aby_baseot_d_rs": [49956, 49948], "total_d_rs": [1216769, 1150386], "nobase_d_rs": [1149913, 1100365]}, "batch": "Unbalanced10AnalyticsDA_2"}