{"setup": "desktop-app", "repeat": 1, "parameters": {"client_neles": 1024, "server_neles": 1024, "epsilon": 1.27, "server_ip": "192.168.0.2", "port": 7777, "threads": 1, "threshold": 0, "n_fun": 3, "payload_bl": 2, "fun_type": 0, "overlap": 25, "nmegabins": 4, "poly_size": 947, "bit_len": 51}, "s_output": {"result": 0, "hashing_t": 3.47422, "oprf_t": 756.073, "poly_t": 102.284, "poly_trans_t": 0.030782, "aby_online_t": 14.899, "aby_setup_t": 154.53, "aby_total_t": 169.429, "aby_baseot_t": 518.884, "total_t": 1595.23, "nobase_t": 770.404, "poly_d_rs": [0, 30304], "oprf_d_rs": [83297, 16944], "aby_online_d_rs": [24605, 24605], "aby_setup_d_rs": [1042484, 1042475], "aby_total_d_rs": [1067089, 1067080], "aby_baseot_d_rs": [49956, 49956], "total_d_rs": [1150386, 1114328], "nobase_d_rs": [1100357, 1047472]}, "c_output": {"result": 0, "hashing_t": 1.345, "oprf_t": 744.836, "poly_t": 24.039, "poly_trans_t": 88.896, "aby_online_t": 20.614, "aby_setup_t": 153.803, "aby_total_t": 174.417, "aby_baseot_t": 519.447, "total_t": 1599.34, "nobase_t": 361.603, "poly_d_rs": [30304, 0], "oprf_d_rs": [16944, 83297], "aby_online_d_rs": [24623, 24614], "aby_setup_d_rs": [1042475, 1042475], "aby_total_d_rs": [1067098, 1067089], "aby_baseot_d_rs": [49956, 49956], "total_d_rs": [1114346, 1150386], "nobase_d_rs": [1047490, 1100357]}, "batch": "Unbalanced10AnalyticsDA_2"}