{"setup": "desktop-app", "repeat": 20, "parameters": {"client_neles": 1024, "server_neles": 2048, "epsilon": 1.27, "server_ip": "192.168.0.2", "port": 7777, "threads": 1, "threshold": 0, "n_fun": 3, "payload_bl": 2, "fun_type": 0, "overlap": 25, "nmegabins": 9, "poly_size": 965, "bit_len": 51}, "s_output": {"result": 0, "hashing_t": 2.14885, "oprf_t": 697.092, "poly_t": 165.597, "poly_trans_t": 0.033545, "aby_online_t": 14.694, "aby_setup_t": 125.327, "aby_total_t": 140.021, "aby_baseot_t": 509.001, "total_t": 1563.47, "nobase_t": 773.443, "poly_d_rs": [0, 69480], "oprf_d_rs": [83297, 16944], "aby_online_d_rs": [16317, 24605], "aby_setup_d_rs": [1050772, 1042475], "aby_total_d_rs": [1067089, 1067080], "aby_baseot_d_rs": [49956, 49956], "total_d_rs": [1150386, 1153504], "nobase_d_rs": [1100357, 1086648]}, "c_output": {"result": 0, "hashing_t": 1.286, "oprf_t": 679.588, "poly_t": 22.957, "poly_trans_t": 165.686, "aby_online_t": 17.146, "aby_setup_t": 124.287, "aby_total_t": 141.433, "aby_baseot_t": 510.461, "total_t": 1564.42, "nobase_t": 389.601, "poly_d_rs": [69480, 0], "oprf_d_rs": [16944, 83297], "aby_online_d_rs": [24614, 24614], "aby_setup_d_rs": [1042475, 1042475], "aby_total_d_rs": [1067089, 1067089], "aby_baseot_d_rs": [49956, 49948], "total_d_rs": [1153513, 1150386], "nobase_d_rs": [1086657, 1100365]}, "batch": "Unbalanced10AnalyticsDA_2"}