{"setup": "desktop-app", "repeat": 10, "parameters": {"client_neles": 1024, "server_neles": 4096, "epsilon": 1.27, "server_ip": "192.168.0.2", "port": 7777, "threads": 1, "threshold": 0, "n_fun": 3, "payload_bl": 2, "fun_type": 0, "overlap": 25, "nmegabins": 17, "poly_size": 976, "bit_len": 51}, "s_output": {"result": 0, "hashing_t": 8.71174, "oprf_t": 739.822, "poly_t": 290.984, "poly_trans_t": 4.87843, "aby_online_t": 11.441, "aby_setup_t": 130.005, "aby_total_t": 141.446, "aby_baseot_t": 513.59, "total_t": 1755.19, "nobase_t": 961.034, "poly_d_rs": [0, 132736], "oprf_d_rs": [83297, 16944], "aby_online_d_rs": [16317, 24605], "aby_setup_d_rs": [1050772, 1042475], "aby_total_d_rs": [1067089, 1067080], "aby_baseot_d_rs": [49956, 49956], "total_d_rs": [1150386, 1216760], "nobase_d_rs": [1100357, 1149904]}, "c_output": {"result": 0, "hashing_t": 1.67, "oprf_t": 718.777, "poly_t": 28.446, "poly_trans_t": 281.866, "aby_online_t": 14.29, "aby_setup_t": 129.191, "aby_total_t": 143.481, "aby_baseot_t": 515.41, "total_t": 1754.44, "nobase_t": 546.637, "poly_d_rs": [132736, 0], "oprf_d_rs": [16944, 83297], "aby_online_d_rs": [24614, 24614], "aby_setup_d_rs": [1042475, 1042475], "aby_total_d_rs": [1067089, 1067089], "aby_baseot_d_rs": [49956, 49947], "total_d_rs": [1216769, 1150386], "nobase_d_rs": [1149913, 1100366]}, "batch": "Unbalanced10AnalyticsDA_2"}