{"setup": "desktop-app", "repeat": 22, "parameters": {"client_neles": 1024, "server_neles": 2048, "epsilon": 1.27, "server_ip": "192.168.0.2", "port": 7777, "threads": 1, "threshold": 0, "n_fun": 3, "payload_bl": 2, "fun_type": 0, "overlap": 25, "nmegabins": 9, "poly_size": 965, "bit_len": 60}, "s_output": {"result": 0, "hashing_t": 5.19761, "oprf_t": 750.644, "poly_t": 153.621, "poly_trans_t": 0.034191, "aby_online_t": 14.899, "aby_setup_t": 157.108, "aby_total_t": 172.007, "aby_baseot_t": 515.986, "total_t": 1646.42, "nobase_t": 829.323, "poly_d_rs": [0, 69480], "oprf_d_rs": [83297, 16944], "aby_online_d_rs": [19241, 29000], "aby_setup_d_rs": [1238602, 1228843], "aby_total_d_rs": [1257843, 1257843], "aby_baseot_d_rs": [49956, 49956], "total_d_rs": [1341140, 1344267], "nobase_d_rs": [1291111, 1277411]}, "c_output": {"result": 0, "hashing_t": 1.482, "oprf_t": 735.843, "poly_t": 21.008, "poly_trans_t": 151.681, "aby_online_t": 16.349, "aby_setup_t": 155.887, "aby_total_t": 172.236, "aby_baseot_t": 516.652, "total_t": 1645.12, "nobase_t": 424.516, "poly_d_rs": [69480, 0], "oprf_d_rs": [16944, 83297], "aby_online_d_rs": [29000, 28991], "aby_setup_d_rs": [1228843, 1228843], "aby_total_d_rs": [1257843, 1257834], "aby_baseot_d_rs": [49956, 49948], "total_d_rs": [1344267, 1341131], "nobase_d_rs": [1277411, 1291110]}, "batch": "Unbalanced10AnalyticsDA_2"}