{"setup": "desktop-app", "repeat": 18, "parameters": {"client_neles": 1024, "server_neles": 1024, "epsilon": 1.27, "server_ip": "192.168.0.2", "port": 7777, "threads": 1, "threshold": 0, "n_fun": 3, "payload_bl": 2, "fun_type": 0, "overlap": 25, "nmegabins": 4, "poly_size": 947, "bit_len": 51}, "s_output": {"result": 0, "hashing_t": 1.17539, "oprf_t": 693.186, "poly_t": 91.2918, "poly_trans_t": 0.03203, "aby_online_t": 11.701, "aby_setup_t": 130.63, "aby_total_t": 142.331, "aby_baseot_t": 517.552, "total_t": 1499.67, "nobase_t": 695.696, "poly_d_rs": [0, 30304], "oprf_d_rs": [83297, 16944], "aby_online_d_rs": [16317, 24614], "aby_setup_d_rs": [1050772, 1042475], "aby_total_d_rs": [1067089, 1067089], "aby_baseot_d_rs": [49956, 49956], "total_d_rs": [1150386, 1114337], "nobase_d_rs": [1100357, 1047481]}, "c_output": {"result": 0, "hashing_t": 1.397, "oprf_t": 683.898, "poly_t": 26.462, "poly_trans_t": 78.232, "aby_online_t": 13.379, "aby_setup_t": 130.498, "aby_total_t": 143.877, "aby_baseot_t": 518.46, "total_t": 1499.67, "nobase_t": 331.485, "poly_d_rs": [30304, 0], "oprf_d_rs": [16944, 83297], "aby_online_d_rs": [24614, 24614], "aby_setup_d_rs": [1042475, 1042475], "aby_total_d_rs": [1067089, 1067089], "aby_baseot_d_rs": [49956, 49956], "total_d_rs": [1114337, 1150386], "nobase_d_rs": [1047481, 1100357]}, "batch": "Unbalanced10AnalyticsDA_2"}