{"setup": "desktop-app", "repeat": 21, "parameters": {"client_neles": 1024, "server_neles": 4096, "epsilon": 1.27, "server_ip": "192.168.0.2", "port": 7777, "threads": 1, "threshold": 0, "n_fun": 3, "payload_bl": 2, "fun_type": 0, "overlap": 25, "nmegabins": 17, "poly_size": 976, "bit_len": 60}, "s_output": {"result": 0, "hashing_t": 3.80373, "oprf_t": 744.137, "poly_t": 271.549, "poly_trans_t": 5.09215, "aby_online_t": 11.188, "aby_setup_t": 151.965, "aby_total_t": 163.153, "aby_baseot_t": 506.03, "total_t": 1763.88, "nobase_t": 978.97, "poly_d_rs": [0, 132736], "oprf_d_rs": [83297, 16944], "aby_online_d_rs": [19241, 29000], "aby_setup_d_rs": [1238602, 1228843], "aby_total_d_rs": [1257843, 1257843], "aby_baseot_d_rs": [49956, 49956], "total_d_rs": [1341140, 1407523], "nobase_d_rs": [1291111, 1340667]}, "c_output": {"result": 0, "hashing_t": 0.99, "oprf_t": 696.93, "poly_t": 30.138, "poly_trans_t": 273.432, "aby_online_t": 13.326, "aby_setup_t": 151.055, "aby_total_t": 164.381, "aby_baseot_t": 510.338, "total_t": 1764.12, "nobase_t": 591.266, "poly_d_rs": [132736, 0], "oprf_d_rs": [16944, 83297], "aby_online_d_rs": [29000, 29000], "aby_setup_d_rs": [1228843, 1228843], "aby_total_d_rs": [1257843, 1257843], "aby_baseot_d_rs": [49956, 49948], "total_d_rs": [1407523, 1341140], "nobase_d_rs": [1340667, 1291119]}, "batch": "Unbalanced10AnalyticsDA_2"}