{"setup": "desktop-app", "repeat": 18, "parameters": {"client_neles": 1024, "server_neles": 1024, "epsilon": 1.27, "server_ip": "192.168.0.2", "port": 7777, "threads": 1, "threshold": 0, "n_fun": 3, "payload_bl": 2, "fun_type": 0, "overlap": 25, "nmegabins": 4, "poly_size": 947, "bit_len": 60}, "s_output": {"result": 0, "hashing_t": 4.13283, "oprf_t": 730.052, "poly_t": 125.823, "poly_trans_t": 0.031326, "aby_online_t": 14.144, "aby_setup_t": 145.582, "aby_total_t": 159.726, "aby_baseot_t": 506.745, "total_t": 1581.96, "nobase_t": 782.718, "poly_d_rs": [0, 30304], "oprf_d_rs": [83297, 16944], "aby_online_d_rs": [19241, 28991], "aby_setup_d_rs": [1238602, 1228843], "aby_total_d_rs": [1257843, 1257834], "aby_baseot_d_rs": [49956, 49956], "total_d_rs": [1341140, 1305082], "nobase_d_rs": [1291111, 1238226]}, "c_output": {"result": 0, "hashing_t": 1.288, "oprf_t": 710.523, "poly_t": 30.959, "poly_trans_t": 91.234, "aby_online_t": 16.46, "aby_setup_t": 145.629, "aby_total_t": 162.089, "aby_baseot_t": 506.353, "total_t": 1582.87, "nobase_t": 395.076, "poly_d_rs": [30304, 0], "oprf_d_rs": [16944, 83297], "aby_online_d_rs": [29000, 29000], "aby_setup_d_rs": [1228843, 1228843], "aby_total_d_rs": [1257843, 1257843], "aby_baseot_d_rs": [49956, 49948], "total_d_rs": [1305091, 1341140], "nobase_d_rs": [1238235, 1291119]}, "batch": "Unbalanced10AnalyticsDA_2"}