{"setup": "desktop-app", "repeat": 3, "parameters": {"client_neles": 1024, "server_neles": 2048, "epsilon": 1.27, "server_ip": "192.168.0.2", "port": 7777, "threads": 1, "threshold": 0, "n_fun": 3, "payload_bl": 2, "fun_type": 0, "overlap": 25, "nmegabins": 9, "poly_size": 965, "bit_len": 51}, "s_output": {"result": 0, "hashing_t": 3.03713, "oprf_t": 705.619, "poly_t": 181.653, "poly_trans_t": 0.037683, "aby_online_t": 11.892, "aby_setup_t": 110.529, "aby_total_t": 122.421, "aby_baseot_t": 523.42, "total_t": 1590.72, "nobase_t": 786.25, "poly_d_rs": [0, 69480], "oprf_d_rs": [83297, 16944], "aby_online_d_rs": [24614, 24614], "aby_setup_d_rs": [1042475, 1042475], "aby_total_d_rs": [1067089, 1067089], "aby_baseot_d_rs": [49956, 49956], "total_d_rs": [1150386, 1153513], "nobase_d_rs": [1100357, 1086657]}, "c_output": {"result": 0, "hashing_t": 1.305, "oprf_t": 671.635, "poly_t": 30.296, "poly_trans_t": 164.267, "aby_online_t": 13.267, "aby_setup_t": 110.422, "aby_total_t": 123.689, "aby_baseot_t": 525.268, "total_t": 1591.06, "nobase_t": 426.826, "poly_d_rs": [69480, 0], "oprf_d_rs": [16944, 83297], "aby_online_d_rs": [24614, 24614], "aby_setup_d_rs": [1042475, 1042475], "aby_total_d_rs": [1067089, 1067089], "aby_baseot_d_rs": [49956, 49956], "total_d_rs": [1153513, 1150386], "nobase_d_rs": [1086657, 1100357]}, "batch": "Unbalanced10AnalyticsDA_2"}