{"setup": "desktop-app", "repeat": 20, "parameters": {"client_neles": 1024, "server_neles": 1024, "epsilon": 1.27, "server_ip": "192.168.0.2", "port": 7777, "threads": 1, "threshold": 0, "n_fun": 3, "payload_bl": 2, "fun_type": 0, "overlap": 25, "nmegabins": 4, "poly_size": 947, "bit_len": 60}, "s_output": {"result": 0, "hashing_t": 1.11798, "oprf_t": 699.929, "poly_t": 92.5739, "poly_trans_t": 0.031122, "aby_online_t": 13.526, "aby_setup_t": 157.899, "aby_total_t": 171.425, "aby_baseot_t": 513.588, "total_t": 1542.45, "nobase_t": 745.997, "poly_d_rs": [0, 30304], "oprf_d_rs": [83297, 16944], "aby_online_d_rs": [28999, 29000], "aby_setup_d_rs": [1228844, 1228843], "aby_total_d_rs": [1257843, 1257843], "aby_baseot_d_rs": [49956, 49956], "total_d_rs": [1341140, 1305091], "nobase_d_rs": [1291111, 1238235]}, "c_output": {"result": 0, "hashing_t": 1.187, "oprf_t": 678.353, "poly_t": 31.884, "poly_trans_t": 72.194, "aby_online_t": 15.785, "aby_setup_t": 156.185, "aby_total_t": 171.97, "aby_baseot_t": 515.679, "total_t": 1541.74, "nobase_t": 379.807, "poly_d_rs": [30304, 0], "oprf_d_rs": [16944, 83297], "aby_online_d_rs": [29000, 29000], "aby_setup_d_rs": [1228843, 1228843], "aby_total_d_rs": [1257843, 1257843], "aby_baseot_d_rs": [49956, 49948], "total_d_rs": [1305091, 1341140], "nobase_d_rs": [1238235, 1291119]}, "batch": "Unbalanced10AnalyticsDA_2"}