{"setup": "desktop-app", "repeat": 2, "parameters": {"client_neles": 1024, "server_neles": 4096, "epsilon": 1.27, "server_ip": "192.168.0.2", "port": 7777, "threads": 1, "threshold": 0, "n_fun": 3, "payload_bl": 2, "fun_type": 0, "overlap": 25, "nmegabins": 17, "poly_size": 976, "bit_len": 51}, "s_output": {"result": 0, "hashing_t": 5.68708, "oprf_t": 747.833, "poly_t": 291.361, "poly_trans_t": 4.93321, "aby_online_t": 13.231, "aby_setup_t": 117.168, "aby_total_t": 130.399, "aby_baseot_t": 520.716, "total_t": 1754.94, "nobase_t": 923.848, "poly_d_rs": [0, 132736], "oprf_d_rs": [83297, 16944], "aby_online_d_rs": [16317, 24605], "aby_setup_d_rs": [1050772, 1042475], "aby_total_d_rs": [1067089, 1067080], "aby_baseot_d_rs": [49956, 49956], "total_d_rs": [1150386, 1216760], "nobase_d_rs": [1100357, 1149904]}, "c_output": {"result": 0, "hashing_t": 1.24, "oprf_t": 705.771, "poly_t": 26.29, "poly_trans_t": 288.837, "aby_online_t": 15.81, "aby_setup_t": 116.517, "aby_total_t": 132.327, "aby_baseot_t": 521.084, "total_t": 1756.18, "nobase_t": 559.104, "poly_d_rs": [132736, 0], "oprf_d_rs": [16944, 83297], "aby_online_d_rs": [24614, 24614], "aby_setup_d_rs": [1042475, 1042475], "aby_total_d_rs": [1067089, 1067089], "aby_baseot_d_rs": [49956, 49948], "total_d_rs": [1216769, 1150386], "nobase_d_rs": [1149913, 1100365]}, "batch": "Unbalanced10AnalyticsDA_2"}