{"setup": "desktop-app", "repeat": 13, "parameters": {"client_neles": 1024, "server_neles": 2048, "epsilon": 1.27, "server_ip": "192.168.0.2", "port": 7777, "threads": 1, "threshold": 0, "n_fun": 3, "payload_bl": 2, "fun_type": 0, "overlap": 25, "nmegabins": 9, "poly_size": 965, "bit_len": 51}, "s_output": {"result": 0, "hashing_t": 8.11448, "oprf_t": 745.569, "poly_t": 157.328, "poly_trans_t": 0.038958, "aby_online_t": 15.384, "aby_setup_t": 134.331, "aby_total_t": 149.715, "aby_baseot_t": 513.356, "total_t": 1634.91, "nobase_t": 812.216, "poly_d_rs": [0, 69480], "oprf_d_rs": [83297, 16944], "aby_online_d_rs": [24605, 24605], "aby_setup_d_rs": [1042484, 1042475], "aby_total_d_rs": [1067089, 1067080], "aby_baseot_d_rs": [49956, 49956], "total_d_rs": [1150386, 1153504], "nobase_d_rs": [1100357, 1086648]}, "c_output": {"result": 0, "hashing_t": 1.346, "oprf_t": 717.681, "poly_t": 32.178, "poly_trans_t": 151.869, "aby_online_t": 17.808, "aby_setup_t": 134.589, "aby_total_t": 152.397, "aby_baseot_t": 514.581, "total_t": 1636.23, "nobase_t": 433.64, "poly_d_rs": [69480, 0], "oprf_d_rs": [16944, 83297], "aby_online_d_rs": [24614, 24614], "aby_setup_d_rs": [1042475, 1042475], "aby_total_d_rs": [1067089, 1067089], "aby_baseot_d_rs": [49956, 49956], "total_d_rs": [1153513, 1150386], "nobase_d_rs": [1086657, 1100357]}, "batch": "Unbalanced10AnalyticsDA_2"}