{"setup": "desktop-app", "repeat": 16, "parameters": {"client_neles": 1024, "server_neles": 1024, "epsilon": 1.27, "server_ip": "192.168.0.2", "port": 7777, "threads": 1, "threshold": 0, "n_fun": 3, "payload_bl": 2, "fun_type": 0, "overlap": 25, "nmegabins": 4, "poly_size": 947, "bit_len": 60}, "s_output": {"result": 0, "hashing_t": 4.20098, "oprf_t": 775.109, "poly_t": 84.9582, "poly_trans_t": 0.031195, "aby_online_t": 13.565, "aby_setup_t": 155.251, "aby_total_t": 168.816, "aby_baseot_t": 506.592, "total_t": 1589.43, "nobase_t": 796.822, "poly_d_rs": [0, 30304], "oprf_d_rs": [83297, 16944], "aby_online_d_rs": [28999, 29000], "aby_setup_d_rs": [1228844, 1228843], "aby_total_d_rs": [1257843, 1257843], "aby_baseot_d_rs": [49956, 49956], "total_d_rs": [1341140, 1305091], "nobase_d_rs": [1291111, 1238235]}, "c_output": {"result": 0, "hashing_t": 1.314, "oprf_t": 766.709, "poly_t": 29.816, "poly_trans_t": 68.344, "aby_online_t": 15.3, "aby_setup_t": 154.78, "aby_total_t": 170.08, "aby_baseot_t": 508.184, "total_t": 1589.51, "nobase_t": 348.914, "poly_d_rs": [30304, 0], "oprf_d_rs": [16944, 83297], "aby_online_d_rs": [29000, 29009], "aby_setup_d_rs": [1228843, 1228834], "aby_total_d_rs": [1257843, 1257843], "aby_baseot_d_rs": [49956, 49948], "total_d_rs": [1305091, 1341140], "nobase_d_rs": [1238235, 1291119]}, "batch": "Unbalanced10AnalyticsDA_2"}