{"setup": "desktop-app", "repeat": 2, "parameters": {"client_neles": 1024, "server_neles": 1024, "epsilon": 1.27, "server_ip": "192.168.0.2", "port": 7777, "threads": 1, "threshold": 0, "n_fun": 3, "payload_bl": 2, "fun_type": 0, "overlap": 25, "nmegabins": 4, "poly_size": 947, "bit_len": 60}, "s_output": {"result": 0, "hashing_t": 4.05304, "oprf_t": 737.779, "poly_t": 74.3563, "poly_trans_t": 0.025929, "aby_online_t": 17.937, "aby_setup_t": 141.869, "aby_total_t": 159.806, "aby_baseot_t": 526.899, "total_t": 1553.02, "nobase_t": 708.305, "poly_d_rs": [0, 30304], "oprf_d_rs": [83297, 16944], "aby_online_d_rs": [29000, 29000], "aby_setup_d_rs": [1228843, 1228843], "aby_total_d_rs": [1257843, 1257843], "aby_baseot_d_rs": [49956, 49956], "total_d_rs": [1341140, 1305091], "nobase_d_rs": [1291111, 1238235]}, "c_output": {"result": 0, "hashing_t": 2.582, "oprf_t": 722.934, "poly_t": 27.273, "poly_trans_t": 67.615, "aby_online_t": 13.258, "aby_setup_t": 146.18, "aby_total_t": 159.438, "aby_baseot_t": 527.89, "total_t": 1552.16, "nobase_t": 317.228, "poly_d_rs": [30304, 0], "oprf_d_rs": [16944, 83297], "aby_online_d_rs": [28991, 28991], "aby_setup_d_rs": [1228852, 1228843], "aby_total_d_rs": [1257843, 1257834], "aby_baseot_d_rs": [49956, 49948], "total_d_rs": [1305091, 1341131], "nobase_d_rs": [1238235, 1291110]}, "batch": "Unbalanced10AnalyticsDA_2"}