{"setup": "desktop-app", "repeat": 16, "parameters": {"client_neles": 1024, "server_neles": 2048, "epsilon": 1.27, "server_ip": "192.168.0.2", "port": 7777, "threads": 1, "threshold": 0, "n_fun": 3, "payload_bl": 2, "fun_type": 0, "overlap": 25, "nmegabins": 9, "poly_size": 965, "bit_len": 60}, "s_output": {"result": 0, "hashing_t": 5.84991, "oprf_t": 730.596, "poly_t": 155.26, "poly_trans_t": 0.033729, "aby_online_t": 16.779, "aby_setup_t": 108.997, "aby_total_t": 125.776, "aby_baseot_t": 514.341, "total_t": 1581.61, "nobase_t": 767.368, "poly_d_rs": [0, 69480], "oprf_d_rs": [83297, 16944], "aby_online_d_rs": [29000, 29000], "aby_setup_d_rs": [1228843, 1228843], "aby_total_d_rs": [1257843, 1257843], "aby_baseot_d_rs": [49956, 49956], "total_d_rs": [1341140, 1344267], "nobase_d_rs": [1291111, 1277411]}, "c_output": {"result": 0, "hashing_t": 1.13, "oprf_t": 717.74, "poly_t": 21.363, "poly_trans_t": 151.895, "aby_online_t": 13.332, "aby_setup_t": 112.821, "aby_total_t": 126.153, "aby_baseot_t": 515.239, "total_t": 1581.12, "nobase_t": 379.375, "poly_d_rs": [69480, 0], "oprf_d_rs": [16944, 83297], "aby_online_d_rs": [28991, 29000], "aby_setup_d_rs": [1228852, 1228843], "aby_total_d_rs": [1257843, 1257843], "aby_baseot_d_rs": [49956, 49948], "total_d_rs": [1344267, 1341140], "nobase_d_rs": [1277411, 1291119]}, "batch": "Unbalanced10AnalyticsDA_2"}