{"setup": "desktop-app", "repeat": 19, "parameters": {"client_neles": 1024, "server_neles": 1024, "epsilon": 1.27, "server_ip": "192.168.0.2", "port": 7777, "threads": 1, "threshold": 0, "n_fun": 3, "payload_bl": 2, "fun_type": 0, "overlap": 25, "nmegabins": 4, "poly_size": 947, "bit_len": 60}, "s_output": {"result": 0, "hashing_t": 0.996021, "oprf_t": 695.075, "poly_t": 84.9942, "poly_trans_t": 0.03732, "aby_online_t": 12.383, "aby_setup_t": 145.99, "aby_total_t": 158.373, "aby_baseot_t": 528.25, "total_t": 1509.93, "nobase_t": 698.575, "poly_d_rs": [0, 30304], "oprf_d_rs": [83297, 16944], "aby_online_d_rs": [19241, 29000], "aby_setup_d_rs": [1238602, 1228843], "aby_total_d_rs": [1257843, 1257843], "aby_baseot_d_rs": [49956, 49956], "total_d_rs": [1341140, 1305091], "nobase_d_rs": [1291111, 1238235]}, "c_output": {"result": 0, "hashing_t": 1.424, "oprf_t": 682.389, "poly_t": 21.025, "poly_trans_t": 69.749, "aby_online_t": 14.373, "aby_setup_t": 144.463, "aby_total_t": 158.836, "aby_baseot_t": 529.166, "total_t": 1509.01, "nobase_t": 330.685, "poly_d_rs": [30304, 0], "oprf_d_rs": [16944, 83297], "aby_online_d_rs": [29000, 29000], "aby_setup_d_rs": [1228843, 1228843], "aby_total_d_rs": [1257843, 1257843], "aby_baseot_d_rs": [49956, 49948], "total_d_rs": [1305091, 1341140], "nobase_d_rs": [1238235, 1291119]}, "batch": "Unbalanced10AnalyticsDA_2"}