{"setup": "desktop-app", "repeat": 6, "parameters": {"client_neles": 1024, "server_neles": 1024, "epsilon": 1.27, "server_ip": "192.168.0.2", "port": 7777, "threads": 1, "threshold": 0, "n_fun": 3, "payload_bl": 2, "fun_type": 0, "overlap": 25, "nmegabins": 4, "poly_size": 947, "bit_len": 60}, "s_output": {"result": 0, "hashing_t": 1.54753, "oprf_t": 735.974, "poly_t": 101.495, "poly_trans_t": 0.030321, "aby_online_t": 17.301, "aby_setup_t": 154.08, "aby_total_t": 171.381, "aby_baseot_t": 527.001, "total_t": 1589.99, "nobase_t": 749.916, "poly_d_rs": [0, 30304], "oprf_d_rs": [83297, 16944], "aby_online_d_rs": [19241, 28991], "aby_setup_d_rs": [1238602, 1228843], "aby_total_d_rs": [1257843, 1257834], "aby_baseot_d_rs": [49956, 49956], "total_d_rs": [1341140, 1305082], "nobase_d_rs": [1291111, 1238226]}, "c_output": {"result": 0, "hashing_t": 2.734, "oprf_t": 713.035, "poly_t": 30.708, "poly_trans_t": 79.913, "aby_online_t": 22.084, "aby_setup_t": 153.115, "aby_total_t": 175.199, "aby_baseot_t": 525.84, "total_t": 1592.73, "nobase_t": 384.334, "poly_d_rs": [30304, 0], "oprf_d_rs": [16944, 83297], "aby_online_d_rs": [29009, 29009], "aby_setup_d_rs": [1228843, 1228834], "aby_total_d_rs": [1257852, 1257843], "aby_baseot_d_rs": [49956, 49948], "total_d_rs": [1305100, 1341140], "nobase_d_rs": [1238244, 1291119]}, "batch": "Unbalanced10AnalyticsDA_2"}