{"setup": "desktop-app", "repeat": 19, "parameters": {"client_neles": 1024, "server_neles": 4096, "epsilon": 1.27, "server_ip": "192.168.0.2", "port": 7777, "threads": 1, "threshold": 0, "n_fun": 3, "payload_bl": 2, "fun_type": 0, "overlap": 25, "nmegabins": 17, "poly_size": 976, "bit_len": 51}, "s_output": {"result": 0, "hashing_t": 7.93661, "oprf_t": 736.653, "poly_t": 265.748, "poly_trans_t": 5.89943, "aby_online_t": 14.644, "aby_setup_t": 102.583, "aby_total_t": 117.227, "aby_baseot_t": 526.929, "total_t": 1705.73, "nobase_t": 893.114, "poly_d_rs": [0, 132736], "oprf_d_rs": [83297, 16944], "aby_online_d_rs": [16317, 24614], "aby_setup_d_rs": [1050772, 1042475], "aby_total_d_rs": [1067089, 1067089], "aby_baseot_d_rs": [49956, 49956], "total_d_rs": [1150386, 1216769], "nobase_d_rs": [1100357, 1149913]}, "c_output": {"result": 0, "hashing_t": 1.125, "oprf_t": 723.751, "poly_t": 19.512, "poly_trans_t": 269.412, "aby_online_t": 17.356, "aby_setup_t": 101.621, "aby_total_t": 118.977, "aby_baseot_t": 529.106, "total_t": 1705.19, "nobase_t": 473.626, "poly_d_rs": [132736, 0], "oprf_d_rs": [16944, 83297], "aby_online_d_rs": [24614, 24614], "aby_setup_d_rs": [1042475, 1042475], "aby_total_d_rs": [1067089, 1067089], "aby_baseot_d_rs": [49956, 49956], "total_d_rs": [1216769, 1150386], "nobase_d_rs": [1149913, 1100357]}, "batch": "Unbalanced10AnalyticsDA_2"}