{"setup": "desktop-app", "repeat": 20, "parameters": {"client_neles": 1024, "server_neles": 2048, "epsilon": 1.27, "server_ip": "192.168.0.2", "port": 7777, "threads": 1, "threshold": 0, "n_fun": 3, "payload_bl": 2, "fun_type": 0, "overlap": 25, "nmegabins": 9, "poly_size": 965, "bit_len": 60}, "s_output": {"result": 0, "hashing_t": 5.18625, "oprf_t": 755.42, "poly_t": 173.145, "poly_trans_t": 0.03498, "aby_online_t": 11.782, "aby_setup_t": 171.286, "aby_total_t": 183.068, "aby_baseot_t": 502.603, "total_t": 1676.52, "nobase_t": 873.207, "poly_d_rs": [0, 69480], "oprf_d_rs": [83297, 16944], "aby_online_d_rs": [29000, 29000], "aby_setup_d_rs": [1228843, 1228843], "aby_total_d_rs": [1257843, 1257843], "aby_baseot_d_rs": [49956, 49956], "total_d_rs": [1341140, 1344267], "nobase_d_rs": [1291111, 1277411]}, "c_output": {"result": 0, "hashing_t": 1.42, "oprf_t": 724.697, "poly_t": 29.983, "poly_trans_t": 148.538, "aby_online_t": 15.736, "aby_setup_t": 171.632, "aby_total_t": 187.368, "aby_baseot_t": 506.83, "total_t": 1679.7, "nobase_t": 478.812, "poly_d_rs": [69480, 0], "oprf_d_rs": [16944, 83297], "aby_online_d_rs": [29009, 29000], "aby_setup_d_rs": [1228843, 1228843], "aby_total_d_rs": [1257852, 1257843], "aby_baseot_d_rs": [49956, 49948], "total_d_rs": [1344276, 1341140], "nobase_d_rs": [1277420, 1291119]}, "batch": "Unbalanced10AnalyticsDA_2"}