{"setup": "desktop-app", "repeat": 6, "parameters": {"client_neles": 1024, "server_neles": 1024, "epsilon": 1.27, "server_ip": "192.168.0.2", "port": 7777, "threads": 1, "threshold": 0, "n_fun": 3, "payload_bl": 2, "fun_type": 0, "overlap": 25, "nmegabins": 4, "poly_size": 947, "bit_len": 51}, "s_output": {"result": 0, "hashing_t": 4.23204, "oprf_t": 771.529, "poly_t": 89.3392, "poly_trans_t": 0.031497, "aby_online_t": 11.861, "aby_setup_t": 128.305, "aby_total_t": 140.166, "aby_baseot_t": 533.261, "total_t": 1586.05, "nobase_t": 755.997, "poly_d_rs": [0, 30304], "oprf_d_rs": [83297, 16944], "aby_online_d_rs": [16317, 24605], "aby_setup_d_rs": [1050772, 1042475], "aby_total_d_rs": [1067089, 1067080], "aby_baseot_d_rs": [49956, 49956], "total_d_rs": [1150386, 1114328], "nobase_d_rs": [1100357, 1047472]}, "c_output": {"result": 0, "hashing_t": 1.468, "oprf_t": 761.497, "poly_t": 26.228, "poly_trans_t": 76.507, "aby_online_t": 14.689, "aby_setup_t": 128.008, "aby_total_t": 142.697, "aby_baseot_t": 534.006, "total_t": 1586.23, "nobase_t": 322.55, "poly_d_rs": [30304, 0], "oprf_d_rs": [16944, 83297], "aby_online_d_rs": [24614, 24614], "aby_setup_d_rs": [1042475, 1042475], "aby_total_d_rs": [1067089, 1067089], "aby_baseot_d_rs": [49956, 49947], "total_d_rs": [1114337, 1150386], "nobase_d_rs": [1047481, 1100366]}, "batch": "Unbalanced10AnalyticsDA_2"}