{"setup": "desktop-app", "repeat": 13, "parameters": {"client_neles": 1024, "server_neles": 2048, "epsilon": 1.27, "server_ip": "192.168.0.2", "port": 7777, "threads": 1, "threshold": 0, "n_fun": 3, "payload_bl": 2, "fun_type": 0, "overlap": 25, "nmegabins": 9, "poly_size": 965, "bit_len": 60}, "s_output": {"result": 0, "hashing_t": 1.95406, "oprf_t": 730.475, "poly_t": 153.264, "poly_trans_t": 0.033001, "aby_online_t": 19.33, "aby_setup_t": 138.626, "aby_total_t": 157.956, "aby_baseot_t": 523.473, "total_t": 1620.35, "nobase_t": 814.796, "poly_d_rs": [0, 69480], "oprf_d_rs": [83297, 16944], "aby_online_d_rs": [28991, 29000], "aby_setup_d_rs": [1228852, 1228843], "aby_total_d_rs": [1257843, 1257843], "aby_baseot_d_rs": [49956, 49956], "total_d_rs": [1341140, 1344267], "nobase_d_rs": [1291111, 1277411]}, "c_output": {"result": 0, "hashing_t": 1.425, "oprf_t": 708.859, "poly_t": 20.205, "poly_trans_t": 157.82, "aby_online_t": 19.861, "aby_setup_t": 138.14, "aby_total_t": 158.001, "aby_baseot_t": 524.626, "total_t": 1616.83, "nobase_t": 414.255, "poly_d_rs": [69480, 0], "oprf_d_rs": [16944, 83297], "aby_online_d_rs": [29000, 28991], "aby_setup_d_rs": [1228843, 1228843], "aby_total_d_rs": [1257843, 1257834], "aby_baseot_d_rs": [49956, 49956], "total_d_rs": [1344267, 1341131], "nobase_d_rs": [1277411, 1291102]}, "batch": "Unbalanced10AnalyticsDA_2"}