{"setup": "desktop-app", "repeat": 13, "parameters": {"client_neles": 1024, "server_neles": 4096, "epsilon": 1.27, "server_ip": "192.168.0.2", "port": 7777, "threads": 1, "threshold": 0, "n_fun": 3, "payload_bl": 2, "fun_type": 0, "overlap": 25, "nmegabins": 17, "poly_size": 976, "bit_len": 60}, "s_output": {"result": 0, "hashing_t": 4.10096, "oprf_t": 703.048, "poly_t": 291.182, "poly_trans_t": 5.68394, "aby_online_t": 19.53, "aby_setup_t": 171.534, "aby_total_t": 191.064, "aby_baseot_t": 516.38, "total_t": 1768.46, "nobase_t": 970.38, "poly_d_rs": [0, 132736], "oprf_d_rs": [83297, 16944], "aby_online_d_rs": [29000, 29000], "aby_setup_d_rs": [1228843, 1228843], "aby_total_d_rs": [1257843, 1257843], "aby_baseot_d_rs": [49956, 49956], "total_d_rs": [1341140, 1407523], "nobase_d_rs": [1291111, 1340667]}, "c_output": {"result": 0, "hashing_t": 0.988, "oprf_t": 679.116, "poly_t": 22.835, "poly_trans_t": 289.076, "aby_online_t": 19.277, "aby_setup_t": 171.304, "aby_total_t": 190.581, "aby_baseot_t": 518.312, "total_t": 1767.52, "nobase_t": 599.278, "poly_d_rs": [132736, 0], "oprf_d_rs": [16944, 83297], "aby_online_d_rs": [29000, 28991], "aby_setup_d_rs": [1228843, 1228843], "aby_total_d_rs": [1257843, 1257834], "aby_baseot_d_rs": [49956, 49948], "total_d_rs": [1407523, 1341131], "nobase_d_rs": [1340667, 1291110]}, "batch": "Unbalanced10AnalyticsDA_2"}