{"setup": "desktop-app", "repeat": 7, "parameters": {"client_neles": 1024, "server_neles": 4096, "epsilon": 1.27, "server_ip": "192.168.0.2", "port": 7777, "threads": 1, "threshold": 0, "n_fun": 3, "payload_bl": 2, "fun_type": 0, "overlap": 25, "nmegabins": 17, "poly_size": 976, "bit_len": 51}, "s_output": {"result": 0, "hashing_t": 5.54737, "oprf_t": 754.797, "poly_t": 261.588, "poly_trans_t": 5.93982, "aby_online_t": 14.52, "aby_setup_t": 149.322, "aby_total_t": 163.842, "aby_baseot_t": 518.135, "total_t": 1760.52, "nobase_t": 961.22, "poly_d_rs": [0, 132736], "oprf_d_rs": [83297, 16944], "aby_online_d_rs": [16317, 24605], "aby_setup_d_rs": [1050772, 1042475], "aby_total_d_rs": [1067089, 1067080], "aby_baseot_d_rs": [49956, 49956], "total_d_rs": [1150386, 1216760], "nobase_d_rs": [1100357, 1149904]}, "c_output": {"result": 0, "hashing_t": 1.429, "oprf_t": 733.245, "poly_t": 22.948, "poly_trans_t": 271.356, "aby_online_t": 19.073, "aby_setup_t": 148.147, "aby_total_t": 167.22, "aby_baseot_t": 519.777, "total_t": 1762.47, "nobase_t": 539.447, "poly_d_rs": [132736, 0], "oprf_d_rs": [16944, 83297], "aby_online_d_rs": [24623, 24622], "aby_setup_d_rs": [1042475, 1042467], "aby_total_d_rs": [1067098, 1067089], "aby_baseot_d_rs": [49956, 49956], "total_d_rs": [1216778, 1150386], "nobase_d_rs": [1149922, 1100357]}, "batch": "Unbalanced10AnalyticsDA_2"}