{"setup": "desktop-app", "repeat": 16, "parameters": {"client_neles": 1024, "server_neles": 4096, "epsilon": 1.27, "server_ip": "192.168.0.2", "port": 7777, "threads": 1, "threshold": 0, "n_fun": 3, "payload_bl": 2, "fun_type": 0, "overlap": 25, "nmegabins": 17, "poly_size": 976, "bit_len": 51}, "s_output": {"result": 0, "hashing_t": 7.51742, "oprf_t": 753.432, "poly_t": 265.651, "poly_trans_t": 5.43089, "aby_online_t": 11.451, "aby_setup_t": 108.356, "aby_total_t": 119.807, "aby_baseot_t": 504.998, "total_t": 1710.52, "nobase_t": 926.617, "poly_d_rs": [0, 132736], "oprf_d_rs": [83297, 16944], "aby_online_d_rs": [24614, 24614], "aby_setup_d_rs": [1042475, 1042475], "aby_total_d_rs": [1067089, 1067089], "aby_baseot_d_rs": [49956, 49956], "total_d_rs": [1150386, 1216769], "nobase_d_rs": [1100357, 1149913]}, "c_output": {"result": 0, "hashing_t": 1.146, "oprf_t": 734.129, "poly_t": 26.908, "poly_trans_t": 271.993, "aby_online_t": 15.359, "aby_setup_t": 108.024, "aby_total_t": 123.383, "aby_baseot_t": 505.836, "total_t": 1711.47, "nobase_t": 506.479, "poly_d_rs": [132736, 0], "oprf_d_rs": [16944, 83297], "aby_online_d_rs": [24623, 24614], "aby_setup_d_rs": [1042475, 1042475], "aby_total_d_rs": [1067098, 1067089], "aby_baseot_d_rs": [49956, 49948], "total_d_rs": [1216778, 1150386], "nobase_d_rs": [1149922, 1100365]}, "batch": "Unbalanced10AnalyticsDA_2"}