{"setup": "desktop-app", "repeat": 18, "parameters": {"client_neles": 1024, "server_neles": 2048, "epsilon": 1.27, "server_ip": "192.168.0.2", "port": 7777, "threads": 1, "threshold": 0, "n_fun": 3, "payload_bl": 2, "fun_type": 0, "overlap": 25, "nmegabins": 9, "poly_size": 965, "bit_len": 60}, "s_output": {"result": 0, "hashing_t": 8.32909, "oprf_t": 762.733, "poly_t": 178.478, "poly_trans_t": 0.033649, "aby_online_t": 20.531, "aby_setup_t": 175.657, "aby_total_t": 196.188, "aby_baseot_t": 513.816, "total_t": 1718.91, "nobase_t": 882.528, "poly_d_rs": [0, 69480], "oprf_d_rs": [83297, 16944], "aby_online_d_rs": [29000, 29000], "aby_setup_d_rs": [1228843, 1228843], "aby_total_d_rs": [1257843, 1257843], "aby_baseot_d_rs": [49956, 49956], "total_d_rs": [1341140, 1344267], "nobase_d_rs": [1291111, 1277411]}, "c_output": {"result": 0, "hashing_t": 0.898, "oprf_t": 751.695, "poly_t": 25.782, "poly_trans_t": 178.081, "aby_online_t": 20.871, "aby_setup_t": 175.661, "aby_total_t": 196.532, "aby_baseot_t": 515.488, "total_t": 1718.12, "nobase_t": 476.695, "poly_d_rs": [69480, 0], "oprf_d_rs": [16944, 83297], "aby_online_d_rs": [29000, 28991], "aby_setup_d_rs": [1228843, 1228843], "aby_total_d_rs": [1257843, 1257834], "aby_baseot_d_rs": [49956, 49947], "total_d_rs": [1344267, 1341131], "nobase_d_rs": [1277411, 1291111]}, "batch": "Unbalanced10AnalyticsDA_2"}