{"setup": "desktop-app", "repeat": 5, "parameters": {"client_neles": 1024, "server_neles": 1024, "epsilon": 1.27, "server_ip": "192.168.0.2", "port": 7777, "threads": 1, "threshold": 0, "n_fun": 3, "payload_bl": 2, "fun_type": 0, "overlap": 25, "nmegabins": 4, "poly_size": 947, "bit_len": 60}, "network": {"type": "WAN", "delay": 60, "loss": null, "rateDown": 230, "rateUp": 230}, "s_output": {"rtt": 71.1439, "throughput": 15.0451, "result": 0, "hashing_t": 4.11941, "oprf_t": 1204.63, "poly_t": 245.442, "poly_trans_t": 0.022078, "aby_online_t": 286.37, "aby_setup_t": 1500.72, "aby_total_t": 1787.09, "aby_baseot_t": 10197.6, "total_t": 14562.2, "nobase_t": 3742.07, "poly_d_rs": [0, 30304], "oprf_d_rs": [83297, 16944], "aby_online_d_rs": [28999, 29000], "aby_setup_d_rs": [1228844, 1228843], "aby_total_d_rs": [1257843, 1257843], "aby_baseot_d_rs": [67159124, 67159124], "total_d_rs": [1341140, 1305091], "nobase_d_rs": [18446744073643733559, 18446744073643680683]}, "c_output": {"result": 0, "hashing_t": 2.886, "oprf_t": 1059.55, "poly_t": 23.072, "poly_trans_t": 224.777, "aby_online_t": 349.605, "aby_setup_t": 1503.85, "aby_total_t": 1853.46, "aby_baseot_t": 10193.4, "total_t": 14623.2, "nobase_t": 3467.18, "poly_d_rs": [30304, 0], "oprf_d_rs": [16944, 83297], "aby_online_d_rs": [29000, 29000], "aby_setup_d_rs": [1228843, 1228852], "aby_total_d_rs": [1257843, 1257852], "aby_baseot_d_rs": [67159124, 67159115], "total_d_rs": [1305091, 1341149], "nobase_d_rs": [18446744073643680683, 18446744073643733577]}, "batch": "NetworkDebugging_WANRTT60"}