{"setup": "desktop-app", "repeat": 7, "parameters": {"client_neles": 1024, "server_neles": 1024, "epsilon": 1.27, "server_ip": "192.168.0.2", "port": 7777, "threads": 1, "threshold": 0, "n_fun": 3, "payload_bl": 2, "fun_type": 0, "overlap": 25, "nmegabins": 4, "poly_size": 947, "bit_len": 60}, "network": {"type": "WAN", "delay": 60, "loss": null, "rateDown": 230, "rateUp": 230}, "s_output": {"rtt": 69.4709, "throughput": 8.05851, "result": 0, "hashing_t": 4.37382, "oprf_t": 1216.29, "poly_t": 156.233, "poly_trans_t": 0.024101, "aby_online_t": 297.676, "aby_setup_t": 584.345, "aby_total_t": 882.021, "aby_baseot_t": 17534.5, "total_t": 20927.6, "nobase_t": 2811.57, "poly_d_rs": [0, 30304], "oprf_d_rs": [83297, 16944], "aby_online_d_rs": [29009, 29000], "aby_setup_d_rs": [1228843, 1228843], "aby_total_d_rs": [1257852, 1257843], "aby_baseot_d_rs": [67159124, 67159124], "total_d_rs": [1341149, 1305091], "nobase_d_rs": [18446744073643733568, 18446744073643680683]}, "c_output": {"result": 0, "hashing_t": 2.575, "oprf_t": 1083.5, "poly_t": 28.599, "poly_trans_t": 200.459, "aby_online_t": 294.174, "aby_setup_t": 580.681, "aby_total_t": 874.855, "aby_baseot_t": 17546.2, "total_t": 20926.5, "nobase_t": 2396.43, "poly_d_rs": [30304, 0], "oprf_d_rs": [16944, 83297], "aby_online_d_rs": [29000, 28991], "aby_setup_d_rs": [1228843, 1228852], "aby_total_d_rs": [1257843, 1257843], "aby_baseot_d_rs": [67159124, 67159115], "total_d_rs": [1305091, 1341140], "nobase_d_rs": [18446744073643680683, 18446744073643733568]}, "batch": "NetworkDebugging_WANRTT60"}