{"setup": "desktop-app", "repeat": 23, "parameters": {"client_neles": 1024, "server_neles": 1024, "epsilon": 1.27, "server_ip": "192.168.0.2", "port": 7777, "threads": 1, "threshold": 0, "n_fun": 3, "payload_bl": 2, "fun_type": 0, "overlap": 25, "nmegabins": 4, "poly_size": 947, "bit_len": 60}, "network": {"type": "WAN", "delay": 60, "loss": null, "rateDown": 230, "rateUp": 230}, "s_output": {"rtt": 70.3983, "throughput": 7.97104, "result": 0, "hashing_t": 4.11111, "oprf_t": 1178.37, "poly_t": 181.187, "poly_trans_t": 0.024502, "aby_online_t": 288.573, "aby_setup_t": 1498.54, "aby_total_t": 1787.11, "aby_baseot_t": 17735.1, "total_t": 22029.5, "nobase_t": 3715.38, "poly_d_rs": [0, 30304], "oprf_d_rs": [83297, 16944], "aby_online_d_rs": [29000, 29000], "aby_setup_d_rs": [1228843, 1228843], "aby_total_d_rs": [1257843, 1257843], "aby_baseot_d_rs": [67159124, 67159124], "total_d_rs": [1341140, 1305091], "nobase_d_rs": [18446744073643733559, 18446744073643680683]}, "c_output": {"result": 0, "hashing_t": 2.626, "oprf_t": 1040.29, "poly_t": 29.338, "poly_trans_t": 224.141, "aby_online_t": 349.576, "aby_setup_t": 1499.67, "aby_total_t": 1849.25, "aby_baseot_t": 17737.4, "total_t": 22081.2, "nobase_t": 3403.17, "poly_d_rs": [30304, 0], "oprf_d_rs": [16944, 83297], "aby_online_d_rs": [29000, 29000], "aby_setup_d_rs": [1228843, 1228852], "aby_total_d_rs": [1257843, 1257852], "aby_baseot_d_rs": [67159124, 67159115], "total_d_rs": [1305091, 1341149], "nobase_d_rs": [18446744073643680683, 18446744073643733577]}, "batch": "NetworkDebugging_WANRTT60"}