{"setup": "desktop-app", "repeat": 16, "parameters": {"client_neles": 1024, "server_neles": 1024, "epsilon": 1.27, "server_ip": "192.168.0.2", "port": 7777, "threads": 1, "threshold": 0, "n_fun": 3, "payload_bl": 2, "fun_type": 0, "overlap": 25, "nmegabins": 4, "poly_size": 947, "bit_len": 60}, "network": {"type": "WAN", "delay": 60, "loss": null, "rateDown": 230, "rateUp": 230}, "s_output": {"rtt": 70.063, "throughput": 9.44858, "result": 0, "hashing_t": 4.12781, "oprf_t": 1235.56, "poly_t": 234.751, "poly_trans_t": 0.023013, "aby_online_t": 301.394, "aby_setup_t": 609.753, "aby_total_t": 911.147, "aby_baseot_t": 15215.6, "total_t": 18732.7, "nobase_t": 2899.31, "poly_d_rs": [0, 30304], "oprf_d_rs": [83297, 16944], "aby_online_d_rs": [19241, 29000], "aby_setup_d_rs": [1238602, 1228843], "aby_total_d_rs": [1257843, 1257843], "aby_baseot_d_rs": [67159124, 67159124], "total_d_rs": [1341140, 1305091], "nobase_d_rs": [18446744073643733559, 18446744073643680683]}, "c_output": {"result": 0, "hashing_t": 2.563, "oprf_t": 1073.38, "poly_t": 23.423, "poly_trans_t": 228.019, "aby_online_t": 303.358, "aby_setup_t": 605.526, "aby_total_t": 908.884, "aby_baseot_t": 15221.1, "total_t": 18728.2, "nobase_t": 2517.84, "poly_d_rs": [30304, 0], "oprf_d_rs": [16944, 83297], "aby_online_d_rs": [29000, 28991], "aby_setup_d_rs": [1228843, 1228843], "aby_total_d_rs": [1257843, 1257834], "aby_baseot_d_rs": [67159124, 67159124], "total_d_rs": [1305091, 1341131], "nobase_d_rs": [18446744073643680683, 18446744073643733550]}, "batch": "NetworkDebugging_WANRTT60"}