{"setup": "desktop-app", "repeat": 25, "parameters": {"client_neles": 1024, "server_neles": 1024, "epsilon": 1.27, "server_ip": "192.168.0.2", "port": 7777, "threads": 1, "threshold": 0, "n_fun": 3, "payload_bl": 2, "fun_type": 0, "overlap": 25, "nmegabins": 4, "poly_size": 947, "bit_len": 60}, "network": {"type": "WAN", "delay": 60, "loss": null, "rateDown": 230, "rateUp": 230}, "s_output": {"rtt": 71.1375, "throughput": 16.1019, "result": 0, "hashing_t": 4.09005, "oprf_t": 1208.54, "poly_t": 144.232, "poly_trans_t": 0.033959, "aby_online_t": 291.857, "aby_setup_t": 1531.72, "aby_total_t": 1823.57, "aby_baseot_t": 9632.52, "total_t": 13940.6, "nobase_t": 3764.83, "poly_d_rs": [0, 30304], "oprf_d_rs": [83297, 16944], "aby_online_d_rs": [19241, 29000], "aby_setup_d_rs": [1238602, 1228843], "aby_total_d_rs": [1257843, 1257843], "aby_baseot_d_rs": [67159124, 67159124], "total_d_rs": [1341140, 1305091], "nobase_d_rs": [18446744073643733559, 18446744073643680683]}, "c_output": {"result": 0, "hashing_t": 2.715, "oprf_t": 1059.99, "poly_t": 28.615, "poly_trans_t": 195.321, "aby_online_t": 359.504, "aby_setup_t": 1529.34, "aby_total_t": 1888.84, "aby_baseot_t": 9637.36, "total_t": 13998.8, "nobase_t": 3387.54, "poly_d_rs": [30304, 0], "oprf_d_rs": [16944, 83297], "aby_online_d_rs": [29000, 29000], "aby_setup_d_rs": [1228843, 1228843], "aby_total_d_rs": [1257843, 1257843], "aby_baseot_d_rs": [67159124, 67159124], "total_d_rs": [1305091, 1341140], "nobase_d_rs": [18446744073643680683, 18446744073643733559]}, "batch": "NetworkDebugging_WANRTT60"}