{"setup": "desktop-app", "repeat": 13, "parameters": {"client_neles": 1024, "server_neles": 1024, "epsilon": 1.27, "server_ip": "192.168.0.2", "port": 7777, "threads": 1, "threshold": 0, "n_fun": 3, "payload_bl": 2, "fun_type": 0, "overlap": 25, "nmegabins": 4, "poly_size": 947, "bit_len": 60}, "network": {"type": "WAN", "delay": 60, "loss": null, "rateDown": 230, "rateUp": 230}, "s_output": {"rtt": 70.8853, "throughput": 9.45894, "result": 0, "hashing_t": 1.00704, "oprf_t": 1227.1, "poly_t": 138.247, "poly_trans_t": 0.036106, "aby_online_t": 284.259, "aby_setup_t": 585.417, "aby_total_t": 869.676, "aby_baseot_t": 15213.7, "total_t": 18587.3, "nobase_t": 2795.77, "poly_d_rs": [0, 30304], "oprf_d_rs": [83297, 16944], "aby_online_d_rs": [29000, 29000], "aby_setup_d_rs": [1228843, 1228843], "aby_total_d_rs": [1257843, 1257843], "aby_baseot_d_rs": [67159124, 67159124], "total_d_rs": [1341140, 1305091], "nobase_d_rs": [18446744073643733559, 18446744073643680683]}, "c_output": {"result": 0, "hashing_t": 2.623, "oprf_t": 1093.64, "poly_t": 31.427, "poly_trans_t": 190.02, "aby_online_t": 290.377, "aby_setup_t": 583.801, "aby_total_t": 874.178, "aby_baseot_t": 15223.8, "total_t": 18597.0, "nobase_t": 2390.5, "poly_d_rs": [30304, 0], "oprf_d_rs": [16944, 83297], "aby_online_d_rs": [29000, 29000], "aby_setup_d_rs": [1228843, 1228843], "aby_total_d_rs": [1257843, 1257843], "aby_baseot_d_rs": [67159124, 67159124], "total_d_rs": [1305091, 1341140], "nobase_d_rs": [18446744073643680683, 18446744073643733559]}, "batch": "NetworkDebugging_WANRTT60"}