{"setup": "desktop-app", "repeat": 2, "parameters": {"client_neles": 1024, "server_neles": 1024, "epsilon": 1.27, "server_ip": "192.168.0.2", "port": 7777, "threads": 1, "threshold": 0, "n_fun": 3, "payload_bl": 2, "fun_type": 0, "overlap": 25, "nmegabins": 4, "poly_size": 947, "bit_len": 60}, "network": {"type": "WAN", "delay": 60, "loss": null, "rateDown": 230, "rateUp": 230}, "s_output": {"rtt": 70.8876, "throughput": 9.74071, "result": 0, "hashing_t": 1.71473, "oprf_t": 1199.39, "poly_t": 207.272, "poly_trans_t": 0.038338, "aby_online_t": 295.729, "aby_setup_t": 1488.94, "aby_total_t": 1784.66, "aby_baseot_t": 14817.0, "total_t": 19145.6, "nobase_t": 3772.24, "poly_d_rs": [0, 30304], "oprf_d_rs": [83297, 16944], "aby_online_d_rs": [28991, 29000], "aby_setup_d_rs": [1228852, 1228843], "aby_total_d_rs": [1257843, 1257843], "aby_baseot_d_rs": [67159124, 67159124], "total_d_rs": [1341140, 1305091], "nobase_d_rs": [18446744073643733559, 18446744073643680683]}, "c_output": {"result": 0, "hashing_t": 2.622, "oprf_t": 1058.8, "poly_t": 22.938, "poly_trans_t": 187.508, "aby_online_t": 365.668, "aby_setup_t": 1485.8, "aby_total_t": 1851.47, "aby_baseot_t": 14826.9, "total_t": 19216.6, "nobase_t": 3428.2, "poly_d_rs": [30304, 0], "oprf_d_rs": [16944, 83297], "aby_online_d_rs": [29009, 29000], "aby_setup_d_rs": [1228843, 1228852], "aby_total_d_rs": [1257852, 1257852], "aby_baseot_d_rs": [67159124, 67159115], "total_d_rs": [1305100, 1341149], "nobase_d_rs": [18446744073643680692, 18446744073643733577]}, "batch": "NetworkDebugging_WANRTT60"}