{"setup": "desktop-app", "repeat": 3, "parameters": {"client_neles": 1024, "server_neles": 1024, "epsilon": 1.27, "server_ip": "192.168.0.2", "port": 7777, "threads": 1, "threshold": 0, "n_fun": 3, "payload_bl": 2, "fun_type": 0, "overlap": 25, "nmegabins": 4, "poly_size": 947, "bit_len": 60}, "network": {"type": "WAN", "delay": 60, "loss": null, "rateDown": 230, "rateUp": 230}, "s_output": {"rtt": 71.3105, "throughput": 8.3694, "result": 0, "hashing_t": 1.77828, "oprf_t": 1179.48, "poly_t": 170.333, "poly_trans_t": 0.024825, "aby_online_t": 298.44, "aby_setup_t": 1493.48, "aby_total_t": 1791.92, "aby_baseot_t": 16978.0, "total_t": 21257.5, "nobase_t": 3684.31, "poly_d_rs": [0, 30304], "oprf_d_rs": [83297, 16944], "aby_online_d_rs": [19241, 29000], "aby_setup_d_rs": [1238602, 1228843], "aby_total_d_rs": [1257843, 1257843], "aby_baseot_d_rs": [67159124, 67159124], "total_d_rs": [1341140, 1305091], "nobase_d_rs": [18446744073643733559, 18446744073643680683]}, "c_output": {"result": 0, "hashing_t": 2.62, "oprf_t": 1030.09, "poly_t": 32.468, "poly_trans_t": 214.728, "aby_online_t": 342.303, "aby_setup_t": 1487.3, "aby_total_t": 1829.6, "aby_baseot_t": 16987.8, "total_t": 21294.2, "nobase_t": 3351.16, "poly_d_rs": [30304, 0], "oprf_d_rs": [16944, 83297], "aby_online_d_rs": [29000, 29000], "aby_setup_d_rs": [1228843, 1228843], "aby_total_d_rs": [1257843, 1257843], "aby_baseot_d_rs": [67159124, 67159124], "total_d_rs": [1305091, 1341140], "nobase_d_rs": [18446744073643680683, 18446744073643733559]}, "batch": "NetworkDebugging_WANRTT60"}