{"setup": "desktop-app", "repeat": 12, "parameters": {"client_neles": 1024, "server_neles": 1024, "epsilon": 1.27, "server_ip": "192.168.0.2", "port": 7777, "threads": 1, "threshold": 0, "n_fun": 3, "payload_bl": 2, "fun_type": 0, "overlap": 25, "nmegabins": 4, "poly_size": 947, "bit_len": 60}, "network": {"type": "WAN", "delay": 60, "loss": null, "rateDown": 230, "rateUp": 230}, "s_output": {"rtt": 69.8081, "throughput": 8.06559, "result": 0, "hashing_t": 1.40628, "oprf_t": 1139.97, "poly_t": 145.305, "poly_trans_t": 0.037202, "aby_online_t": 287.281, "aby_setup_t": 1146.73, "aby_total_t": 1434.01, "aby_baseot_t": 17527.6, "total_t": 21370.6, "nobase_t": 3282.98, "poly_d_rs": [0, 30304], "oprf_d_rs": [83297, 16944], "aby_online_d_rs": [28991, 29000], "aby_setup_d_rs": [1228852, 1228843], "aby_total_d_rs": [1257843, 1257843], "aby_baseot_d_rs": [67159124, 67159124], "total_d_rs": [1341140, 1305091], "nobase_d_rs": [18446744073643733559, 18446744073643680683]}, "c_output": {"result": 0, "hashing_t": 2.616, "oprf_t": 997.418, "poly_t": 29.603, "poly_trans_t": 190.418, "aby_online_t": 294.481, "aby_setup_t": 1142.66, "aby_total_t": 1437.14, "aby_baseot_t": 17535.2, "total_t": 21375.7, "nobase_t": 2931.85, "poly_d_rs": [30304, 0], "oprf_d_rs": [16944, 83297], "aby_online_d_rs": [29000, 29000], "aby_setup_d_rs": [1228843, 1228843], "aby_total_d_rs": [1257843, 1257843], "aby_baseot_d_rs": [67159124, 67159124], "total_d_rs": [1305091, 1341140], "nobase_d_rs": [18446744073643680683, 18446744073643733559]}, "batch": "NetworkDebugging_WANRTT60"}