{"setup": "desktop-app", "repeat": 15, "parameters": {"client_neles": 1024, "server_neles": 1024, "epsilon": 1.27, "server_ip": "192.168.0.2", "port": 7777, "threads": 1, "threshold": 0, "n_fun": 3, "payload_bl": 2, "fun_type": 0, "overlap": 25, "nmegabins": 4, "poly_size": 947, "bit_len": 60}, "network": {"type": "WAN", "delay": 60, "loss": null, "rateDown": 230, "rateUp": 230}, "s_output": {"rtt": 71.2741, "throughput": 10.2852, "result": 0, "hashing_t": 4.06967, "oprf_t": 1098.5, "poly_t": 142.757, "poly_trans_t": 0.03731, "aby_online_t": 295.941, "aby_setup_t": 624.362, "aby_total_t": 920.303, "aby_baseot_t": 14130.4, "total_t": 17448.1, "nobase_t": 2762.93, "poly_d_rs": [0, 30304], "oprf_d_rs": [83297, 16944], "aby_online_d_rs": [28999, 29000], "aby_setup_d_rs": [1228844, 1228843], "aby_total_d_rs": [1257843, 1257843], "aby_baseot_d_rs": [67159124, 67159124], "total_d_rs": [1341140, 1305091], "nobase_d_rs": [18446744073643733559, 18446744073643680683]}, "c_output": {"result": 0, "hashing_t": 2.576, "oprf_t": 953.118, "poly_t": 32.161, "poly_trans_t": 205.875, "aby_online_t": 292.021, "aby_setup_t": 624.546, "aby_total_t": 916.567, "aby_baseot_t": 14137.7, "total_t": 17439.1, "nobase_t": 2421.73, "poly_d_rs": [30304, 0], "oprf_d_rs": [16944, 83297], "aby_online_d_rs": [29000, 29000], "aby_setup_d_rs": [1228843, 1228852], "aby_total_d_rs": [1257843, 1257852], "aby_baseot_d_rs": [67159124, 67159115], "total_d_rs": [1305091, 1341149], "nobase_d_rs": [18446744073643680683, 18446744073643733577]}, "batch": "NetworkDebugging_WANRTT60"}