{"setup": "desktop-app", "repeat": 9, "parameters": {"client_neles": 1024, "server_neles": 1024, "epsilon": 1.27, "server_ip": "192.168.0.2", "port": 7777, "threads": 1, "threshold": 0, "n_fun": 3, "payload_bl": 2, "fun_type": 0, "overlap": 25, "nmegabins": 4, "poly_size": 947, "bit_len": 60}, "network": {"type": "WAN", "delay": 60, "loss": null, "rateDown": 230, "rateUp": 230}, "s_output": {"rtt": 70.6596, "throughput": 7.86516, "result": 0, "hashing_t": 1.57837, "oprf_t": 1161.24, "poly_t": 151.662, "poly_trans_t": 0.025176, "aby_online_t": 290.951, "aby_setup_t": 1486.73, "aby_total_t": 1777.68, "aby_baseot_t": 17952.1, "total_t": 22188.8, "nobase_t": 3623.95, "poly_d_rs": [0, 30304], "oprf_d_rs": [83297, 16944], "aby_online_d_rs": [28991, 29000], "aby_setup_d_rs": [1228852, 1228843], "aby_total_d_rs": [1257843, 1257843], "aby_baseot_d_rs": [67159124, 67159124], "total_d_rs": [1341140, 1305091], "nobase_d_rs": [18446744073643733559, 18446744073643680683]}, "c_output": {"result": 0, "hashing_t": 2.619, "oprf_t": 1016.27, "poly_t": 34.422, "poly_trans_t": 211.224, "aby_online_t": 359.802, "aby_setup_t": 1484.13, "aby_total_t": 1843.93, "aby_baseot_t": 17959.4, "total_t": 22250.6, "nobase_t": 3364.36, "poly_d_rs": [30304, 0], "oprf_d_rs": [16944, 83297], "aby_online_d_rs": [29000, 29000], "aby_setup_d_rs": [1228843, 1228843], "aby_total_d_rs": [1257843, 1257843], "aby_baseot_d_rs": [67159124, 67159124], "total_d_rs": [1305091, 1341140], "nobase_d_rs": [18446744073643680683, 18446744073643733559]}, "batch": "NetworkDebugging_WANRTT60"}