{"setup": "desktop-app", "repeat": 24, "parameters": {"client_neles": 1024, "server_neles": 1024, "epsilon": 1.27, "server_ip": "192.168.0.2", "port": 7777, "threads": 1, "threshold": 0, "n_fun": 3, "payload_bl": 2, "fun_type": 0, "overlap": 25, "nmegabins": 4, "poly_size": 947, "bit_len": 60}, "network": {"type": "WAN", "delay": 60, "loss": null, "rateDown": 230, "rateUp": 230}, "s_output": {"rtt": 71.4513, "throughput": 8.09721, "result": 0, "hashing_t": 0.981973, "oprf_t": 1243.56, "poly_t": 134.316, "poly_trans_t": 0.038265, "aby_online_t": 297.942, "aby_setup_t": 578.411, "aby_total_t": 876.353, "aby_baseot_t": 17490.9, "total_t": 20873.9, "nobase_t": 2744.32, "poly_d_rs": [0, 30304], "oprf_d_rs": [83297, 16944], "aby_online_d_rs": [29000, 29000], "aby_setup_d_rs": [1228843, 1228843], "aby_total_d_rs": [1257843, 1257843], "aby_baseot_d_rs": [67159124, 67159124], "total_d_rs": [1341140, 1305091], "nobase_d_rs": [18446744073643733559, 18446744073643680683]}, "c_output": {"result": 0, "hashing_t": 1.356, "oprf_t": 1104.43, "poly_t": 30.654, "poly_trans_t": 188.23, "aby_online_t": 301.439, "aby_setup_t": 574.163, "aby_total_t": 875.602, "aby_baseot_t": 17495.8, "total_t": 20873.4, "nobase_t": 2372.36, "poly_d_rs": [30304, 0], "oprf_d_rs": [16944, 83297], "aby_online_d_rs": [29000, 28991], "aby_setup_d_rs": [1228843, 1228843], "aby_total_d_rs": [1257843, 1257834], "aby_baseot_d_rs": [67159124, 67159124], "total_d_rs": [1305091, 1341131], "nobase_d_rs": [18446744073643680683, 18446744073643733550]}, "batch": "NetworkDebugging_WANRTT60"}