{"setup": "desktop-app", "repeat": 10, "parameters": {"client_neles": 1024, "server_neles": 1024, "epsilon": 1.27, "server_ip": "192.168.0.2", "port": 7777, "threads": 1, "threshold": 0, "n_fun": 3, "payload_bl": 2, "fun_type": 0, "overlap": 25, "nmegabins": 4, "poly_size": 947, "bit_len": 60}, "network": {"type": "WAN", "delay": 60, "loss": null, "rateDown": 230, "rateUp": 230}, "s_output": {"rtt": 70.5876, "throughput": 15.2676, "result": 0, "hashing_t": 1.06977, "oprf_t": 1218.55, "poly_t": 139.227, "poly_trans_t": 0.034482, "aby_online_t": 287.612, "aby_setup_t": 1129.37, "aby_total_t": 1416.98, "aby_baseot_t": 10095.4, "total_t": 13996.6, "nobase_t": 3282.72, "poly_d_rs": [0, 30304], "oprf_d_rs": [83297, 16944], "aby_online_d_rs": [28991, 29000], "aby_setup_d_rs": [1228852, 1228843], "aby_total_d_rs": [1257843, 1257843], "aby_baseot_d_rs": [67159124, 67159124], "total_d_rs": [1341140, 1305091], "nobase_d_rs": [18446744073643733559, 18446744073643680683]}, "c_output": {"result": 0, "hashing_t": 2.613, "oprf_t": 1072.63, "poly_t": 23.373, "poly_trans_t": 193.917, "aby_online_t": 286.422, "aby_setup_t": 1131.49, "aby_total_t": 1417.91, "aby_baseot_t": 10093.6, "total_t": 13991.0, "nobase_t": 2922.36, "poly_d_rs": [30304, 0], "oprf_d_rs": [16944, 83297], "aby_online_d_rs": [29000, 28991], "aby_setup_d_rs": [1228843, 1228852], "aby_total_d_rs": [1257843, 1257843], "aby_baseot_d_rs": [67159124, 67159115], "total_d_rs": [1305091, 1341140], "nobase_d_rs": [18446744073643680683, 18446744073643733568]}, "batch": "NetworkDebugging_WANRTT60"}