{"setup": "desktop-app", "repeat": 18, "parameters": {"client_neles": 1024, "server_neles": 1024, "epsilon": 1.27, "server_ip": "192.168.0.2", "port": 7777, "threads": 1, "threshold": 0, "n_fun": 3, "payload_bl": 2, "fun_type": 0, "overlap": 25, "nmegabins": 4, "poly_size": 947, "bit_len": 60}, "network": {"type": "WAN", "delay": 60, "loss": null, "rateDown": 230, "rateUp": 230}, "s_output": {"rtt": 70.6816, "throughput": 7.74067, "result": 0, "hashing_t": 1.62934, "oprf_t": 1127.12, "poly_t": 238.322, "poly_trans_t": 0.023896, "aby_online_t": 291.689, "aby_setup_t": 1502.48, "aby_total_t": 1794.17, "aby_baseot_t": 18211.5, "total_t": 22513.5, "nobase_t": 3725.54, "poly_d_rs": [0, 30304], "oprf_d_rs": [83297, 16944], "aby_online_d_rs": [29000, 28991], "aby_setup_d_rs": [1228843, 1228843], "aby_total_d_rs": [1257843, 1257834], "aby_baseot_d_rs": [67159124, 67159124], "total_d_rs": [1341140, 1305082], "nobase_d_rs": [18446744073643733559, 18446744073643680674]}, "c_output": {"result": 0, "hashing_t": 2.668, "oprf_t": 966.613, "poly_t": 29.191, "poly_trans_t": 219.448, "aby_online_t": 365.171, "aby_setup_t": 1500.22, "aby_total_t": 1865.39, "aby_baseot_t": 18215.7, "total_t": 22576.2, "nobase_t": 3473.68, "poly_d_rs": [30304, 0], "oprf_d_rs": [16944, 83297], "aby_online_d_rs": [29009, 29000], "aby_setup_d_rs": [1228843, 1228843], "aby_total_d_rs": [1257852, 1257843], "aby_baseot_d_rs": [67159124, 67159124], "total_d_rs": [1305100, 1341140], "nobase_d_rs": [18446744073643680692, 18446744073643733559]}, "batch": "NetworkDebugging_WANRTT60"}