{"setup": "desktop-app", "repeat": 21, "parameters": {"client_neles": 1024, "server_neles": 1024, "epsilon": 1.27, "server_ip": "192.168.0.2", "port": 7777, "threads": 1, "threshold": 0, "n_fun": 3, "payload_bl": 2, "fun_type": 0, "overlap": 25, "nmegabins": 4, "poly_size": 947, "bit_len": 60}, "network": {"type": "WAN", "delay": 60, "loss": null, "rateDown": 230, "rateUp": 230}, "s_output": {"rtt": 70.7036, "throughput": 8.92699, "result": 0, "hashing_t": 4.18103, "oprf_t": 1263.33, "poly_t": 169.47, "poly_trans_t": 0.023766, "aby_online_t": 297.318, "aby_setup_t": 865.818, "aby_total_t": 1163.14, "aby_baseot_t": 16023.2, "total_t": 19778.8, "nobase_t": 3115.36, "poly_d_rs": [0, 30304], "oprf_d_rs": [83297, 16944], "aby_online_d_rs": [28999, 29000], "aby_setup_d_rs": [1228844, 1228843], "aby_total_d_rs": [1257843, 1257843], "aby_baseot_d_rs": [67159124, 67159124], "total_d_rs": [1341140, 1305091], "nobase_d_rs": [18446744073643733559, 18446744073643680683]}, "c_output": {"result": 0, "hashing_t": 2.623, "oprf_t": 1122.05, "poly_t": 31.723, "poly_trans_t": 226.335, "aby_online_t": 291.891, "aby_setup_t": 868.737, "aby_total_t": 1160.63, "aby_baseot_t": 16025.4, "total_t": 19774.3, "nobase_t": 2735.31, "poly_d_rs": [30304, 0], "oprf_d_rs": [16944, 83297], "aby_online_d_rs": [29000, 28991], "aby_setup_d_rs": [1228843, 1228843], "aby_total_d_rs": [1257843, 1257834], "aby_baseot_d_rs": [67159124, 67159124], "total_d_rs": [1305091, 1341131], "nobase_d_rs": [18446744073643680683, 18446744073643733550]}, "batch": "NetworkDebugging_WANRTT60"}