{"setup": "desktop-app", "repeat": 8, "parameters": {"client_neles": 1024, "server_neles": 1024, "epsilon": 1.27, "server_ip": "192.168.0.2", "port": 7777, "threads": 1, "threshold": 0, "n_fun": 3, "payload_bl": 2, "fun_type": 0, "overlap": 25, "nmegabins": 4, "poly_size": 947, "bit_len": 60}, "network": {"type": "WAN", "delay": 60, "loss": null, "rateDown": 230, "rateUp": 230}, "s_output": {"rtt": 70.0908, "throughput": 8.77406, "result": 0, "hashing_t": 4.08762, "oprf_t": 1280.65, "poly_t": 135.422, "poly_trans_t": 0.045411, "aby_online_t": 282.507, "aby_setup_t": 609.444, "aby_total_t": 891.951, "aby_baseot_t": 16251.7, "total_t": 19690.7, "nobase_t": 2809.6, "poly_d_rs": [0, 30304], "oprf_d_rs": [83297, 16944], "aby_online_d_rs": [28999, 29000], "aby_setup_d_rs": [1228844, 1228843], "aby_total_d_rs": [1257843, 1257843], "aby_baseot_d_rs": [67159124, 67159124], "total_d_rs": [1341140, 1305091], "nobase_d_rs": [18446744073643733559, 18446744073643680683]}, "c_output": {"result": 0, "hashing_t": 1.342, "oprf_t": 1142.93, "poly_t": 26.651, "poly_trans_t": 189.781, "aby_online_t": 290.18, "aby_setup_t": 605.37, "aby_total_t": 895.55, "aby_baseot_t": 16259.7, "total_t": 19701.2, "nobase_t": 2417.81, "poly_d_rs": [30304, 0], "oprf_d_rs": [16944, 83297], "aby_online_d_rs": [29000, 29000], "aby_setup_d_rs": [1228843, 1228843], "aby_total_d_rs": [1257843, 1257843], "aby_baseot_d_rs": [67159124, 67159124], "total_d_rs": [1305091, 1341140], "nobase_d_rs": [18446744073643680683, 18446744073643733559]}, "batch": "NetworkDebugging_WANRTT60"}