{"setup": "desktop-app", "repeat": 11, "parameters": {"client_neles": 1024, "server_neles": 1024, "epsilon": 1.27, "server_ip": "192.168.0.2", "port": 7777, "threads": 1, "threshold": 0, "n_fun": 3, "payload_bl": 2, "fun_type": 0, "overlap": 25, "nmegabins": 4, "poly_size": 947, "bit_len": 60}, "network": {"type": "WAN", "delay": 60, "loss": null, "rateDown": 230, "rateUp": 230}, "s_output": {"rtt": 70.8603, "throughput": 7.59655, "result": 0, "hashing_t": 0.952667, "oprf_t": 1183.94, "poly_t": 143.135, "poly_trans_t": 0.037735, "aby_online_t": 291.931, "aby_setup_t": 876.805, "aby_total_t": 1168.74, "aby_baseot_t": 18525.2, "total_t": 22178.6, "nobase_t": 3097.61, "poly_d_rs": [0, 30304], "oprf_d_rs": [83297, 16944], "aby_online_d_rs": [28991, 29000], "aby_setup_d_rs": [1228852, 1228843], "aby_total_d_rs": [1257843, 1257843], "aby_baseot_d_rs": [67159124, 67159124], "total_d_rs": [1341140, 1305091], "nobase_d_rs": [18446744073643733559, 18446744073643680683]}, "c_output": {"result": 0, "hashing_t": 2.603, "oprf_t": 1034.09, "poly_t": 29.724, "poly_trans_t": 190.71, "aby_online_t": 291.944, "aby_setup_t": 871.329, "aby_total_t": 1163.27, "aby_baseot_t": 18533.7, "total_t": 22170.8, "nobase_t": 2707.62, "poly_d_rs": [30304, 0], "oprf_d_rs": [16944, 83297], "aby_online_d_rs": [29000, 28991], "aby_setup_d_rs": [1228843, 1228852], "aby_total_d_rs": [1257843, 1257843], "aby_baseot_d_rs": [67159124, 67159115], "total_d_rs": [1305091, 1341140], "nobase_d_rs": [18446744073643680683, 18446744073643733568]}, "batch": "NetworkDebugging_WANRTT60"}