{"setup": "desktop-app", "repeat": 29, "parameters": {"client_neles": 1024, "server_neles": 1024, "epsilon": 1.27, "server_ip": "192.168.0.2", "port": 7777, "threads": 1, "threshold": 0, "n_fun": 3, "payload_bl": 2, "fun_type": 0, "overlap": 25, "nmegabins": 4, "poly_size": 947, "bit_len": 60}, "network": {"type": "WAN", "delay": 60, "loss": null, "rateDown": 230, "rateUp": 230}, "s_output": {"rtt": 71.2854, "throughput": 8.634, "result": 0, "hashing_t": 4.09763, "oprf_t": 1229.18, "poly_t": 146.092, "poly_trans_t": 0.038322, "aby_online_t": 286.734, "aby_setup_t": 860.755, "aby_total_t": 1147.49, "aby_baseot_t": 16512.5, "total_t": 20160.3, "nobase_t": 3067.24, "poly_d_rs": [0, 30304], "oprf_d_rs": [83297, 16944], "aby_online_d_rs": [28991, 29000], "aby_setup_d_rs": [1228852, 1228843], "aby_total_d_rs": [1257843, 1257843], "aby_baseot_d_rs": [67159124, 67159124], "total_d_rs": [1341140, 1305091], "nobase_d_rs": [18446744073643733559, 18446744073643680683]}, "c_output": {"result": 0, "hashing_t": 2.709, "oprf_t": 1097.5, "poly_t": 27.264, "poly_trans_t": 192.132, "aby_online_t": 289.026, "aby_setup_t": 862.244, "aby_total_t": 1151.27, "aby_baseot_t": 16515.5, "total_t": 20159.0, "nobase_t": 2635.03, "poly_d_rs": [30304, 0], "oprf_d_rs": [16944, 83297], "aby_online_d_rs": [29000, 29000], "aby_setup_d_rs": [1228843, 1228843], "aby_total_d_rs": [1257843, 1257843], "aby_baseot_d_rs": [67159124, 67159124], "total_d_rs": [1305091, 1341140], "nobase_d_rs": [18446744073643680683, 18446744073643733559]}, "batch": "NetworkDebugging_WANRTT60"}