{"setup": "desktop-app", "repeat": 22, "parameters": {"client_neles": 1024, "server_neles": 1024, "epsilon": 1.27, "server_ip": "192.168.0.2", "port": 7777, "threads": 1, "threshold": 0, "n_fun": 3, "payload_bl": 2, "fun_type": 0, "overlap": 25, "nmegabins": 4, "poly_size": 947, "bit_len": 60}, "network": {"type": "WAN", "delay": 60, "loss": null, "rateDown": 230, "rateUp": 230}, "s_output": {"rtt": 72.219, "throughput": 7.69322, "result": 0, "hashing_t": 0.94502, "oprf_t": 1212.05, "poly_t": 147.403, "poly_trans_t": 0.045195, "aby_online_t": 297.136, "aby_setup_t": 1508.0, "aby_total_t": 1805.13, "aby_baseot_t": 18340.7, "total_t": 22641.4, "nobase_t": 3712.95, "poly_d_rs": [0, 30304], "oprf_d_rs": [83297, 16944], "aby_online_d_rs": [28999, 28991], "aby_setup_d_rs": [1228844, 1228843], "aby_total_d_rs": [1257843, 1257834], "aby_baseot_d_rs": [67159124, 67159124], "total_d_rs": [1341140, 1305082], "nobase_d_rs": [18446744073643733559, 18446744073643680674]}, "c_output": {"result": 0, "hashing_t": 2.589, "oprf_t": 1059.67, "poly_t": 33.631, "poly_trans_t": 191.955, "aby_online_t": 358.834, "aby_setup_t": 1514.47, "aby_total_t": 1873.31, "aby_baseot_t": 18340.9, "total_t": 22702.2, "nobase_t": 3379.99, "poly_d_rs": [30304, 0], "oprf_d_rs": [16944, 83297], "aby_online_d_rs": [29000, 29000], "aby_setup_d_rs": [1228843, 1228843], "aby_total_d_rs": [1257843, 1257843], "aby_baseot_d_rs": [67159124, 67159124], "total_d_rs": [1305091, 1341140], "nobase_d_rs": [18446744073643680683, 18446744073643733559]}, "batch": "NetworkDebugging_WANRTT60"}