{"setup": "desktop-app", "repeat": 26, "parameters": {"client_neles": 1024, "server_neles": 1024, "epsilon": 1.27, "server_ip": "192.168.0.2", "port": 7777, "threads": 1, "threshold": 0, "n_fun": 3, "payload_bl": 2, "fun_type": 0, "overlap": 25, "nmegabins": 4, "poly_size": 947, "bit_len": 60}, "network": {"type": "WAN", "delay": 60, "loss": null, "rateDown": 230, "rateUp": 230}, "s_output": {"rtt": 70.8504, "throughput": 8.2138, "result": 0, "hashing_t": 0.946311, "oprf_t": 1200.2, "poly_t": 139.946, "poly_trans_t": 0.030574, "aby_online_t": 293.881, "aby_setup_t": 1138.23, "aby_total_t": 1432.11, "aby_baseot_t": 17283.4, "total_t": 21179.3, "nobase_t": 3336.55, "poly_d_rs": [0, 30304], "oprf_d_rs": [83297, 16944], "aby_online_d_rs": [29000, 28991], "aby_setup_d_rs": [1228843, 1228843], "aby_total_d_rs": [1257843, 1257834], "aby_baseot_d_rs": [67159124, 67159124], "total_d_rs": [1341140, 1305082], "nobase_d_rs": [18446744073643733559, 18446744073643680674]}, "c_output": {"result": 0, "hashing_t": 2.6, "oprf_t": 1064.62, "poly_t": 32.817, "poly_trans_t": 193.657, "aby_online_t": 363.517, "aby_setup_t": 1131.9, "aby_total_t": 1495.42, "aby_baseot_t": 17293.4, "total_t": 21246.3, "nobase_t": 2991.85, "poly_d_rs": [30304, 0], "oprf_d_rs": [16944, 83297], "aby_online_d_rs": [29009, 29000], "aby_setup_d_rs": [1228843, 1228852], "aby_total_d_rs": [1257852, 1257852], "aby_baseot_d_rs": [67159124, 67159115], "total_d_rs": [1305100, 1341149], "nobase_d_rs": [18446744073643680692, 18446744073643733577]}, "batch": "NetworkDebugging_WANRTT60"}