{"setup": "desktop-app", "repeat": 17, "parameters": {"client_neles": 1024, "server_neles": 1024, "epsilon": 1.27, "server_ip": "192.168.0.2", "port": 7777, "threads": 1, "threshold": 0, "n_fun": 3, "payload_bl": 2, "fun_type": 0, "overlap": 25, "nmegabins": 4, "poly_size": 947, "bit_len": 60}, "network": {"type": "WAN", "delay": 60, "loss": null, "rateDown": 230, "rateUp": 230}, "s_output": {"rtt": 71.347, "throughput": 8.5923, "result": 0, "hashing_t": 1.10832, "oprf_t": 1171.13, "poly_t": 162.177, "poly_trans_t": 0.02516, "aby_online_t": 287.528, "aby_setup_t": 1129.21, "aby_total_t": 1416.74, "aby_baseot_t": 16593.6, "total_t": 20494.1, "nobase_t": 3305.19, "poly_d_rs": [0, 30304], "oprf_d_rs": [83297, 16944], "aby_online_d_rs": [29000, 29000], "aby_setup_d_rs": [1228843, 1228843], "aby_total_d_rs": [1257843, 1257843], "aby_baseot_d_rs": [67159124, 67159124], "total_d_rs": [1341140, 1305091], "nobase_d_rs": [18446744073643733559, 18446744073643680683]}, "c_output": {"result": 0, "hashing_t": 2.651, "oprf_t": 1018.8, "poly_t": 29.267, "poly_trans_t": 220.224, "aby_online_t": 287.173, "aby_setup_t": 1135.53, "aby_total_t": 1422.71, "aby_baseot_t": 16595.6, "total_t": 20496.7, "nobase_t": 2981.85, "poly_d_rs": [30304, 0], "oprf_d_rs": [16944, 83297], "aby_online_d_rs": [29000, 29000], "aby_setup_d_rs": [1228843, 1228852], "aby_total_d_rs": [1257843, 1257852], "aby_baseot_d_rs": [67159124, 67159115], "total_d_rs": [1305091, 1341149], "nobase_d_rs": [18446744073643680683, 18446744073643733577]}, "batch": "NetworkDebugging_WANRTT60"}