{"setup": "desktop-app", "repeat": 27, "parameters": {"client_neles": 1024, "server_neles": 1024, "epsilon": 1.27, "server_ip": "192.168.0.2", "port": 7777, "threads": 1, "threshold": 0, "n_fun": 3, "payload_bl": 2, "fun_type": 0, "overlap": 25, "nmegabins": 4, "poly_size": 947, "bit_len": 60}, "network": {"type": "WAN", "delay": 60, "loss": null, "rateDown": 230, "rateUp": 230}, "s_output": {"rtt": 71.3086, "throughput": 7.61838, "result": 0, "hashing_t": 1.12277, "oprf_t": 1178.19, "poly_t": 167.604, "poly_trans_t": 0.025744, "aby_online_t": 290.763, "aby_setup_t": 1134.1, "aby_total_t": 1424.86, "aby_baseot_t": 18491.1, "total_t": 22381.1, "nobase_t": 3307.78, "poly_d_rs": [0, 30304], "oprf_d_rs": [83297, 16944], "aby_online_d_rs": [28999, 29000], "aby_setup_d_rs": [1228844, 1228843], "aby_total_d_rs": [1257843, 1257843], "aby_baseot_d_rs": [67159124, 67159124], "total_d_rs": [1341140, 1305091], "nobase_d_rs": [18446744073643733559, 18446744073643680683]}, "c_output": {"result": 0, "hashing_t": 2.64, "oprf_t": 1039.83, "poly_t": 26.707, "poly_trans_t": 215.154, "aby_online_t": 282.989, "aby_setup_t": 1139.91, "aby_total_t": 1422.9, "aby_baseot_t": 18494.2, "total_t": 22376.0, "nobase_t": 2939.6, "poly_d_rs": [30304, 0], "oprf_d_rs": [16944, 83297], "aby_online_d_rs": [29000, 28991], "aby_setup_d_rs": [1228843, 1228843], "aby_total_d_rs": [1257843, 1257834], "aby_baseot_d_rs": [67159124, 67159124], "total_d_rs": [1305091, 1341131], "nobase_d_rs": [18446744073643680683, 18446744073643733550]}, "batch": "NetworkDebugging_WANRTT60"}